	pc1	pc2	#SNP	iid	pop
0	0.03340242377128382	0.027995047589283506	515740	ABA-035.HO	Karachai.HO
1	0.029476279683193787	0.022317842981878583	515212	ABA-048.HO	Karachai.HO
2	0.0320808516255361	0.024235924079260337	515457	ABA-052.HO	Karachai.HO
3	0.030728413290113672	0.026072435330865548	515690	ABA-056.HO	Karachai.HO
4	0.029638797407551102	0.02420290878472941	515062	ABA-065.HO	Karachai.HO
5	0.032796436687520004	0.021676211027692346	516149	ABA-069.HO	Karachai.HO
6	0.031649275380094634	0.0312083891458985	516275	ABA-078.HO	Karachai.HO
7	0.03303010947999994	0.023904984338244888	516291	ABA-085.HO	Karachai.HO
8	0.030335703744396664	0.029974336038720576	515676	ABA-086.HO	Karachai.HO
9	0.0344260561873756	0.02327282184902187	516262	ABA-091.HO	Karachai.HO
10	0.03328722542954098	0.029996614526610167	515776	ABA-099.HO	Karachai.HO
11	0.02918529413250388	0.028825754067359866	516187	ABA-100.HO	Karachai.HO
12	0.03509473053408605	0.034922388703603376	515843	Adg-185.HO	Adygei.HO
13	0.02819635260744022	0.038284420291399585	515848	Adg-192.HO	Adygei.HO
14	0.028188092990480692	0.035077943489522	516122	Adg-194.HO	Adygei.HO
15	0.021562597090559837	0.02382116401276143	515668	Adg-222.HO	Adygei.HO
16	0.03181324943484538	0.03637894720584076	515360	Adg-224.HO	Adygei.HO
17	0.042662883589976136	0.04200573356360502	516060	Adg-226.HO	Adygei.HO
18	0.039966289087480775	0.03967615936116191	516116	Adg-227.HO	Adygei.HO
19	0.029087326110301112	0.03609834959177971	516156	Adg-238.HO	Adygei.HO
20	0.05915118372454012	0.0023731185037829798	512632	ARK-59.HO	Armenian_Hemsheni.HO
21	0.00938937110750463	0.001815574144934944	515591	ARK-72.HO	Armenian_Hemsheni.HO
22	0.05516695953905145	0.0061459293702669626	515941	ARK-76.HO	Armenian_Hemsheni.HO
23	0.05956697515167088	0.0007345348543024596	515758	ARK-78.HO	Armenian_Hemsheni.HO
24	0.06112502225840161	0.00431573104310747	515667	ARK-82.HO	Armenian_Hemsheni.HO
25	0.055900588825693424	-7.791380439956482e-05	515857	ARK-84.HO	Armenian_Hemsheni.HO
26	0.05749373299820262	0.005153739724246302	515181	ARK-88.HO	Armenian_Hemsheni.HO
27	0.05506736799847751	0.006442991817101243	516247	ARK-89.HO	Armenian_Hemsheni.HO
28	0.03496035181193239	0.01726952467042056	516067	AZR-0853.HO	Azeri.HO
29	0.03641919725362751	0.009306508809287049	515911	AZR-0860.HO	Azeri.HO
30	0.03900822095505993	0.013336287737103086	515910	AZR-0864.HO	Azeri.HO
31	0.04814508024154153	0.006120362083979637	516181	AZR-0865.HO	Azeri.HO
32	0.0423714192154254	0.01307637054812082	516018	AZR-0866.HO	Azeri.HO
33	0.03769301615492112	0.013542867288262542	515771	AZR-0868.HO	Azeri.HO
34	0.0427482581299247	0.018296067485340687	515960	AZR-0869.HO	Azeri.HO
35	0.04314414271982345	0.011710873604228017	516178	AZR-0870.HO	Azeri.HO
36	0.05177602449000722	0.010971715515225064	515347	AZR-1010.HO	Azeri.HO
37	0.04698601398542071	0.008228991474461876	515604	AZR-1012.HO	Azeri.HO
38	0.054947007641277364	0.00900092911486701	514219	AZR-1013.HO	Azeri.HO
39	0.050330575368239705	0.010848270040637337	515919	AZR-1017.HO	Azeri.HO
40	0.050473627196388926	0.004849519571027732	515303	AZR-1018.HO	Azeri.HO
41	0.051168805619855054	0.007175695061679892	515290	AZR-1037.HO	Azeri.HO
42	0.05100483941792122	0.006751655440323799	513205	AZR-1039.HO	Azeri.HO
43	0.055041798861256694	0.004260231828137813	516146	AZR-1054.HO	Azeri.HO
44	0.05163387935506894	0.0054448336374885425	516173	AZR-1058.HO	Azeri.HO
45	0.030680338967234648	0.021088209941845498	514884	CHRK-544.HO	Circassian.HO
46	0.028195726187864503	0.02594700701324747	515662	DAG-090.HO	Tabasaran.HO
47	0.022908396438363367	0.02738916321811215	515814	DAG-122.HO	Tabasaran.HO
48	0.02480954383776133	0.02343214049849999	510117	DAG-123.HO	Tabasaran.HO
49	0.022367504799345607	0.023930569458859716	515792	DAG-124.HO	Tabasaran.HO
50	0.02582796147471015	0.025051507519336155	516026	DAG-127.HO	Tabasaran.HO
51	0.019082538993425092	0.032753012331959694	515950	DAG-146.HO	Darginian.HO
52	0.024910061767714316	0.021251747713448434	515749	DAG-147.HO	Tabasaran.HO
53	0.031935900116741286	0.020628713384148546	516018	DAG-152.HO	Tabasaran.HO
54	0.030569367074631218	0.02622556168690433	515984	DAG-160.HO	Tabasaran.HO
55	0.020887029482973083	0.027525237405166	516063	DAG-161.HO	Darginian.HO
56	0.016842657546020573	0.032233010870139064	515940	DAG-165.HO	Darginian.HO
57	0.019377612896757216	0.029013724976698744	515959	DAG-178.HO	Tabasaran.HO
58	0.02652126996422617	0.027761775090733343	516280	DAG-180.HO	Kubachinian.HO
59	0.02955784209829573	0.021922966836583728	513430	DAG-183.HO	Tabasaran.HO
60	0.020901683962712636	0.028191756076020754	516242	DAG-200.HO	Kubachinian.HO
61	0.0184733029255706	0.03378209244723024	515934	DAG-205.HO	Kubachinian.HO
62	0.018603210111555992	0.03052459309004908	516404	DAG-206.HO	Darginian.HO
63	0.022006910213386043	0.028135093362527445	516360	DAG-210.HO	Kubachinian.HO
64	0.017315643341106995	0.0289885604856236	516002	DAG-211.HO	Kubachinian.HO
65	0.023464011548798003	0.027304152185924618	516296	DAG-213.HO	Kubachinian.HO
66	0.016693550218216162	0.031309584527406044	516448	DAG-225.HO	Darginian.HO
67	0.022150765340257863	0.027581193622863973	512274	DAG-231.HO	Darginian.HO
68	0.02067183495015436	0.025623755490678295	515654	DAG-232.HO	Darginian.HO
69	0.02264544670112519	0.026711299228889415	516049	DAG-325.HO	Lak.HO
70	0.01944243875495524	0.026868478579743213	516153	DAG-335.HO	Lak.HO
71	0.020355722772317578	0.03419828163616055	515908	DAG-336.HO	Lak.HO
72	0.02091434783080021	0.023754332202877964	516355	DAG-344.HO	Lak.HO
73	0.021164873153170727	0.03136318853548784	516079	DAG-350.HO	Darginian.HO
74	0.022214017551086315	0.032267986985781906	516290	DAG-371.HO	Lak.HO
75	0.02084596366745811	0.025049025596331154	516034	DAG-372.HO	Lak.HO
76	0.015921376226684065	0.030026267929040947	516132	DAG-376.HO	Lak.HO
77	0.024237155776479762	0.02789907521392824	516408	DAG-388.HO	Lak.HO
78	0.020085269325832097	0.02518724568412566	516380	DAG-390.HO	Lak.HO
79	0.018573582386281564	0.028702670060125293	515646	DAG-400.HO	Lak.HO
80	0.02790242790185348	0.02509181785244899	516062	DAG-448.HO	Avar.HO
81	0.02358730418236018	0.029369790326376734	516314	DAG-461.HO	Avar.HO
82	0.01926782152113942	0.028599661790600663	516431	DAG-474.HO	Avar.HO
83	0.01699513880636749	0.028399206518628605	516038	DAG-477.HO	Avar.HO
84	0.01712421444969809	0.029592836119765677	516047	DAG-485.HO	Avar.HO
85	0.02216566504569221	0.0304300897113835	516068	DAG-492.HO	Avar.HO
86	0.021063431365381975	0.03026607568831956	516246	DAG-506.HO	Avar.HO
87	0.018378733728334623	0.026411661280855255	516181	DAG-515.HO	Avar.HO
88	0.02448837792251414	0.027884291763790175	516114	DAG06-260.HO	Kaitag.HO
89	0.020543737558127582	0.027311319329411655	516118	DAG06-261.HO	Kaitag.HO
90	0.022443171414530533	0.024697313556720092	515731	DAG06-262.HO	Kaitag.HO
91	0.018999020176638747	0.02007256922315059	516177	DAG06-578.HO	Kaitag.HO
92	0.021390943272363405	0.022849913648758175	516055	DAG06-786.HO	Kaitag.HO
93	0.017854103524897677	0.02949067967005395	515909	DAG06-824.HO	Kaitag.HO
94	0.012592450730386342	0.03335428944141765	516028	DAG06-826.HO	Kaitag.HO
95	0.017476839094971948	0.02594921077890985	516000	DAG06-830.HO	Kaitag.HO
96	0.05503240742301204	0.0050314163556186	511653	EZI-001.HO	Ezid.HO
97	0.053728379043773616	0.00550455407427571	507964	EZI-010.HO	Ezid.HO
98	0.058016913935219475	0.0033778754660355598	509769	EZI-012.HO	Ezid.HO
99	0.05221157662369489	0.0016038015080162295	512888	EZI-013.HO	Ezid.HO
100	0.05179840460286293	0.007927601890819548	513003	EZI-020.HO	Ezid.HO
101	0.057280727971559274	-0.000950793109605284	502476	EZI-029.HO	Ezid.HO
102	0.057680847595977885	0.005902596398873476	512717	EZI-060.HO	Ezid.HO
103	0.05593187121492961	0.0011071679844713578	512392	EZI-074.HO	Ezid.HO
104	0.054648545297248496	0.008174966688020962	501249	GEO-002.HO	Georgian.HO
105	0.050085379405642234	0.015508016617933256	516145	GEO-005.HO	Georgian.HO
106	0.0601216340430295	0.011422620168982614	515922	GEO-010.HO	Georgian.HO
107	0.05945280729441094	0.018244908283354073	516264	GEO-015.HO	Georgian.HO
108	0.05891331910120064	0.012677696033945146	515584	GEO-020.HO	Georgian.HO
109	0.048593763263572586	0.02619946225248058	515766	GEO-028.HO	Georgian.HO
110	0.05643032498441716	0.020738639690573085	516287	GEO-031.HO	Georgian.HO
111	0.05658922545061346	0.019421415243783026	515574	GEO-032.HO	Georgian.HO
112	0.053589851202455935	0.032179120540011014	515501	GEO-039.HO	Georgian.HO
113	0.05451456914074075	0.024716002006628487	514485	GEO-051.HO	Georgian.HO
114	0.056386660857596096	0.03287269697882389	514405	GEO-061.HO	Georgian.HO
115	0.05467782966208815	0.032902002265740804	514295	GEO-082.HO	Georgian.HO
116	0.05876191429087218	0.020455140784293162	510990	GEO001.HO	Georgian.HO
117	0.03581491446155317	0.018430023229281833	511479	ING-1154.HO	Ingushian.HO
118	0.02962600328714256	0.024603961941133883	516094	ING-1167.HO	Ingushian.HO
119	0.03149396506780902	0.022487847578388957	516086	ING-1168.HO	Ingushian.HO
120	0.03077214357523188	0.024971122070151845	515849	ING-1169.HO	Ingushian.HO
121	0.034740607069505214	0.023934615663670184	516208	ING-1176.HO	Ingushian.HO
122	0.034996174484665334	0.019817999805888838	515731	ING-1177.HO	Ingushian.HO
123	0.0326823632954903	0.022083780868081323	516098	ING-1178.HO	Ingushian.HO
124	0.027534890056551697	0.02241671257062712	515704	ING-1179.HO	Ingushian.HO
125	0.02876030845416742	0.023105380750495237	515876	ING-1206.HO	Ingushian.HO
126	0.03416967812389375	0.020357411197601316	510068	ING-1330.HO	Ingushian.HO
127	0.02489790686546901	0.021523247415386797	516090	Kab-5.HO	Kabardinian.HO
128	0.02481208951947765	0.02289511424398288	514617	Kab-10.HO	Kabardinian.HO
129	0.03220391689592496	0.024492690137710115	516000	Kab-13.HO	Kabardinian.HO
130	0.027337592365067095	0.019639693541101195	515141	Kab-16.HO	Kabardinian.HO
131	0.029773233763157488	0.02401651891296766	515345	Kab-18.HO	Kabardinian.HO
132	0.02991866003998859	0.01902047691684215	515367	Kab-24.HO	Kabardinian.HO
133	0.028792562286505133	0.0210474088716002	511869	Kab-26.HO	Kabardinian.HO
134	0.029293220760440167	0.026608922168623202	515877	Kab-30.HO	Kabardinian.HO
135	0.031770614795925925	0.026644400502863083	513816	KCHE-1032.HO	Abazin.HO
136	0.028792517471456384	0.02760579027619029	516138	KCHE-1283.HO	Abazin.HO
137	0.026966856001311258	0.023967438258289904	515529	KCHE-1294.HO	Abazin.HO
138	0.031304102545893255	0.025074862130633008	515782	KCHE-1330.HO	Abazin.HO
139	0.03229313854575597	0.01615431454885467	516040	KCHE-1333.HO	Abazin.HO
140	0.03625776566062891	0.030394828584649553	516314	KCHE-1337.HO	Circassian.HO
141	0.026605748736986637	0.019634551566396645	516248	KCHE-1436.HO	Circassian.HO
142	0.033799858875662954	0.022715501371107855	514451	KCHE-1444.HO	Circassian.HO
143	0.03132637422459344	0.031094372696498816	515747	KCHE-1491.HO	Circassian.HO
144	0.03070695352526588	0.01723315975800399	515715	KCHE-1497.HO	Circassian.HO
145	0.032044740911157	0.01838502147356241	515559	KCHE-1526.HO	Circassian.HO
146	0.03437872497637639	0.02694106372206805	516074	KCHE-1527.HO	Circassian.HO
147	0.027934684287349885	0.02352999859006897	516092	KCHE-1530.HO	Circassian.HO
148	0.03470297486003338	0.021899834582600957	515840	KCHE-1552.HO	Abazin.HO
149	0.03344525444068866	0.025373933431790677	515953	KCHE-1559.HO	Abazin.HO
150	0.027599476431785817	0.024987662794230855	515957	KCHE-1560.HO	Abazin.HO
151	0.05844973162988905	0.006414794306825248	516248	KRD-5.HO	Kurd.HO
152	0.05657126577301412	0.005622944902433338	516165	KRD-8.HO	Kurd.HO
153	0.059972691679340814	0.005968981000210531	516246	KRD-14.HO	Kurd.HO
154	0.059238537400191554	0.008703417377993825	516084	KRD-31.HO	Kurd.HO
155	0.054091668707341584	0.01042908521118595	515726	KRD-40.HO	Kurd.HO
156	0.058052640317991316	0.005303343095509547	515903	KRD-43.HO	Kurd.HO
157	0.054474606972063994	0.0030984821156511614	515923	KRD-45.HO	Kurd.HO
158	0.05189637382811714	0.005749895738129736	516087	KRD-49.HO	Kurd.HO
159	0.03541948315646365	0.021123618838543794	515716	LPGH-139.HO	Kabardinian.HO
160	0.030082346562211957	0.035716192954261115	516157	lpgh-303.HO	Adygei.HO
161	-0.03325700197791273	0.003466871418298565	515919	MOE-001.HO	Mordovian.HO
162	-0.03522281888141236	0.006856602017056087	515942	MOE-002.HO	Mordovian.HO
163	-0.03168267691144664	0.006754752235487048	516373	MOE-010.HO	Mordovian.HO
164	-0.025341880587957763	0.005730782006098242	516220	MOE-014.HO	Mordovian.HO
165	-0.03335209977518239	0.004606167897621118	516092	MOE-015.HO	Mordovian.HO
166	-0.03171215010502818	0.004311151397174132	516310	MOE-020.HO	Mordovian.HO
167	-0.029236372000680737	0.007578778510543297	516405	MOE-025.HO	Mordovian.HO
168	-0.03332581240033451	0.008914416132252993	516388	MOE-036.HO	Mordovian.HO
169	-0.033308426095157995	0.007436368939278444	516398	MOE-043.HO	Mordovian.HO
170	-0.03511836743320659	0.007770613858975846	515885	MOE-045.HO	Mordovian.HO
171	-0.031087824621289905	-0.002995552527123971	510905	MOE-433.HO	Mordovian.HO
172	-0.031784180321428906	0.00637012812889544	516161	MOE-445.HO	Mordovian.HO
173	-0.03129724075000655	0.0011267857959741316	516383	MOE-450.HO	Mordovian.HO
174	-0.03866073316300293	0.003073309152389906	516294	MOE-451.HO	Mordovian.HO
175	-0.03134753023525509	0.0030635459791311576	516393	MOE-452.HO	Mordovian.HO
176	-0.03324117537795331	0.0022203600740757943	516416	MOE-455.HO	Mordovian.HO
177	-0.03678114820347681	0.0034300525634429055	516019	MOE-475.HO	Mordovian.HO
178	-0.035929585581204515	0.0015071245967805487	516309	MOE-485.HO	Mordovian.HO
179	-0.0311510062286472	0.004106187616507681	516057	MOE-491.HO	Mordovian.HO
180	-0.03621869276784214	0.006748476740132243	516203	MOE-492.HO	Mordovian.HO
181	-0.032855848147399086	-0.00048540858443655416	516061	MOE-495.HO	Mordovian.HO
182	-0.0346572983559275	0.00483511181687706	516388	MOE-497.HO	Mordovian.HO
183	0.03854087009941418	0.043192224702522396	515699	OCE-058.HO	Ossetian.HO
184	0.033772696273390246	0.03922905352664421	516304	OCE-155.HO	Ossetian.HO
185	0.0418252969831637	0.03922694346796247	515914	OCE-160.HO	Ossetian.HO
186	0.03575715657355148	0.036577001695220004	515889	OCE-161.HO	Ossetian.HO
187	0.041109064687269575	0.03948608908313276	516272	OCE-195.HO	Ossetian.HO
188	0.041992766333516	0.04157325209442773	511982	OCE-224.HO	Ossetian.HO
189	-0.03862855659774219	-0.002533275220352317	515545	Rbgp-200.HO	Russian.HO
190	-0.03972903355670586	-0.0028029894955222943	514210	Rbgp-201.HO	Russian.HO
191	-0.03266672942177658	-0.0036829532767323294	515337	Rbgp-203.HO	Russian.HO
192	-0.0420523928873049	-0.0029395365257459684	515390	Rbgp-205.HO	Russian.HO
193	-0.043758663985028624	-0.0006517105594341246	515785	Rkbo-12.HO	Russian.HO
194	-0.043398947420330534	0.00489330173961186	516050	Rkbo-16.HO	Russian.HO
195	-0.04371798891541991	-0.0028826379105392846	515602	Rkbo-44.HO	Russian.HO
196	-0.04545220093499376	-0.0023012786159807824	514692	Rkbo-58.HO	Russian.HO
197	-0.04429774183248336	0.011156314044738314	512958	Rksh-402.HO	Russian.HO
198	-0.03854601663152161	-0.0005964236409932223	506821	Rksh-405.HO	Russian.HO
199	-0.039311295423956547	0.0063782598065212255	500540	Rksh-407.HO	Russian.HO
200	-0.04510950908495518	0.0032318734820849767	514351	Rksh-412.HO	Russian.HO
201	-0.03915970272695783	-0.004437870927012014	515350	Rkuch-03.HO	Russian.HO
202	-0.04720609368102664	0.0012298378889662853	515224	Rkuch-05.HO	Russian.HO
203	-0.03145394628723235	-0.0028924412182618204	512983	Rkuch-53.HO	Russian.HO
204	-0.040868335347035815	-0.0005390686211030096	515587	Rkuch-58.HO	Russian.HO
205	-0.0425110737263728	0.002726307281661003	514350	Rorl-102.HO	Russian.HO
206	-0.03800219275971285	0.0003931027238510088	512847	Rorl-110.HO	Russian.HO
207	-0.03675708225496652	-0.0011311414103586691	515037	Rorl-114.HO	Russian.HO
208	-0.03725281047819137	-0.003398577846450293	513690	Rorl-155.HO	Russian.HO
209	-0.043440514342415464	0.001257621496791058	513290	Rps-002.HO	Russian.HO
210	-0.05129545133185057	0.0006376750218643034	514091	Rps-004.HO	Russian.HO
211	-0.05388705975611763	-6.988575691517229e-05	512558	Rps-006.HO	Russian.HO
212	-0.051279388131288225	-0.003033648668527197	515953	Rps-012.HO	Russian.HO
213	-0.04806926571333866	-0.000670492303398471	508066	Rps-090.HO	Russian.HO
214	-0.04135264702843887	-0.005026276489730633	514904	Rps-091.HO	Russian.HO
215	-0.04415194148393518	0.0026809626073540267	515804	Rps-098.HO	Russian.HO
216	-0.03967136396975552	0.001529371819265322	514176	Rrzm-08.HO	Russian.HO
217	-0.03941654817804943	0.0004360809621794626	503833	Rrzm-10.HO	Russian.HO
218	-0.03784311961442408	0.006795722184575066	515549	Rrzm-13.HO	Russian.HO
219	-0.03894008667033137	0.0018289584128296438	509805	Rrzm-16.HO	Russian.HO
220	-0.038866220338069475	0.0030650158083690327	515682	Rrzm-83.HO	Russian.HO
221	-0.04587054339780153	0.0014626223882607127	513771	Rrzs-3.HO	Russian.HO
222	-0.042909842592485085	0.005287862697776447	515191	Rrzs-7.HO	Russian.HO
223	-0.04269457079833474	0.0032446024884611215	515644	Rrzs-11.HO	Russian.HO
224	-0.04531802432476458	0.002518207709044933	515755	Rrzs-32.HO	Russian.HO
225	-0.037301148158127455	0.007687179315736584	515812	Rrzs-58.HO	Russian.HO
226	-0.04279316353649172	0.005319563278868942	514747	Rrzs-66.HO	Russian.HO
227	-0.03972535218724189	0.003755264799268219	514880	Rrzs-88.HO	Russian.HO
228	-0.0426391974080098	-0.00155309461085461	512977	Rsm-103.HO	Russian.HO
229	-0.04346175407750607	-0.0024094641203964476	515441	Rsm-109.HO	Russian.HO
230	-0.04262628109318375	-0.001424606356313111	515143	Rsm-166.HO	Russian.HO
231	-0.04534285315077814	0.0016348878175040892	514980	Rsm-171.HO	Russian.HO
232	-0.0377090567448129	0.0016209847067201115	513944	Rsm-176.HO	Russian.HO
233	-0.03842465948204142	-0.0019220468667593012	510308	Rsm-179.HO	Russian.HO
234	-0.043107903517246096	-0.00092937591631356	515807	Rsm-181.HO	Russian.HO
235	-0.04829672572108333	-0.001653765004737635	512657	RYAR-173.HO	Russian.HO
236	-0.04908375301480698	0.0031877135989068837	515485	RYAR-223.HO	Russian.HO
237	-0.04392940755678502	0.004444709549263002	513539	RYAR-232.HO	Russian.HO
238	0.03459401424684048	0.033795861030293396	515826	Shap-55.HO	Adygei.HO
239	0.03577368975134717	0.0357541289899755	516137	Shap-156.HO	Adygei.HO
240	0.03416574741944324	0.034010549257542426	516330	Shap-225.HO	Adygei.HO
241	-0.03513549253145598	0.031740651214723595	515683	Ttr-473.HO	Chuvash.HO
242	-0.03465968230349531	0.03884167599368012	516408	Ttr-474.HO	Chuvash.HO
243	-0.04067996995495065	0.046153415831142186	516399	Ttr-481.HO	Chuvash.HO
244	-0.03176968770445087	0.041287744845782424	516381	Ttr-507.HO	Chuvash.HO
245	-0.030046954419977713	0.04275047305038622	516374	Ttr-568.HO	Chuvash.HO
246	-0.037699490093602954	0.021318932103549532	516211	Ttr-569.HO	Chuvash.HO
247	-0.028771496404986233	-0.011860607290483589	515737	UKR-1283.HO	Ukrainian.HO
248	-0.03452841769840287	-0.0078264206122259	516023	UKR-1291.HO	Ukrainian.HO
249	-0.03371091952732159	-0.00590582842364962	515652	UKR-1292.HO	Ukrainian.HO
250	-0.0332065808537684	-0.007956190996846368	516315	UKR-1377.HO	Ukrainian.HO
251	0.0332215881694361	0.037204900175002324	515806	YY-2.HO	Adygei.HO
252	0.03114470085149502	0.03366425003041133	516055	YY-18.HO	Adygei.HO
253	0.03382209681554557	0.040536242542255234	515994	YY-36.HO	Adygei.HO
254	-0.020647021093876214	-0.0315019547229728	519877	HGDP00511.HO	French.HO
255	-0.015498112567533367	-0.03448855053607232	519122	HGDP00512.HO	French.HO
256	-0.01947203534241002	-0.03275693842256285	519457	HGDP00513.HO	French.HO
257	-0.02194216739830999	-0.028825873553508585	517648	HGDP00514.HO	French.HO
258	-0.024754614694503612	-0.03384000986237055	519740	HGDP00515.HO	French.HO
259	-0.01282875999610771	-0.026193228904288872	519093	HGDP00516.HO	French.HO
260	-0.021053206893875534	-0.033824033993853524	518864	HGDP00517.HO	French.HO
261	-0.019828561534770202	-0.03211784208389675	519535	HGDP00518.HO	French.HO
262	-0.028419039149202237	-0.022707039930066255	519794	HGDP00519.HO	French.HO
263	0.001037125024155188	-0.030835354047322645	517550	HGDP00520.HO	Ignore_French.HO
264	-0.018444458742668614	-0.03128371753344132	519371	HGDP00522.HO	French.HO
265	-0.029303200960772234	-0.028104493904699768	518141	HGDP00523.HO	French.HO
266	-0.015389663547087144	-0.04197306884375483	517892	HGDP00524.HO	French.HO
267	-0.01812167286451363	-0.03322862154572802	519467	HGDP00525.HO	French.HO
268	-0.021590365142568388	-0.02837986715731	519714	HGDP00526.HO	French.HO
269	-0.023139131841459555	-0.028149193423315868	518631	HGDP00527.HO	French.HO
270	-0.022071942599049214	-0.030251236787120786	516961	HGDP00528.HO	French.HO
271	-0.01625671697681364	-0.03213393570394048	514605	HGDP00529.HO	French.HO
272	-0.01949694434968939	-0.05088191256116586	515817	HGDP00531.HO	French.HO
273	-0.033438131605087545	-0.018996052143996137	519880	HGDP00533.HO	French.HO
274	-0.023265127410808953	-0.02839802179294799	512971	HGDP00534.HO	French.HO
275	-0.028060836951082194	-0.025273172448379122	519027	HGDP00535.HO	French.HO
276	-0.008313981187152274	-0.039050758963426045	512417	HGDP00536.HO	French.HO
277	-0.015540026791213609	-0.03472616639141131	518594	HGDP00537.HO	French.HO
278	-0.01609281928268109	-0.0332465313579999	520002	HGDP00538.HO	French.HO
279	-0.015733802868574193	-0.03854392231197747	514701	HGDP00539.HO	French.HO
280	0.07855794254276116	-0.022613782464886878	518756	HGDP00557.HO	Druze.HO
281	0.08056783102904212	-0.022573858779955887	519336	HGDP00558.HO	Druze.HO
282	0.07248079654215082	-0.021916164674528314	518501	HGDP00559.HO	Druze.HO
283	0.07758105341794772	-0.016547724208790204	519757	HGDP00560.HO	Druze.HO
284	0.07410860613832859	-0.025121565801006857	515243	HGDP00561.HO	Druze.HO
285	0.07718315466365903	-0.021730333201314508	519695	HGDP00562.HO	Druze.HO
286	0.07831243071791386	-0.0207590564316205	518553	HGDP00563.HO	Druze.HO
287	0.07532525457125647	-0.022689864614236464	516231	HGDP00564.HO	Druze.HO
288	0.081619321160565	-0.023222617419624926	519542	HGDP00565.HO	Druze.HO
289	0.07629496481368726	-0.02601566431494243	516227	HGDP00566.HO	Druze.HO
290	0.08242822757869915	-0.022150410388532892	518712	HGDP00567.HO	Druze.HO
291	0.07800283051034251	-0.010951347576578402	519159	HGDP00568.HO	Druze.HO
292	0.07360574837168855	-0.021660242704188464	519010	HGDP00569.HO	Druze.HO
293	0.07053295773377313	-0.01719241058626964	518962	HGDP00571.HO	Druze.HO
294	0.07941946348081486	-0.02100544012395149	518715	HGDP00572.HO	Druze.HO
295	0.07550743432612243	-0.02178298925615395	518567	HGDP00573.HO	Druze.HO
296	0.083424567894184	-0.0191197888127524	516878	HGDP00574.HO	Druze.HO
297	0.07672354777914955	-0.021455020768399006	518088	HGDP00575.HO	Druze.HO
298	0.07178861889672672	-0.02801343385250023	519343	HGDP00576.HO	Ignore_Druze.HO
299	0.07915464399365957	-0.02049716040693402	513604	HGDP00577.HO	Druze.HO
300	0.07685124400894017	-0.030269684512952172	518976	HGDP00578.HO	Druze.HO
301	0.07376022410091847	-0.029299796430197634	518147	HGDP00579.HO	Druze.HO
302	0.07108992009697347	-0.019812634865684683	518926	HGDP00580.HO	Druze.HO
303	0.07755221163690128	-0.01731150189969821	511438	HGDP00581.HO	Ignore_Druze.HO
304	0.07555944789508724	-0.024892675823880835	519854	HGDP00582.HO	Druze.HO
305	0.07986711833557042	-0.014808389564093102	519589	HGDP00583.HO	Druze.HO
306	0.0709514084900552	-0.017406065854946237	516497	HGDP00584.HO	Druze.HO
307	0.07185665039005638	-0.0292898346598527	518788	HGDP00586.HO	Druze.HO
308	0.06825981964688414	-0.024499105464029232	519314	HGDP00587.HO	Druze.HO
309	0.08283302977632434	-0.020235793019060425	511897	HGDP00588.HO	Druze.HO
310	0.073853734240577	-0.022330745471938244	519328	HGDP00590.HO	Ignore_Druze.HO
311	0.07031885453293286	-0.017860598452122085	519895	HGDP00591.HO	Druze.HO
312	0.07666545119470983	-0.030561232037785623	518616	HGDP00594.HO	Druze.HO
313	0.07364073415734726	-0.01477678346676025	517813	HGDP00595.HO	Druze.HO
314	0.07735014842990855	-0.024478410399400973	519013	HGDP00597.HO	Druze.HO
315	0.07835143834577453	-0.02516124466882097	520027	HGDP00598.HO	Druze.HO
316	0.07070359996678663	-0.014924301427269844	518492	HGDP00599.HO	Druze.HO
317	0.07253072059195473	-0.025669982972785933	513489	HGDP00600.HO	Druze.HO
318	0.0835583689579904	-0.020437492063753865	519356	HGDP00601.HO	Druze.HO
319	0.06901565185962141	-0.023211909349804227	515664	HGDP00602.HO	Druze.HO
320	0.07992535371039902	-0.019451630460644808	518968	HGDP00604.HO	Druze.HO
321	0.07226146948092045	-0.023090833273737284	520010	HGDP00606.HO	Druze.HO
322	0.12223753053856426	-0.06736950594152506	518567	HGDP00607.HO	BedouinB.HO
323	0.1124165767312873	-0.06490441888680819	519231	HGDP00608.HO	BedouinB.HO
324	0.09353618141612752	-0.04817542800233747	519713	HGDP00609.HO	BedouinA.HO
325	0.10964881992549218	-0.06067684308802676	519047	HGDP00610.HO	BedouinB.HO
326	0.08487842905933148	-0.0434762114432037	519808	HGDP00611.HO	BedouinA.HO
327	0.11590066592537104	-0.061496669694327356	519729	HGDP00612.HO	BedouinB.HO
328	0.08914744234197186	-0.03453419789367169	519677	HGDP00613.HO	BedouinA.HO
329	0.09861059682434802	-0.04419688497791526	519852	HGDP00614.HO	BedouinA.HO
330	0.09721644753387391	-0.04280601836853489	519341	HGDP00615.HO	BedouinA.HO
331	0.10676885558174079	-0.06331875190442293	519793	HGDP00616.HO	BedouinB.HO
332	0.10869359970686548	-0.058744650229364245	519403	HGDP00618.HO	BedouinB.HO
333	0.09130530278989706	-0.04569794452166865	519405	HGDP00619.HO	BedouinA.HO
334	0.10207519055137738	-0.05337277285347662	519572	HGDP00620.HO	BedouinA.HO
335	0.13116923468227376	-0.0490904187176097	518275	HGDP00621.HO	Ignore_BedouinB.HO
336	0.09949136172327298	-0.04906958064546131	519558	HGDP00622.HO	BedouinA.HO
337	0.11004626397243215	-0.05838750804837319	519649	HGDP00623.HO	BedouinB.HO
338	0.1215323424226342	-0.06750157590873573	519653	HGDP00624.HO	BedouinB.HO
339	0.09267757609451037	-0.04553634447115727	519236	HGDP00625.HO	BedouinA.HO
340	0.09441389964627701	-0.04500593462498516	519453	HGDP00626.HO	BedouinA.HO
341	0.10739650517098594	-0.055062418268758025	518976	HGDP00627.HO	Ignore_BedouinB.HO
342	0.09058442328682642	-0.0413226177706428	519559	HGDP00628.HO	BedouinA.HO
343	0.09415672550459082	-0.05002984834688697	519625	HGDP00629.HO	BedouinA.HO
344	0.10845060824750427	-0.05526431519842186	519346	HGDP00630.HO	BedouinB.HO
345	0.11344985582595771	-0.058387890520131	519836	HGDP00631.HO	BedouinB.HO
346	0.10039579439480308	-0.05500172762921353	516590	HGDP00632.HO	BedouinA.HO
347	0.08484567719908191	-0.037206564342429325	519261	HGDP00634.HO	BedouinA.HO
348	0.0934705042047532	-0.04453377966742304	519578	HGDP00635.HO	BedouinA.HO
349	0.11878681921259666	-0.06293629143545054	519338	HGDP00636.HO	BedouinB.HO
350	0.09674749528831994	-0.04390361451530841	519509	HGDP00637.HO	BedouinA.HO
351	0.10116206763870639	-0.06207754028073485	519011	HGDP00638.HO	BedouinA.HO
352	0.09717874221889575	-0.05367017265448681	519547	HGDP00639.HO	BedouinA.HO
353	0.09799261647702916	-0.059113390673963755	519225	HGDP00640.HO	BedouinA.HO
354	0.11755860320764287	-0.06307374567103383	518508	HGDP00641.HO	BedouinB.HO
355	0.09943462857680478	-0.045544904085351674	519683	HGDP00642.HO	BedouinA.HO
356	0.11976718649314451	-0.06909523711489098	519620	HGDP00643.HO	BedouinB.HO
357	0.09104489596110012	-0.04075286163330632	518167	HGDP00644.HO	BedouinA.HO
358	0.09406349888225185	-0.043590843070316077	519790	HGDP00645.HO	BedouinA.HO
359	0.09100586447470531	-0.04501012158833587	519523	HGDP00646.HO	BedouinA.HO
360	0.09429432184911772	-0.04651378555976789	519119	HGDP00647.HO	BedouinA.HO
361	0.11556205355206703	-0.06383065212827295	519872	HGDP00648.HO	BedouinB.HO
362	0.1080794918972027	-0.05643958358777146	519029	HGDP00649.HO	BedouinB.HO
363	0.1106648378263678	-0.06021155907771797	518232	HGDP00650.HO	BedouinB.HO
364	0.11722302708981783	-0.06905787001212751	519476	HGDP00651.HO	BedouinB.HO
365	0.12170573909917136	-0.060542648835105795	516587	HGDP00653.HO	BedouinB.HO
366	0.08004253162314239	-0.024852701380514777	519820	HGDP00654.HO	BedouinA.HO
367	0.016329332229002094	-0.08211353736108491	518524	HGDP00666.HO	Sardinian.HO
368	0.006122523700381762	-0.07665070887322495	519230	HGDP00667.HO	Sardinian.HO
369	0.012615814366274914	-0.08340985065371422	519735	HGDP00668.HO	Sardinian.HO
370	0.014493558671233074	-0.08259521057312694	519611	HGDP00669.HO	Sardinian.HO
371	0.015087884772406199	-0.08526814139796235	519238	HGDP00670.HO	Sardinian.HO
372	0.011603973910799899	-0.08018189123182996	520059	HGDP00671.HO	Sardinian.HO
373	0.01834033183676471	-0.07991605416633642	518883	HGDP00672.HO	Italian_Sardinian.HO
374	0.01768984653702112	-0.08016145641114532	519080	HGDP00673.HO	Sardinian.HO
375	0.012009846452255793	-0.08346161323226077	518079	HGDP00674.HO	Sardinian.HO
376	0.089661217995958	-0.03486037290283276	518878	HGDP00675.HO	Palestinian.HO
377	0.08762481013368598	-0.03924915258897771	516582	HGDP00676.HO	Palestinian.HO
378	0.08888833214815738	-0.04261936706988921	518120	HGDP00677.HO	Palestinian.HO
379	0.08802876208513118	-0.03584390967469381	519234	HGDP00679.HO	Palestinian.HO
380	0.09686737764110713	-0.042081029612702596	517385	HGDP00680.HO	Palestinian.HO
381	0.09408106622494215	-0.03797478152056318	519554	HGDP00683.HO	Palestinian.HO
382	0.09085864086583577	-0.04425840434814089	519659	HGDP00684.HO	Palestinian.HO
383	0.08727403385496812	-0.04128386418462761	519531	HGDP00686.HO	Palestinian.HO
384	0.08161503133793298	-0.03459239629054646	519826	HGDP00688.HO	Palestinian.HO
385	0.08974491772003443	-0.04292522307449077	519678	HGDP00689.HO	Palestinian.HO
386	0.08849752410807699	-0.03884795060196834	519273	HGDP00690.HO	Palestinian.HO
387	0.08938798295754738	-0.0419185378263478	519491	HGDP00691.HO	Palestinian.HO
388	0.0875359740938888	-0.03757228298441242	519622	HGDP00692.HO	Ignore_Palestinian.HO
389	0.084512585466039	-0.03520236241230953	519401	HGDP00694.HO	Palestinian.HO
390	0.08641968459028566	-0.033818196175117395	519517	HGDP00696.HO	Palestinian.HO
391	0.0888325438122566	-0.04376377098635214	519086	HGDP00697.HO	Palestinian.HO
392	0.08846136954096778	-0.040779118297128845	519707	HGDP00698.HO	Palestinian.HO
393	0.0827925966871073	-0.0367511634752021	520001	HGDP00699.HO	Palestinian.HO
394	0.088613681866063	-0.044331574572068835	518266	HGDP00700.HO	Palestinian.HO
395	0.10783505432439296	-0.056646708978884304	516148	HGDP00701.HO	BedouinB.HO
396	0.08197074627124178	-0.03016079272806549	519554	HGDP00722.HO	Palestinian.HO
397	0.09073417876455715	-0.03987994006554393	519643	HGDP00724.HO	Palestinian.HO
398	0.08719133146937533	-0.037528306230659225	519771	HGDP00725.HO	Palestinian.HO
399	0.0944566796654007	-0.0419101204717041	519752	HGDP00726.HO	Palestinian.HO
400	0.08974604398236284	-0.03990561099596572	519414	HGDP00727.HO	Palestinian.HO
401	0.09007457914676825	-0.03976799760139082	519829	HGDP00729.HO	Palestinian.HO
402	0.08785457333011426	-0.03791444070125175	519376	HGDP00730.HO	Palestinian.HO
403	0.09472639209854011	-0.048799290860731606	519551	HGDP00732.HO	Palestinian.HO
404	0.09195063633821902	-0.04282401683826218	519644	HGDP00733.HO	Palestinian.HO
405	0.09017481366925997	-0.03688873932602618	519519	HGDP00734.HO	Palestinian.HO
406	0.09058764912267306	-0.0436892711106653	519645	HGDP00735.HO	Palestinian.HO
407	0.08488732567286919	-0.03624155802775894	519442	HGDP00736.HO	Palestinian.HO
408	0.09275121582149393	-0.042474894099266906	519498	HGDP00737.HO	Palestinian.HO
409	0.08520055336484667	-0.04263509568290764	519520	HGDP00738.HO	Ignore_Palestinian.HO
410	0.0925162697255418	-0.041104974023203615	519841	HGDP00739.HO	Palestinian.HO
411	0.08571757103092018	-0.04165689887726344	519555	HGDP00740.HO	Palestinian.HO
412	0.08291437469418658	-0.0370035157227826	519515	HGDP00741.HO	Ignore_Palestinian.HO
413	0.08657521767494786	-0.04168896618206018	519378	HGDP00744.HO	Ignore_Palestinian.HO
414	0.0854099767797738	-0.03138509291480161	519520	HGDP00745.HO	Palestinian.HO
415	-0.025439038382929702	-0.019212309593557665	518870	HGDP00794.HO	Orcadian.HO
416	-0.02704939190669317	-0.020836399063658282	516563	HGDP00796.HO	Orcadian.HO
417	-0.026823611271241308	-0.023385303351777954	519120	HGDP00797.HO	Orcadian.HO
418	-0.024293627168923342	-0.02136322449527549	519142	HGDP00798.HO	Orcadian.HO
419	-0.03252165983063154	-0.020382603287484907	516866	HGDP00799.HO	Orcadian.HO
420	-0.02714931941087487	-0.021722261833915752	519042	HGDP00800.HO	Orcadian.HO
421	-0.03088868615619847	-0.02028775196556451	518106	HGDP00802.HO	Orcadian.HO
422	-0.026850489767131547	-0.01951893834243859	517745	HGDP00803.HO	Orcadian.HO
423	-0.029926238947558952	-0.0201010511407885	519324	HGDP00805.HO	Orcadian.HO
424	-0.026272604980084945	-0.02037798527590281	519736	HGDP00806.HO	Orcadian.HO
425	-0.02865384413256002	-0.01996965241951594	519880	HGDP00807.HO	Orcadian.HO
426	-0.028827424327332006	-0.021157698200554954	519702	HGDP00808.HO	Orcadian.HO
427	-0.022701698821762564	-0.02181323384385647	518580	HGDP00810.HO	Orcadian.HO
428	-0.04420790154775516	0.01584588613218724	519908	HGDP00879.HO	Russian.HO
429	-0.04395505926707297	0.013537431928123657	519984	HGDP00880.HO	Russian.HO
430	-0.039105881282918524	0.007767713690660818	519788	HGDP00881.HO	Ignore_Russian.HO
431	-0.045798601327219086	0.016930971011797316	518493	HGDP00882.HO	Russian.HO
432	-0.05226624127673041	0.015871510090843893	519864	HGDP00883.HO	Russian.HO
433	-0.042921128200344855	0.006243825645951816	519258	HGDP00884.HO	Russian.HO
434	-0.043230954981919326	0.009775289838967265	511046	HGDP00887.HO	Russian.HO
435	-0.0399850586611526	0.00863646263639319	518647	HGDP00888.HO	Russian.HO
436	-0.044505940578277524	0.010884483571560235	519383	HGDP00889.HO	Russian.HO
437	-0.04853082136048142	0.010940078825060338	518634	HGDP00890.HO	Russian.HO
438	-0.04337096460110015	0.014870634317534305	519612	HGDP00891.HO	Russian.HO
439	-0.04931092577172731	0.012999371495974129	519820	HGDP00892.HO	Russian.HO
440	-0.046719749347145414	0.015969176099474906	519714	HGDP00893.HO	Russian.HO
441	-0.04337032291739172	0.015694700570083247	518529	HGDP00894.HO	Russian.HO
442	-0.045962205197907474	0.013361850228193209	512668	HGDP00895.HO	Russian.HO
443	-0.042587013741272536	0.01475353199882583	519904	HGDP00896.HO	Russian.HO
444	-0.0417936027251053	0.013787890917177087	519315	HGDP00897.HO	Russian.HO
445	-0.04559815076262414	0.0234230924364081	520027	HGDP00898.HO	Russian.HO
446	-0.041972344530784904	0.013607451956205309	519382	HGDP00899.HO	Russian.HO
447	-0.042621249294763165	0.00646131628906797	518668	HGDP00900.HO	Russian.HO
448	-0.04395247013671376	0.013580277681371433	519992	HGDP00901.HO	Russian.HO
449	-0.04088763682084429	0.015224065055760351	519736	HGDP00902.HO	Russian.HO
450	-0.046839880696191195	0.010657662969762968	518943	HGDP00903.HO	Russian.HO
451	0.01580818838265315	-0.08514768444851938	519695	HGDP01062.HO	Italian_Sardinian.HO
452	0.01609490168266554	-0.08411188694163611	519774	HGDP01063.HO	Sardinian.HO
453	0.016599803031639482	-0.09001919915284916	518703	HGDP01064.HO	Sardinian.HO
454	0.010652009282170178	-0.08417573579255344	519949	HGDP01065.HO	Sardinian.HO
455	0.014842041442215842	-0.0890916424767526	520055	HGDP01066.HO	Sardinian.HO
456	0.020641130292211537	-0.08354069013632515	517357	HGDP01067.HO	Sardinian.HO
457	0.019013735179892816	-0.07895543987586968	518791	HGDP01068.HO	Sardinian.HO
458	0.012442756826738236	-0.0834475538592378	519296	HGDP01069.HO	Sardinian.HO
459	0.016125325472210534	-0.08501179419949137	518991	HGDP01070.HO	Sardinian.HO
460	0.01746943594190135	-0.0802316762994573	517157	HGDP01071.HO	Sardinian.HO
461	0.0193965730198289	-0.08007130388463427	518659	HGDP01072.HO	Sardinian.HO
462	0.01723051045845718	-0.08483098426359466	519956	HGDP01073.HO	Sardinian.HO
463	0.015412814423110691	-0.08289879763907627	518499	HGDP01074.HO	Sardinian.HO
464	0.01963721135597651	-0.0862400980629601	519486	HGDP01075.HO	Sardinian.HO
465	0.015153022145087725	-0.08173571082999588	515625	HGDP01076.HO	Sardinian.HO
466	0.015025005789978995	-0.07760438295332757	519992	HGDP01077.HO	Sardinian.HO
467	0.012924173656686251	-0.07879975996662085	516295	HGDP01078.HO	Sardinian.HO
468	0.010634057483505696	-0.07988235811911544	520020	HGDP01079.HO	Sardinian.HO
469	-0.0012669639314543293	-0.039251944745629264	519681	HGDP01147.HO	Italian_North.HO
470	-0.0006915571771699665	-0.035401935151365346	519188	HGDP01149.HO	Ignore_Italian_North.HO
471	-0.0031616581917301803	-0.04237964024869845	519027	HGDP01151.HO	Italian_North.HO
472	0.005681786216927956	-0.03988969364371304	515996	HGDP01152.HO	Italian_North.HO
473	0.002899579416628515	-0.044515236985639285	519864	HGDP01153.HO	Italian_North.HO
474	0.006593358006912863	-0.042443518351424826	519576	HGDP01155.HO	Italian_North.HO
475	0.004236167389242748	-0.04409388376303023	519827	HGDP01156.HO	Italian_North.HO
476	0.0010325976728973467	-0.037574639909575935	519395	HGDP01157.HO	Italian_North.HO
477	0.015371952454415291	-0.040942082310336095	519345	HGDP01161.HO	Italian_North.HO
478	0.015709135643357568	-0.03082334023823042	519874	HGDP01162.HO	Italian_North.HO
479	0.011893803970274681	-0.03164991971355406	519657	HGDP01163.HO	Italian_North.HO
480	0.011639524795617227	-0.03843373843571967	519103	HGDP01164.HO	Italian_North.HO
481	0.012490962005815703	-0.04007748985115549	519540	HGDP01166.HO	Italian_North.HO
482	0.013899811962934756	-0.03328636163758479	519956	HGDP01167.HO	Italian_North.HO
483	0.012830962836673539	-0.0365738594373425	519903	HGDP01168.HO	Italian_North.HO
484	0.016744407831853728	-0.035569292622415365	519215	HGDP01169.HO	Italian_North.HO
485	0.004632348660440012	-0.04097428811904982	519792	HGDP01171.HO	Italian_North.HO
486	0.007417247227590608	-0.03504333987331285	518762	HGDP01172.HO	Italian_North.HO
487	-0.0015760443531134542	-0.039690644175548455	519455	HGDP01173.HO	Italian_North.HO
488	0.007816896166289895	-0.04403888933405724	519180	HGDP01174.HO	Italian_North.HO
489	9.068259409115053e-05	-0.04427547409695757	519977	HGDP01177.HO	Italian_North.HO
490	-0.01891080723680644	-0.06588863434801659	519994	HGDP01357.HO	Basque.HO
491	-0.023092869886751778	-0.06527088756804611	518672	HGDP01358.HO	Basque.HO
492	-0.025211630063157617	-0.06433999773301267	515223	HGDP01359.HO	Basque.HO
493	-0.033254351060727376	-0.06811383278734284	518743	HGDP01360.HO	Basque.HO
494	-0.025150634051592843	-0.0614319193907242	519913	HGDP01362.HO	Basque.HO
495	-0.02327752061704877	-0.06227488883950466	518575	HGDP01363.HO	Basque.HO
496	-0.015852799845860292	-0.061292976460380656	518235	HGDP01364.HO	Basque.HO
497	-0.020131391867644028	-0.06331309476839325	518405	HGDP01365.HO	Basque.HO
498	-0.025310509386994848	-0.06095788290694277	518707	HGDP01366.HO	Basque.HO
499	-0.02733697752055818	-0.0647429027963912	519589	HGDP01367.HO	Basque.HO
500	-0.020387577278630727	-0.05796927099461073	519548	HGDP01368.HO	Basque.HO
501	-0.013445334591051256	-0.05443317814477556	512535	HGDP01369.HO	Ignore_Basque.HO
502	-0.023818320226315446	-0.06476739470870517	518144	HGDP01370.HO	Basque.HO
503	-0.026767122285964066	-0.0575848561246201	516003	HGDP01371.HO	Basque.HO
504	-0.022230116315810303	-0.05555641146492907	517829	HGDP01372.HO	Ignore_Basque.HO
505	-0.022302238099868622	-0.06502800884245233	514612	HGDP01373.HO	Basque.HO
506	-0.024731074040719	-0.06796972625734313	519084	HGDP01374.HO	Basque.HO
507	-0.02169981886589023	-0.06557282243647268	519335	HGDP01375.HO	Basque.HO
508	-0.023433817827771403	-0.06242258256297077	516960	HGDP01377.HO	Basque.HO
509	-0.024732738269365444	-0.06135814563594469	519447	HGDP01378.HO	Basque.HO
510	-0.02630811800991413	-0.06518299872829869	514108	HGDP01379.HO	Basque.HO
511	-0.023099277887523972	-0.06805112206178887	518949	HGDP01380.HO	Basque.HO
512	0.02863681529333831	0.04438495927234098	519073	HGDP01381.HO	Adygei.HO
513	0.029028165562266093	0.03825744522626671	519991	HGDP01382.HO	Adygei.HO
514	0.032190266974956784	0.03396996892772515	519614	HGDP01383.HO	Adygei.HO
515	0.02925943833555724	0.02554561638694311	518621	HGDP01384.HO	Ignore_Adygei.HO
516	0.030295458679493445	0.0380154623167906	519788	HGDP01385.HO	Adygei.HO
517	0.03529208324351386	0.03225799917367135	519372	HGDP01386.HO	Adygei.HO
518	0.03258647086948919	0.03709933843404296	519148	HGDP01387.HO	Adygei.HO
519	0.006761855242902575	0.016458033040968642	519994	HGDP01388.HO	Ignore_Adygei.HO
520	0.014664968360454342	0.02901055148928492	517291	HGDP01396.HO	Adygei.HO
521	0.029126185884197683	0.04006015381449021	519073	HGDP01397.HO	Adygei.HO
522	0.041003403057308464	0.03718878146605051	519913	HGDP01398.HO	Adygei.HO
523	0.0358480768222295	0.0351912614739348	519077	HGDP01399.HO	Adygei.HO
524	0.03436749299299948	0.03635318094284096	519335	HGDP01400.HO	Adygei.HO
525	0.0337383817962938	0.03782140437475004	519908	HGDP01401.HO	Adygei.HO
526	0.026456956734659077	0.034288368867826054	519387	HGDP01402.HO	Adygei.HO
527	0.03223929354657941	0.029616630456845285	514054	HGDP01403.HO	Adygei.HO
528	0.0365585468950729	0.041392490031855494	519830	HGDP01404.HO	Adygei.HO
529	-0.0059264086540579426	-0.018452369346481017	503314	BulgarianD6.HO	Bulgarian.HO
530	-0.005894218704268294	-0.022060695877370955	519100	BulgarianA4.HO	Bulgarian.HO
531	-0.019303385820069543	-0.017882291355238982	519812	hungary3.HO	Hungarian.HO
532	-0.06236434784311855	9.711418487915545e-05	519960	LithuanianF1.HO	Lithuanian.HO
533	0.05870788148049573	0.01430425893721582	519203	iran19.HO	Iranian.HO
534	0.05352070294077808	0.017352858965898613	519796	iran14.HO	Iranian.HO
535	0.08668126343075733	-0.021841151184793576	519386	syria464.HO	Syrian.HO
536	0.09315002926756118	-0.042436039355385	519290	Lebanon5.HO	Lebanese.HO
537	0.09966955504704725	-0.027719788355450695	519477	SaudiA2.HO	Ignore_Saudi.HO
538	0.08145424210545595	-0.03722321580176843	518225	Jordan543.HO	Jordanian.HO
539	-0.0026453975347223127	-0.01789923740408129	519486	BulgarianE2.HO	Bulgarian.HO
540	0.0019260958643720209	-0.014704629966971817	515901	BulgarianB4.HO	Bulgarian.HO
541	-0.01938076482670805	-0.02014727143736097	519661	hungary6.HO	Hungarian.HO
542	-0.052568307512332824	-0.0011168094407566925	517780	lithuania3.HO	Lithuanian.HO
543	0.055924510278555384	0.023975465262230433	519664	iran2.HO	Iranian.HO
544	0.06225412238573268	0.016996152406631906	519221	iran20.HO	Iranian.HO
545	0.06310931512029247	-0.008850571328902792	519636	syria361.HO	Syrian.HO
546	0.06346765012148159	0.0009103770844625023	518049	Lebanon6.HO	Lebanese.HO
547	0.11862120214544535	-0.06754647506901935	518932	SaudiA5.HO	Saudi.HO
548	0.07968917285338088	-0.03074320328446356	519839	Jordan214.HO	Jordanian.HO
549	0.000596243302760869	-0.01885951761614399	514049	BulgarianA1.HO	Bulgarian.HO
550	-0.027887597725019926	-0.007816847803518689	519559	HungarianC5.HO	Hungarian.HO
551	-0.02728390786422261	-0.012924497459813904	518449	hungary7.HO	Hungarian.HO
552	-0.06060107688620307	0.005631967724028551	519566	lithuania10.HO	Lithuanian.HO
553	0.0643888131557253	0.015952992226432174	519306	iran3.HO	Iranian.HO
554	0.06720965086864547	-0.022938691944853536	519532	syria485.HO	Syrian.HO
555	0.07091418768380892	-0.025830067743009607	519415	Lebanon7.HO	Lebanese.HO
556	0.09783235433003445	-0.040097771511280404	519402	SaudiA6.HO	Saudi.HO
557	0.08106115199753054	-0.034860408479885883	519812	Jordan445.HO	Jordanian.HO
558	0.0004214296642312952	-0.023445112057495	519583	BulgarianB1.HO	Bulgarian.HO
559	-0.02487395991961011	-0.015139147462344951	519790	HungarianE5.HO	Hungarian.HO
560	-0.025204220570180715	-0.017855408066073625	519326	HungarianH3.HO	Hungarian.HO
561	-0.05695714111618225	-0.0022369625564094115	519851	lithuania9.HO	Lithuanian.HO
562	0.0689514613867425	-0.0015309865738887748	519864	iran7.HO	Ignore_Iranian.HO
563	0.07719433740404502	-0.033262630511274954	518596	syria520.HO	Syrian.HO
564	0.07592291445195418	-0.02554433122752175	519410	syria4.HO	Syrian.HO
565	0.06523899395820575	-0.009563142080646942	519920	Lebanon8.HO	Lebanese.HO
566	0.07525773293282359	-0.028299820362562775	519569	SaudiA7.HO	Saudi.HO
567	0.09204474383016413	-0.038944523463556174	519534	Jordan62.HO	Jordanian.HO
568	0.008749379347707165	-0.02219870801225048	518904	BulgarianC1.HO	Bulgarian.HO
569	-0.02096910726006064	-0.011492954142158186	519714	hungary15.HO	Hungarian.HO
570	-0.05695952873909185	-0.005043040391223407	518977	LithuanianA1.HO	Lithuanian.HO
571	-0.052902075595792436	-0.001156828455510365	517752	LithuanianE2.HO	Lithuanian.HO
572	0.05792127484179195	0.01918808086652723	519131	iran11.HO	Iranian.HO
573	0.09661911703455965	-0.02473723145706153	519812	syria461.HO	Syrian.HO
574	0.07756070637491243	-0.022919721818982497	519776	Lebanon1.HO	Lebanese.HO
575	0.11409678055416986	-0.06865773678530702	519183	saudi1434.HO	Saudi.HO
576	0.0823596250080964	-0.03167215159032605	519209	Jordan603.HO	Jordanian.HO
577	-0.0019739362872856106	-0.014799576766464153	519863	BulgarianF1.HO	Bulgarian.HO
578	-0.026068522318344424	-0.01800388796354685	519802	hungary20.HO	Hungarian.HO
579	-0.054067724425302555	-0.004512228085201019	519446	lithuania1.HO	Lithuanian.HO
580	-0.05512667768306702	-0.0014834661396312062	515184	lithuania8.HO	Lithuanian.HO
581	0.05874156229091008	0.021348235361024488	517807	iran16.HO	Iranian.HO
582	0.07422685248263647	-0.022715504661964217	519277	Lebanon2.HO	Lebanese.HO
583	0.11497608504419442	-0.060554720594853444	519712	saudi1424.HO	Saudi.HO
584	0.09077847777937093	-0.027184729473321328	519865	SaudiA9.HO	Saudi.HO
585	0.0800553891731102	-0.040537487174560065	517612	Jordan307.HO	Jordanian.HO
586	0.009425689865630778	-0.02051944696282827	519752	BulgarianH2.HO	Bulgarian.HO
587	-0.025055820947011507	-0.012837831798972873	519861	hungary2.HO	Hungarian.HO
588	-0.05703071695429108	0.00043604980200913595	519327	lithuania2.HO	Lithuanian.HO
589	0.05977560748445699	0.021744273273417908	517451	iran17.HO	Iranian.HO
590	0.0878340726353887	-0.020993979194266228	518586	syria6.HO	Syrian.HO
591	0.07345412030421218	-0.028364534765659595	517404	Lebanon3.HO	Lebanese.HO
592	0.07093911053844933	-0.00739056529101052	518617	saudi1436.HO	Ignore_Saudi.HO
593	0.11487784072863469	-0.04287844817746386	519608	Jordan444.HO	Ignore_Jordanian.HO
594	0.07347379132532766	-0.013891224257096449	519610	Jordan503.HO	Jordanian.HO
595	-0.004691496297438342	-0.01711041151083059	519256	BulgarianF2.HO	Bulgarian.HO
596	-0.01213735927085327	-0.014510062890021255	519575	HungarianD1.HO	Hungarian.HO
597	-0.050713073065276594	-0.006889926378623716	519892	LithuanianD1.HO	Lithuanian.HO
598	0.08972075388469733	-0.026916490545437478	519141	syria7.HO	Syrian.HO
599	0.08903335807874566	-0.041124142550975205	517926	Lebanon4.HO	Lebanese.HO
600	0.115425714377181	-0.062275101007600635	519077	SaudiA1.HO	Saudi.HO
601	0.08385316035612131	-0.031762311120429765	515796	Jordan646.HO	Jordanian.HO
602	0.08496721292786272	-0.03468002259811102	517961	Jordan384.HO	Jordanian.HO
603	0.029044319008986595	0.03626788026701888	519248	bal102.HO	Balkar.HO
604	0.030369816962349607	0.03845356958372225	519618	bal64.HO	Balkar.HO
605	0.0491189220667169	0.034230306482497586	518888	mg43.HO	Georgian.HO
606	0.030959327293103026	0.043671829161130604	519486	NorthOssetia19.HO	Ossetian.HO
607	0.02984909061932682	0.03975276480636482	519147	ch126.HO	Chechen.HO
608	0.04691473730213885	0.03386670955045007	519629	abh27.HO	Abkhasian.HO
609	0.06258119022441636	0.000302415567493762	519399	armenia176.HO	Armenian.HO
610	0.030275485497361025	0.03571065674062039	504693	lez38.HO	Lezgin.HO
611	0.030154286228026943	0.03536048834081243	517210	bal124.HO	Balkar.HO
612	0.03935272830535103	0.038565918803339004	519593	bal97.HO	Balkar.HO
613	0.054862547277106516	0.027714644133709623	519847	mg47.HO	Georgian.HO
614	0.036249616978996015	0.041429198596943925	519777	NorthOssetia2.HO	Ossetian.HO
615	0.03289052623737057	0.033564138302704986	519808	ch16.HO	Chechen.HO
616	0.05116399174116874	0.035352167306370044	518835	abh107.HO	Russia_Abkhasian.HO
617	0.04280364761779366	0.03965750104022138	514846	abh41.HO	Abkhasian.HO
618	0.05857262949183591	0.005373857941348002	519557	armenia191.HO	Armenian.HO
619	0.026709217694101853	0.04110997671766494	519076	lez40.HO	Lezgin.HO
620	0.03575256458562304	0.029868505438780318	518579	kumyks44.HO	Kumyk.HO
621	0.02964611039523456	0.03780116780677626	519666	bal136.HO	Balkar.HO
622	0.05131286513988768	0.027251568197770415	519578	mg22.HO	Georgian.HO
623	0.054957073166237554	0.02891503178335081	519272	mg49.HO	Georgian.HO
624	0.028661138610298696	0.04010314192079241	519132	NorthOssetia3.HO	Ossetian.HO
625	0.023597637962380107	0.03456403283914404	518933	ch174.HO	Chechen.HO
626	0.051751035714151766	0.033084066819772766	518473	abh119.HO	Abkhasian.HO
627	0.05915041616714825	0.0021996283801084776	519498	armenia86.HO	Armenian.HO
628	0.07134148774250913	-0.0025492578954692453	518099	armenia279.HO	Armenian.HO
629	0.06671025401986144	0.00753270545316916	328628	lez42.HO	Ignore_Lezgin.HO
630	0.025118694896042817	0.014511996648071963	488258	kumyks92.HO	Ignore_Kumyk.HO
631	0.030993476185008487	0.037669370965285595	519625	bal22.HO	Balkar.HO
632	0.05364877505814576	0.028261958806135204	519943	mg23.HO	Georgian.HO
633	0.05678240132701282	0.029465706709251485	519140	mg62.HO	Georgian.HO
634	0.03495879542497254	0.0374853802236006	519386	NorthOssetia5.HO	Russia_NorthOssetian.HO
635	0.030154622755109547	0.03512035109667316	517712	ch179.HO	Chechen.HO
636	0.047956473256967745	0.028597251770349035	519769	abh122.HO	Abkhasian.HO
637	0.06792746806901702	-0.000354708148544436	519536	armenia91.HO	Armenian.HO
638	0.06370256241657626	0.005367823824191784	516228	armenia293.HO	Armenian.HO
639	0.027013184875929092	0.03347712250708713	519585	lez49.HO	Lezgin.HO
640	0.031564704046027556	0.03679335722478883	519299	kumyks93.HO	Kumyk.HO
641	0.031957491299418675	0.03749853318308757	517559	bal41.HO	Balkar.HO
642	0.05653976787713506	0.0306868334034723	518908	mg27.HO	Georgian.HO
643	0.030948841069087504	0.032422053501964566	519688	NorthOssetia11.HO	Ossetian.HO
644	0.03333999947639013	0.039252465071490675	519847	NorthOssetia8.HO	Ossetian.HO
645	0.03545862929848562	0.03754454454203421	519909	ch193.HO	Chechen.HO
646	0.04950668436359136	0.0390024619746717	518112	abh133.HO	Abkhasian.HO
647	0.056726148290673344	0.005957220172954114	516942	armenia102.HO	Armenian.HO
648	0.02599294206145207	0.03573961699621293	519664	lez31.HO	Lezgin.HO
649	0.030615788022324765	0.03500537559952236	519592	lez7.HO	Lezgin.HO
650	0.03228238000003433	0.03245594774527868	514515	kumyks98.HO	Kumyk.HO
651	0.0320568325867757	0.03339378966953119	519929	bal42.HO	Balkar.HO
652	0.049156563037606085	0.023334006754805344	518737	mg31.HO	Georgian.HO
653	0.03252076971372825	0.04448331805682956	519389	NorthOssetia12.HO	Russia_NorthOssetian.HO
654	0.03090605035196705	0.038036587765492375	519331	NorthOssetia9.HO	Ossetian.HO
655	0.024141495086452542	0.04117237488279871	517688	ch21.HO	Chechen.HO
656	0.048778080729461305	0.03628165622642581	519620	abh147.HO	Abkhasian.HO
657	0.05893044856700448	0.007934912512610725	519569	armenia106.HO	Armenian.HO
658	0.02649413583232456	0.033297838970265364	519579	lez33.HO	Lezgin.HO
659	0.02531662007294877	0.03348671736844628	518469	lez9.HO	Lezgin.HO
660	0.022784864519799372	0.03314484246030507	518769	kumyks90.HO	Kumyk.HO
661	0.030934952331322305	0.03996063970277251	519484	bal45.HO	Balkar.HO
662	0.05213817603289837	0.02882281443813568	519987	mg34.HO	Georgian.HO
663	0.028946530553034762	0.036124766061541	519463	NorthOssetia14.HO	Ossetian.HO
664	0.02871710735934317	0.03366079286807454	516964	ch3.HO	Chechen.HO
665	0.05573743992253858	0.030325955730814425	519847	abh154.HO	Abkhasian.HO
666	0.07039667436649484	-0.008402975025609745	519619	armenia139.HO	Armenian.HO
667	0.03071372998105108	0.035938950745976646	513035	lez36.HO	Lezgin.HO
668	0.0401703178975495	0.016481473648975	519619	kumyks40.HO	Kumyk.HO
669	0.03535164931986199	0.03279457034377088	519374	kumyks94.HO	Kumyk.HO
670	0.027776730545311518	0.032288279130179884	519554	bal50.HO	Balkar.HO
671	0.054139645862129826	0.031811992450126184	518670	mg40.HO	Georgian.HO
672	0.04013026402699549	0.036996483196816275	519344	NorthOssetia17.HO	Ossetian.HO
673	0.029121187423498368	0.03874994942284461	519509	ch113.HO	Chechen.HO
674	0.026815785481093105	0.03157707794186355	519798	ch31.HO	Chechen.HO
675	0.05483640430854823	0.030342294786927324	519211	abh24.HO	Abkhasian.HO
676	0.0671420767804527	-0.000850534434749472	517139	armenia162.HO	Armenian.HO
677	0.031189953336958336	0.037763719615484775	519687	lez37.HO	Lezgin.HO
678	0.025202475562501492	0.031388216907031134	517838	kumyks41.HO	Kumyk.HO
679	0.026702210159405916	0.023803816667232705	519670	kumyks97.HO	Kumyk.HO
680	-0.04543034164370407	-0.00013311716091843361	518989	bel43s.HO	Belarusian.HO
681	-0.03653584490935718	-0.004131233112305756	518903	UkrBel618.HO	Ukrainian.HO
682	-0.022108277987768987	-0.013659625923105441	512682	UkrLv240.HO	Ukrainian.HO
683	-0.046186212973899445	-0.004544862111694897	519398	Est393.HO	Estonian.HO
684	-0.03215948771248359	0.006756540430185032	519226	Mordovians27.HO	Mordovian.HO
685	-0.03039053165969105	0.04509159532421565	519422	Chuvash33.HO	Chuvash.HO
686	-0.043532293432566274	-0.004962122500722598	519640	bel30s.HO	Belarusian.HO
687	-0.030323388138516427	-0.009954122392918482	519526	UkrBel620.HO	Ukrainian.HO
688	-0.0464219969721509	-0.004759247985850619	519388	Est375.HO	Estonian.HO
689	-0.04638994571732591	-0.005140163146093986	519816	Est380.HO	Estonian.HO
690	-0.0339548317720495	0.0033751280308424647	518853	Mordovians28.HO	Mordovian.HO
691	-0.030351484519860195	0.04716573864376411	519197	Chuvash37.HO	Chuvash.HO
692	-0.039797666816412725	-0.0003991180604150951	518441	bel72c.HO	Belarusian.HO
693	-0.02870180885646123	-0.0036360299636258825	519758	UkrBel622.HO	Ukrainian.HO
694	-0.050462395000946285	-0.0021646462524148122	519236	Est391.HO	Estonian.HO
695	-0.049576467851609955	-0.0007373206909613039	519680	Est377.HO	Estonian.HO
696	-0.02883316282942365	0.0097992238198086	517961	Mordovians30.HO	Mordovian.HO
697	-0.028674827879199574	0.048665995268644985	519273	Chuvash13.HO	Chuvash.HO
698	-0.046641704666358065	-0.0027199425039372235	516911	bel93c.HO	Belarusian.HO
699	-0.03259575221544065	-0.005981316779674808	519467	UkrBel733.HO	Ukrainian.HO
700	-0.048471233213434266	-0.0022174158378572306	519653	Est372.HO	Estonian.HO
701	-0.030181748100003385	0.0010275253736661443	519628	Mordovians4.HO	Mordovian.HO
702	-0.033383737473530926	0.005120680117828731	519100	Mordovians31.HO	Mordovian.HO
703	-0.03174800375096206	0.040592981982942415	518831	Chuvash20.HO	Chuvash.HO
704	-0.04175389136121414	-0.0007241008141663977	519166	bel110c.HO	Belarusian.HO
705	-0.02828163421231129	-0.0034542566678123477	519650	UkrBel736.HO	Ukrainian.HO
706	-0.04611997455277298	-0.0044936552122666834	519504	Est358.HO	Estonian.HO
707	-0.03324089433224215	0.0036020156895723355	519561	Mordovians17.HO	Mordovian.HO
708	-0.029484228779438123	0.007002406757892705	519458	Mordovians1.HO	Mordovian.HO
709	-0.02863902428396572	0.0533249901369742	518301	Chuvash22.HO	Chuvash.HO
710	-0.03466048792013915	-0.004258031701210848	518798	bel8s.HO	Belarusian.HO
711	-0.041573358601366614	0.003302164261055922	519287	belarusian23vp.HO	Belarusian.HO
712	-0.03796099282569964	-0.00486538031907078	519316	Est400.HO	Estonian.HO
713	-0.03466716138655162	0.00689828220828263	519881	Mordovians22.HO	Mordovian.HO
714	-0.029994399370254974	0.04555148647080587	519590	Chuvash26.HO	Chuvash.HO
715	-0.034489116091022474	0.04575456435260376	519077	Chuvash24.HO	Chuvash.HO
716	-0.04944449829603985	-0.002387904910925371	518126	bel23s.HO	Belarusian.HO
717	-0.04290560267827157	-0.004497671748844857	519076	belarusian47zp.HO	Belarusian.HO
718	-0.026497842283970993	-0.006073143627917148	519092	UkrLv228.HO	Ukrainian.HO
719	-0.04222899528019209	-0.006073338534399418	519741	Est397.HO	Estonian.HO
720	-0.0351004505938075	0.006914526697281775	519916	Mordovians32.HO	Mordovian.HO
721	-0.034211949599346	0.04508963080380084	519399	Chuvash29.HO	Chuvash.HO
722	-0.03925449562385046	0.04027544577112356	519378	Chuvash25.HO	Chuvash.HO
723	-0.04204986497213707	-0.0056224921723657326	519478	bel82s.HO	Belarusian.HO
724	-0.03318851875953527	-0.0002588997425514721	518039	UkrBel614.HO	Ukrainian.HO
725	-0.02723261028886397	-0.010731055158548964	519386	UkrLv237.HO	Ukrainian.HO
726	-0.04282282338445577	-0.005759444877252178	519591	Est394.HO	Estonian.HO
727	-0.037269505493057305	0.004725283855524701	518999	Mordovians5.HO	Mordovian.HO
728	-0.032387660866596085	0.046914346722982	519882	Chuvash31.HO	Chuvash.HO
729	0.11426234178862964	-0.06252679264091664	519598	saudi1403.HO	Saudi.HO
730	-0.03024271457130394	-0.018597268613092854	519419	NA15202.HO	Hungarian.HO
731	-0.02747877307204199	-0.01769742574793509	519299	NA15725.HO	Czech.HO
732	-0.02778771091089877	-0.009532574813312758	519226	NA15733.HO	Czech.HO
733	-0.03219505174286037	-0.016603039558762012	518774	NA15762.HO	Icelandic.HO
734	0.015304465854565684	-0.02969128905990751	518635	NA17373.HO	Greek.HO
735	-0.028052382243093917	-0.01718369081170643	519697	NA15203.HO	Hungarian.HO
736	-0.02462045473930831	-0.015951496327547703	519087	NA15726.HO	Czech.HO
737	-0.03710534431739692	-0.021913159045076906	519564	NA15755.HO	Icelandic.HO
738	-0.0326477160608116	-0.017101218749844608	518853	NA15763.HO	Icelandic.HO
739	0.05941201089937101	-0.00348178040040214	519452	NA17374.HO	Greek.HO
740	-0.020942810673350114	-0.010452415896697976	519645	NA15204.HO	Hungarian.HO
741	-0.026720520766688245	-0.018469982204090022	519227	NA15727.HO	Czech.HO
742	-0.032091087236957805	-0.018416724459226222	519272	NA15756.HO	Icelandic.HO
743	-0.027606526472874014	-0.017640493279206713	519020	NA15764.HO	Icelandic.HO
744	0.029505078074212064	-0.019620334628203142	519400	NA17375.HO	Greek.HO
745	-0.028998426023521765	-0.014754951330548598	519341	NA15205.HO	Hungarian.HO
746	-0.023989751424479698	-0.01700572832962382	518780	NA15728.HO	Czech.HO
747	-0.028153067775931514	-0.01922116802717283	519461	NA15757.HO	Icelandic.HO
748	-0.037102954615043225	-0.018362027033792003	518980	NA15765.HO	Icelandic.HO
749	0.04774311845727573	-0.021665733472195046	519236	NA17376.HO	Greek.HO
750	0.031838102173483096	0.04117028087615394	518939	NA13626.HO	Adygei.HO
751	-0.02280615378517534	-0.019194742561865367	519284	NA15206.HO	Hungarian.HO
752	-0.023097792084967393	-0.016600747683608964	519732	NA15729.HO	Czech.HO
753	-0.03099752168758026	-0.013074652051530324	519608	NA15758.HO	Icelandic.HO
754	-0.033348346508722634	-0.01614470133401377	519352	NA15766.HO	Icelandic.HO
755	0.011537565191606307	-0.020254124406917547	519643	NA17377.HO	Greek.HO
756	-0.027031624323212274	-0.017816104001395997	518784	NA15199.HO	Hungarian.HO
757	-0.02256002081226638	-0.010071824947675171	519470	NA15207.HO	Hungarian.HO
758	-0.020537694994313207	-0.019288390021563174	519580	NA15730.HO	Czech.HO
759	-0.03223278106325878	-0.02000479015646912	519661	NA15759.HO	Icelandic.HO
760	0.04001318823622582	-0.024196241545529084	518971	NA17370.HO	Ignore_Greek.HO
761	-0.027860022646262098	-0.016703846667720085	518893	NA15200.HO	Hungarian.HO
762	-0.0267681407980008	-0.01915125736197675	519500	NA15208.HO	Hungarian.HO
763	-0.028208653760381484	-0.014817608115076862	519408	NA15731.HO	Czech.HO
764	-0.03253220553128723	-0.016985348087107954	519069	NA15760.HO	Icelandic.HO
765	0.040163714143074174	-0.025243463754872023	519395	NA17371.HO	Ignore_Greek.HO
766	-0.02237051674459547	-0.017596023228269468	518973	NA15201.HO	Hungarian.HO
767	-0.02811461518042827	-0.014825258135994593	519198	NA15724.HO	Czech.HO
768	-0.03074173560700727	-0.011659782984771772	519459	NA15732.HO	Czech.HO
769	-0.03494015067799898	-0.014783194433631245	519537	NA15761.HO	Icelandic.HO
770	0.02344182815424654	-0.022746478270282394	519634	NA17372.HO	Greek.HO
771	-0.028665260076650934	-0.02308707442394923	518317	HG00103.HO	Scottish.HO
772	-0.02352425729547277	-0.018291825143854277	519324	HG00104.HO	Scottish.HO
773	-0.02998592751163927	-0.02217149189943813	519321	HG00105.HO	Scottish.HO
774	-0.028652147412824007	-0.01905593401569391	519647	HG00106.HO	Scottish.HO
775	-0.0312254105333755	-0.024360782001577246	519624	HG00128.HO	English.HO
776	-0.033528040148386395	-0.02317269679417699	518939	HG00129.HO	English.HO
777	-0.026560427062824955	-0.026732310174216928	519714	HG00130.HO	English.HO
778	-0.027785911318525144	-0.023404953788068783	519214	HG00131.HO	English.HO
779	-0.02945799218169847	-0.03235818729474184	519735	HG00233.HO	English.HO
780	-0.03153335278974233	-0.023877839825344367	519381	HG00234.HO	English.HO
781	-0.028582300094246976	-0.025095560997394788	519609	HG00232.HO	English.HO
782	0.0013850398763077232	-0.05061697763962854	519448	HG01500.HO	Spanish.HO
783	-0.00015089580564491684	-0.05179981201475761	519423	HG01501.HO	Spanish.HO
784	-0.005390815884089241	-0.050069004772269624	519129	HG01503.HO	Spanish.HO
785	0.0012207539350312796	-0.05871814179011773	519599	HG01504.HO	Spanish.HO
786	-0.0035981110884906378	-0.050538251600115186	519626	HG01506.HO	Spanish.HO
787	-0.006364029933491356	-0.05181215613554598	519756	HG01507.HO	Spanish.HO
788	0.005037827748814324	-0.05469799230388914	519452	HG01509.HO	Spanish.HO
789	-0.0062786250064437	-0.048558074461104835	519185	HG01510.HO	Spanish.HO
790	-0.014283067863152992	-0.05065406729385856	519712	HG01512.HO	Spanish.HO
791	-0.01318549974949085	-0.05288330176497971	519370	HG01513.HO	Spanish.HO
792	-0.01986836232333588	-0.05529303774304314	519084	HG01515.HO	Spanish_North.HO
793	-0.022812336385953716	-0.06092444484285984	519513	HG01516.HO	Spanish_North.HO
794	-0.022262525978064104	-0.05528319239090597	519188	HG01518.HO	Spanish_North.HO
795	-0.0010094971832939564	-0.0530049460617651	518849	HG01524.HO	Spanish.HO
796	0.0018144307479356994	-0.05024440485223163	519048	HG01527.HO	Spanish.HO
797	-0.002274482646993854	-0.055192820951903025	519809	HG01528.HO	Spanish.HO
798	-0.005116909452282818	-0.049923317829109436	519785	HG01530.HO	Spanish.HO
799	-0.011781396048972685	-0.047443106955937446	519436	HG01536.HO	Spanish.HO
800	-0.007704702646660679	-0.04483913491772061	519804	HG01537.HO	Spanish.HO
801	-0.006909539926394806	-0.05004961960228895	519541	HG01605.HO	Spanish.HO
802	-0.011093017166604954	-0.049182945654821356	519413	HG01606.HO	Spanish.HO
803	0.0007847933384618514	-0.04887765930810458	519051	HG01607.HO	Spanish.HO
804	-0.004715847446463395	-0.05141459071433483	519702	HG01608.HO	Spanish.HO
805	-0.006405670520386893	-0.04378342333422485	519664	HG01613.HO	Spanish.HO
806	-0.0068271729613539325	-0.04603533247957207	519845	HG01615.HO	Spanish.HO
807	-0.002694321714624185	-0.04965601151617861	519896	HG01617.HO	Spanish.HO
808	-0.002320719670676136	-0.04915466047897562	519696	HG01618.HO	Spanish.HO
809	0.001098682263444511	-0.051978551396348355	519916	HG01619.HO	Spanish.HO
810	-0.0012818107125653123	-0.050182551000217394	519928	HG01620.HO	Spanish.HO
811	-0.0005963340342730816	-0.05417536854343458	519742	HG01623.HO	Spanish.HO
812	0.00013622756133809297	-0.056253499652209396	519668	HG01624.HO	Spanish.HO
813	-0.005273120144737297	-0.044475544899312464	519620	HG01625.HO	Spanish.HO
814	0.01010635786960005	-0.04405885756407771	519527	HG01626.HO	Spanish.HO
815	0.015266851932332686	-0.04974329855188427	519356	HG01630.HO	Ignore_Spanish.HO
816	-0.06019370544840764	0.01465953162168998	519160	HG00171.HO	Finnish.HO
817	-0.0464667252533008	-0.002061640707317395	519658	HG00174.HO	Finnish.HO
818	-0.04692338091429781	-0.0022014890401354337	519831	HG00190.HO	Finnish.HO
819	-0.04757487751818246	0.0026221982269856374	519766	HG00266.HO	Finnish.HO
820	-0.028144046974974343	-0.018689597623322705	519752	HG00231.HO	English.HO
821	-0.04576440416845786	0.011882287533125273	519525	HG00183.HO	Finnish.HO
822	-0.032793484364655304	-0.0264226293049227	519809	HG00126.HO	English.HO
823	-0.054992195988279396	0.009258596170342637	519668	HG00173.HO	Finnish.HO
824	-0.05207014153724176	0.014735988055673426	519641	HG00182.HO	Finnish.HO
825	-0.006469131654589176	-0.05006855289201134	519475	HG01747.HO	Spanish.HO
826	-0.008977563588927871	-0.05329531824323885	519530	HG01746.HO	Spanish.HO
827	-0.008059870260214794	-0.05656162352940729	519216	HG01675.HO	Spanish.HO
828	-0.008193522524190354	-0.054507504060905466	519784	HG01680.HO	Spanish.HO
829	-0.012560501088081417	-0.050624009719144804	519958	HG01682.HO	Spanish.HO
830	-0.020823469229448294	-0.058884067270936966	519840	HG01700.HO	Spanish_North.HO
831	-0.008315056948679128	-0.05076838720541146	519586	HG01679.HO	Spanish.HO
832	-0.02026490545834202	-0.061816404788848686	519769	HG01702.HO	Spanish_North.HO
833	-0.015076601797701168	-0.06075586409556482	519708	HG01676.HO	Spanish.HO
834	-0.009183817678523234	-0.05136181031101311	519816	HG01684.HO	Spanish.HO
835	-0.0031910115505600412	-0.05368982384731686	519764	HG01705.HO	Spanish.HO
836	-0.00458665561371326	-0.05031619378398739	519545	HG01707.HO	Spanish.HO
837	0.0017058822630093712	-0.04682969174974915	519594	HG01685.HO	Spanish.HO
838	-0.006239898264970472	-0.05243174283844358	519578	HG01686.HO	Spanish.HO
839	0.005586517475105678	-0.05122518156643968	519237	HG01704.HO	Spanish.HO
840	-0.005563728672864091	-0.05034291152722455	519791	HG01673.HO	Spanish.HO
841	-0.007904085701242479	-0.05598023751514743	519964	HG01761.HO	Spanish.HO
842	-0.003401707535229737	-0.05337065687075997	519703	HG01770.HO	Spanish.HO
843	-0.01372399354166069	-0.050629213247421846	519564	HG01762.HO	Spanish.HO
844	-0.00714785514710672	-0.056460773818266016	519684	HG01773.HO	Spanish.HO
845	-0.004745929656585254	-0.043914597450355974	519493	HG02220.HO	Spanish.HO
846	-0.005177762516997421	-0.05564384926517645	519785	HG02238.HO	Spanish.HO
847	-0.005119818894306474	-0.05582729696416251	519854	HG01678.HO	Spanish.HO
848	-0.00012467853109937347	-0.05292902350200056	519820	HG01699.HO	Spanish.HO
849	-0.0013007565397428788	-0.046666738175080595	519787	HG01697.HO	Spanish.HO
850	-0.03279991635666655	-0.023068817818591707	519811	HG00160.HO	English.HO
851	0.0709572562314558	-0.006287337002609747	499767	IranianJew1560.HO	Ignore_Jew_Iranian.HO
852	0.07062356108895129	-0.05294058274776095	508454	LibyanJew1438.HO	Jew_Libyan.HO
853	0.032453737660594464	-0.03532095311122482	507594	Malta4AM91.HO	Maltese.HO
854	0.035617706017912136	-0.03907569246689919	509310	Malta8AM91.HO	Maltese.HO
855	-0.019605650721456133	-0.017949187110355876	515436	CRO53.HO	Croatian.HO
856	0.04168430176102795	-0.03243605758953877	515547	AshkenaziJew5779.HO	Jew_Ashkenazi.HO
857	0.07083964507619993	-0.04024820177847634	515730	SephardiJewTurkey6051.HO	Ignore_Jew_Turkish.HO
858	0.05021791531223124	-0.03482475842382161	515835	SephardiJewTurkey4955.HO	Jew_Turkish.HO
859	-0.03632738205910085	-0.015703381366248916	516720	NOR119.HO	Norwegian.HO
860	0.047247664324890304	-0.01894600722524195	517694	Balikesir16558.HO	Ignore_Turkish.HO
861	-0.03814642315390423	-0.016211917329320185	516798	NOR124.HO	Norwegian.HO
862	-0.015363590753831213	-0.01470236087671357	517062	CRO103.HO	Croatian.HO
863	-0.018939735514360238	-0.01405597174046126	517041	CRO107.HO	Croatian.HO
864	0.06876959617815535	-0.04843859829704237	516982	TunisianJew1421.HO	Jew_Tunisian.HO
865	0.04903387743833319	-0.02993487382796925	517220	SephardiJewTurkey5877.HO	Jew_Turkish.HO
866	0.02873626260723328	-0.03393410094014877	517252	TP08.HO	Sicilian.HO
867	0.01303841190410955	-0.031686194107176005	516825	GREEKGRALPOP18.HO	Greek.HO
868	0.03521758072965859	-0.031270512074959685	517683	AshkenaziJew5782.HO	Jew_Ashkenazi.HO
869	0.03409956699579013	-0.03462076897001673	517613	BEL57.HO	Italian_South.HO
870	-0.027106620783443298	-0.06348420703008753	516782	BAS35.HO	Basque.HO
871	0.02961370341666655	-0.029691772581422	517965	SR23.HO	Sicilian.HO
872	-0.02439905009829091	-0.020277319755323507	518039	CRO47.HO	Croatian.HO
873	-0.030779537047573663	-0.019639477156183683	518100	NOR106.HO	Norwegian.HO
874	-0.019441413481869507	-0.01474700286084384	518218	CRO41.HO	Croatian.HO
875	0.04200028192092333	-0.042722868965257406	517365	Malta7AM91.HO	Maltese.HO
876	0.05443683789485584	-0.04401626351845913	518255	SephardiJewTurkey4953.HO	Jew_Turkish.HO
877	0.054179535976076755	-0.04104287774862476	518004	SephardiJewTurkey6077.HO	Jew_Turkish.HO
878	-0.036078301512226435	-0.0214776312954827	518208	NOR101.HO	Norwegian.HO
879	0.05592161919584374	-0.032617617127235175	518164	SephardiJewTurkey5832.HO	Jew_Turkish.HO
880	0.105996439094874	-0.051801833210751894	518234	YemeniteJew4684.HO	Jew_Yemenite.HO
881	0.03507182713598973	-0.03574559137934029	518420	TP05.HO	Sicilian.HO
882	0.047187913940390645	-0.0010687517432997398	518190	Kayseri24392.HO	Turkish.HO
883	0.11119932646386563	-0.055552648953374285	518359	YemeniteJew4695.HO	Jew_Yemenite.HO
884	0.036020661080296196	-0.032855526546774115	518362	SR60.HO	Sicilian.HO
885	-0.03694562183844914	-0.017470963467034858	518422	NOR146.HO	Norwegian.HO
886	0.027773777541442286	-0.03778821620239733	518675	TP06.HO	Sicilian.HO
887	0.0019596090326571983	-0.015270101026259211	518712	AshkenaziJew5780.HO	Ignore_Jew_Ashkenazi.HO
888	-0.04038676828080421	-0.019468739081563435	518618	NOR108.HO	Norwegian.HO
889	-0.010886427233218275	-0.013461187731580058	518576	CRO66.HO	Croatian.HO
890	0.07572171863711269	-0.0018473757812127217	518460	IranianJew1409.HO	Jew_Iranian.HO
891	-0.03848003128685257	-0.020185382676994813	518575	NOR126.HO	Norwegian.HO
892	0.04693991640123119	-0.0326408404877207	518604	SephardiJewTurkey5075.HO	Jew_Turkish.HO
893	0.01644694899225957	-0.02719102437342195	518378	GREEKGRALPOP13.HO	Greek.HO
894	0.038253256096608935	-0.035792927223102206	518719	TP07.HO	Sicilian.HO
895	-0.026244089681735736	-0.06524155315193374	518420	BAS31.HO	Basque.HO
896	0.008448256583691267	-0.02013940233133497	517905	ALB191.HO	Albanian.HO
897	0.011001654094196102	-0.023160620911506117	518322	GREEKGRALPOP15.HO	Greek.HO
898	0.045821950083800814	-0.031085465763955444	518767	SephardiJewTurkey4950.HO	Jew_Turkish.HO
899	-0.04012607000588191	-0.013282674673104365	518781	NOR107.HO	Norwegian.HO
900	0.05139450469695108	-0.0410282034988297	518832	SephardiJewTurkey5033.HO	Jew_Turkish.HO
901	0.014265578588910442	-0.024001576567155212	518411	GREEKGRALPOP5.HO	Greek.HO
902	0.10470654347333087	-0.050023513086051345	518853	YemeniteJew4675.HO	Jew_Yemenite.HO
903	-0.014999160428077843	-0.016210453688958192	518894	CRO153.HO	Croatian.HO
904	-0.040719497769194875	-0.021720866678956133	518814	NOR109.HO	Norwegian.HO
905	-0.021471558626541966	-0.05456319016719909	518472	SouthFrench3326.HO	French.HO
906	0.01173673477370769	-0.02646857721238607	518526	GREEKGRALPOP9.HO	Greek.HO
907	0.02385141415552532	-0.036070226402003525	518954	TP04.HO	Sicilian.HO
908	-0.016205948528215948	-0.018135029059693435	519009	CRO31.HO	Croatian.HO
909	0.03189637244645164	-0.03628014260938851	518943	TP25.HO	Sicilian.HO
910	0.02229306633863082	-0.02584238029359143	518715	GREEKGRALPOP4.HO	Greek.HO
911	0.0663046328996569	-0.04795567432412845	518928	LibyanJew1601.HO	Jew_Libyan.HO
912	0.06034369217784405	-0.04323806854793722	518931	MoroccanJew5134.HO	Ignore_Jew_Moroccan.HO
913	-0.017540205422960965	-0.0171839794349198	518987	CRO93.HO	Croatian.HO
914	0.036029920694408406	-0.041059388460350524	518377	Malta17AM91.HO	Maltese.HO
915	-0.017667946213891398	-0.05425865590367517	518822	SouthFrench3947.HO	French.HO
916	-0.020522420693359467	-0.053599846200852855	518634	SouthFrench1323.HO	French.HO
917	0.03155697705340705	-0.031356924356392375	519101	SR48R.HO	Sicilian.HO
918	0.032412570272327364	0.0006330898278873372	518882	Balikesir16675.HO	Turkish_Balikesir.HO
919	0.10753300671675811	-0.04703863788241318	519101	YemeniteJew4938.HO	Jew_Yemenite.HO
920	0.0331082989338045	-0.03534708124610188	519040	SR44.HO	Sicilian.HO
921	0.03476117491012126	-0.03388232895588265	519082	SR64.HO	Sicilian.HO
922	-0.04366216456782096	-0.014018717004524945	519094	NOR148.HO	Norwegian.HO
923	0.07667613410535119	-0.015509184761186776	519120	IraqiJew4061.HO	Jew_Iraqi.HO
924	0.05758687573833637	-0.028179065053299972	518569	CYP19.HO	Cypriot.HO
925	-0.015962105906774868	-0.018604279732001256	519266	CRO48.HO	Croatian.HO
926	0.010394127333374897	-0.022753086011268093	518927	GREEKGRALPOP17.HO	Greek.HO
927	0.013521994980373136	-0.025124924619408052	518782	ALB213.HO	Albanian.HO
928	0.0311275167689924	0.00021407536109319786	518891	Turkish7BA57.HO	Turkish.HO
929	-0.025934267243125964	-0.06322537679591991	518613	BAS22.HO	Basque.HO
930	0.016791845504642976	-0.026607451233899914	518959	GREEKGRALPOP16.HO	Greek.HO
931	0.06675617751638055	-0.04397821424983346	519056	LibyanJew1104.HO	Jew_Libyan.HO
932	0.035293351563026244	0.003291717133431809	519055	Balikesir16790.HO	Turkish_Balikesir.HO
933	-0.03878013525739472	-0.021338002310711465	519342	NOR111.HO	Norwegian.HO
934	-0.014323624849562459	-0.06325135682413585	518899	SouthFrench3951.HO	French.HO
935	-0.02609701889186907	-0.06310429102719037	518692	BAS25.HO	Basque.HO
936	-0.021177725277918426	-0.06817954410877802	518941	BAS32.HO	Basque.HO
937	0.012560994812702253	-0.023026054514879053	518822	GREEKGRALPOP11.HO	Greek.HO
938	0.016881547128267893	-0.01901584739775189	518910	GREEKGRALPOP10.HO	Greek.HO
939	0.07228395671280113	-0.014538876831860633	519219	IraqiJew1524.HO	Ignore_Jew_Iraqi.HO
940	0.04457682359867663	-0.02937913922156158	518994	Malta2AM91.HO	Maltese.HO
941	0.011926308608932774	-0.029036481118909475	519143	GREEKGRALPOP3.HO	Greek.HO
942	0.04062083715356018	-0.04218339297790945	519127	Malta16AM91.HO	Maltese.HO
943	0.009192450992218047	-0.022848137958987234	519150	GREEKGRALPOP8.HO	Greek.HO
944	0.07546386888921701	-0.008246592534950282	519342	IranianJew1132.HO	Jew_Iranian.HO
945	0.05333418610011817	-0.04776767153010925	519326	MoroccanJew5126.HO	Jew_Moroccan.HO
946	0.0211299193289975	-0.00047985066515044854	519167	Turkish8BA62.HO	Turkish.HO
947	0.06276751815499297	-0.049512536984995664	519331	LibyanJew1462.HO	Jew_Libyan.HO
948	0.06027999536894078	-0.024863720983787356	519057	CYP5.HO	Cypriot.HO
949	0.05432700727555717	-0.04150916483087213	519349	IraqiJew4077.HO	Ignore_Jew_Iraqi.HO
950	-0.020600044532629883	-0.056067530203940646	519211	SouthFrench3068.HO	French.HO
951	0.046043205329138435	-0.02334924987617122	519239	Cyprus13AJ19.HO	Cypriot.HO
952	0.07165909592318526	-0.05433737733427656	519484	TunisianJew1763.HO	Jew_Tunisian.HO
953	0.03451342916876991	-0.037171688086242924	519290	Malta15AM91.HO	Maltese.HO
954	0.05579342747369146	-0.03878789367413658	519498	MoroccanJew4634.HO	Jew_Moroccan.HO
955	0.07253213168184822	-0.016374126247895148	519427	IraqiJew1424.HO	Ignore_Jew_Iraqi.HO
956	0.06809116677585123	-0.053000694696521494	519429	LibyanJew1263.HO	Jew_Libyan.HO
957	0.05078444534798165	0.00778733149960256	519367	Istanbul20010.HO	Turkish.HO
958	-0.023881923990801784	-0.0710106755354558	519301	BAS30.HO	Basque.HO
959	0.06037741037594577	-0.0294567975416616	519266	Cyprus24AJ19.HO	Cypriot.HO
960	0.11266772283502552	-0.06111151851626949	519477	YemeniteJew4667.HO	Jew_Yemenite.HO
961	0.07620691672989825	-0.05574367273804119	519524	TunisianJew1507.HO	Jew_Tunisian.HO
962	0.07960856776345865	-0.010260630356233903	519543	IraqiJew4241.HO	Jew_Iraqi.HO
963	0.0630898611360653	-0.042615002083507915	519643	TunisianJew1544.HO	Jew_Tunisian.HO
964	0.03233220964801489	-0.028026952686529747	519465	AshkenaziJew5783.HO	Jew_Ashkenazi.HO
965	0.03478763664783767	0.0072238487197629426	519397	Turkish4BA57.HO	Turkish.HO
966	0.037614207549178214	-0.030429566943257314	519590	AshkenaziJew5704.HO	Jew_Ashkenazi.HO
967	0.05603239865389599	-0.04158623384499461	519531	MoroccanJew4789.HO	Jew_Moroccan.HO
968	0.0754079785977356	-0.0061933148217543825	519546	IranianJew1159.HO	Jew_Iranian.HO
969	0.05562252724457005	-0.04154163727474922	519558	MoroccanJew5168.HO	Jew_Moroccan.HO
970	0.07635939705205326	-0.005854617768576486	519541	IranianJew1513.HO	Jew_Iranian.HO
971	0.03405716496237609	-0.030918652457014074	519600	AshkenaziJew5728.HO	Jew_Ashkenazi.HO
972	0.012446271809329232	-0.019168312938064484	519433	ALB202.HO	Albanian.HO
973	-0.00932450274937818	-0.04810616016228722	519432	BAS29.HO	Ignore_Basque.HO
974	0.10560038429031361	-0.054363052135665446	519499	YemeniteJew4960.HO	Jew_Yemenite.HO
975	0.017829165790430725	-0.020446450825125143	519482	GREEKGRALPOP12.HO	Greek.HO
976	-0.015104371322942832	-0.058238387307617316	519517	SouthFrench1112.HO	French.HO
977	0.03463142185098757	-0.04036410062684137	519674	AshkenaziJew5790.HO	Jew_Ashkenazi.HO
978	0.04643437873164873	0.006022383293072756	519473	Trabzon21529.HO	Ignore_Turkish.HO
979	0.05655553929482912	-0.027523247299079324	519430	CYP2.HO	Cypriot.HO
980	0.06583575606323187	0.0021354244629967893	519681	GeorgianJew1607.HO	Jew_Georgian.HO
981	0.06592672749299043	-0.0014968315267439001	519687	GeorgianJew1671.HO	Jew_Georgian.HO
982	0.0785801239390361	-0.030614764303443107	519472	Cyprus2AJ19.HO	Cypriot.HO
983	0.051585458554423376	0.004845035496800775	519571	Adana23114.HO	Turkish.HO
984	0.0165835168926873	-0.02921668197518789	519483	GREEKGRALPOP14.HO	Greek.HO
985	0.07509795471174986	-0.012207588867910048	519703	IranianJew1556.HO	Jew_Iranian.HO
986	0.06715272608935963	-0.049728990824515214	519777	TunisianJew1170.HO	Jew_Tunisian.HO
987	0.06751907116721186	-0.05513457307604583	519607	TunisianJew1531.HO	Jew_Tunisian.HO
988	0.03142919106908491	-0.016891963233905773	519507	Balikesir16563.HO	Ignore_Turkish.HO
989	-0.0196652648241694	-0.05907104267241443	519610	SouthFrench4018.HO	French.HO
990	0.06277114236173165	0.007076668509629524	519562	Trabzon21177.HO	Turkish.HO
991	0.06374061410712845	0.0014852824949756894	519582	GeorgianJew1577.HO	Jew_Georgian.HO
992	-0.025780837208684505	-0.06412733064081584	519596	BAS28.HO	Basque.HO
993	0.0368923099995352	0.0056254361888594465	519621	Aydin18784.HO	Turkish.HO
994	0.07839962380684311	-0.012679597526554828	519745	IraqiJew1417.HO	Jew_Iraqi.HO
995	0.038872812658784624	0.011626936496092904	519633	Istanbul19810.HO	Turkish.HO
996	0.06552354099649536	0.00024106239830886964	519626	Trabzon21557.HO	Turkish.HO
997	0.06396333820061262	-0.05201308437194552	519711	LibyanJew1611.HO	Jew_Libyan.HO
998	0.0656242334700651	0.0031088558343287313	519777	IranianJew1557.HO	Jew_Iranian.HO
999	0.06428852560505009	0.00018803346791719871	519751	GeorgianJew1971.HO	Jew_Georgian.HO
1000	0.06587186027147958	0.00042652058824406425	519773	GeorgianJew1594.HO	Jew_Georgian.HO
1001	0.05838705607623376	-0.0467843934495867	519763	MoroccanJew4692.HO	Jew_Moroccan.HO
1002	0.013238744899413082	-0.03183777211680976	519569	ALB212.HO	Albanian.HO
1003	-0.04515322523361542	-0.0013955249903779834	519746	GeorgianJew1961.HO	Ignore_Jew_Georgian.HO
1004	0.07457639140053866	-0.013507454355329712	519727	IraqiJew1771.HO	Jew_Iraqi.HO
1005	0.10936167284817797	-0.0564231975309513	519747	YemeniteJew5433.HO	Jew_Yemenite.HO
1006	0.01822938136679153	-0.027023270953356392	519569	ALB220.HO	Albanian.HO
1007	0.057612744929820624	-0.0341037585117495	519576	Cyprus22AJ19.HO	Cypriot.HO
1008	0.11117298316113193	-0.047176260008661895	519735	YemeniteJew4937.HO	Jew_Yemenite.HO
1009	0.03796426604001974	-0.0438103975164879	519643	Malta12AM91.HO	Maltese.HO
1010	0.05903110512899597	-0.002206467592430185	519700	Trabzon21534.HO	Turkish.HO
1011	0.0656609627016336	-0.04900014212174887	519771	LibyanJew1605.HO	Jew_Libyan.HO
1012	-0.02412563767055229	-0.064472187281575	519681	BAS27.HO	Basque.HO
1013	0.06873777547503963	-0.025367484258585406	519598	Cyprus21AJ19.HO	Cypriot.HO
1014	0.06408144236374741	-0.04661104937105829	519799	TunisianJew1511.HO	Jew_Tunisian.HO
1015	0.04456692533640685	0.011886213253455622	519715	Turkish9BA57.HO	Turkish.HO
1016	0.05130574650469462	0.005484712675817207	519690	Kayseri24075.HO	Turkish.HO
1017	0.08102562432842297	-0.01759131540159059	519817	IraqiJew4291.HO	Jew_Iraqi.HO
1018	0.0092334775506082	-0.027037309010406126	519729	ALB230.HO	Albanian.HO
1019	0.03031469911996344	-0.030910070308140095	519815	AshkenaziJew5775.HO	Ignore_Jew_Ashkenazi.HO
1020	0.073654698311141	-0.02432536355149187	519732	Adana23108.HO	Turkish.HO
1021	0.07990298671507867	-0.00862753169591202	519833	IranianJew1143.HO	Jew_Iranian.HO
1022	0.0555426464835467	-0.04275043672704929	519892	MoroccanJew4683.HO	Jew_Moroccan.HO
1023	0.03218461356849905	0.0014376942751173397	519781	Balikesir16887.HO	Turkish_Balikesir.HO
1024	0.07443210124487432	-0.006716318667416872	519860	IranianJew1832.HO	Jew_Iranian.HO
1025	0.07137749482182452	-0.0025817025115196	519931	GeorgianJew1654.HO	Jew_Georgian.HO
1026	-0.01988184293798132	-0.06636630667259091	519791	BAS33.HO	Basque.HO
1027	0.040514705159121936	-0.03521965587893334	519854	GeorgianJew1972.HO	Ignore_Jew_Georgian.HO
1028	0.06729285168694707	0.0026652638734408272	519913	GeorgianJew1883.HO	Jew_Georgian.HO
1029	0.07066376626074947	-0.049334847136045336	519903	LibyanJew1639.HO	Jew_Libyan.HO
1030	0.06874823804124515	-0.055338123708277946	519947	LibyanJew1659.HO	Jew_Libyan.HO
1031	0.04688694717156344	0.008391284240349678	519830	Kayseri24266.HO	Turkish.HO
1032	0.03496424036359456	0.006137870608019913	519844	Balikesir16653.HO	Turkish_Balikesir.HO
1033	0.0042692288964558	-0.0015297509513522458	519865	Istanbul25095.HO	Turkish.HO
1034	0.04257824007085321	0.00818166719726221	519825	Aydin18112.HO	Turkish.HO
1035	0.004136375934522107	-0.01691653854684857	519824	Aydin18414.HO	Ignore_Turkish.HO
1036	0.04487376363852716	0.0018757690593265448	519866	Kayseri24402.HO	Turkish.HO
1037	0.037337464475587445	-0.02060403000492665	519856	Balikesir16577.HO	Ignore_Turkish.HO
1038	0.033339829482146	0.0032835997649669412	519890	Istanbul25081.HO	Turkish.HO
1039	0.03303155709498011	0.02244664999442378	519875	Aydin18596.HO	Turkish.HO
1040	0.045783362663005485	0.01973529361238	519830	Istanbul17778.HO	Turkish.HO
1041	0.07726250387855803	-0.009599236970690008	519985	IraqiJew1430.HO	Jew_Iraqi.HO
1042	0.0185278533948221	-0.010833339666122342	519918	Istanbul15781.HO	Turkish.HO
1043	0.06829939925323947	-0.022032205388148027	519917	Adana23136.HO	Turkish.HO
1044	0.037122534978583366	-0.03211099724397741	520024	AshkenaziJew5788.HO	Jew_Ashkenazi.HO
1045	0.05459273763253543	0.01988304016415341	519957	Adana23113.HO	Turkish.HO
1046	0.058031638215477285	0.005610286645142317	519943	Trabzon21575.HO	Turkish.HO
1047	0.040912075309385156	0.010619427004459385	519979	Aydin18636.HO	Turkish.HO
1048	0.058153155498819546	0.014651515448787358	519978	Istanbul20040.HO	Turkish.HO
1049	0.043395485742874315	-0.00506811528912823	519973	Aydin18587.HO	Ignore_Turkish.HO
1050	0.04703934451736894	0.022059279175852712	519955	Adana23144.HO	Turkish.HO
1051	0.04891893153550262	0.012897032730795397	519969	Kayseri23967.HO	Turkish.HO
1052	0.07783366818613952	-0.006215775963602752	520078	IranianJew1845.HO	Jew_Iranian.HO
1053	0.05413209995799069	0.008637356687741732	519989	Trabzon21174.HO	Turkish.HO
1054	0.031582080044585646	0.004147900887538189	519998	Aydin18873.HO	Turkish.HO
1055	0.05184139719438606	0.005724862275926066	520010	Kayseri23892.HO	Turkish.HO
1056	0.03876654967891472	0.011463889324198673	520039	Istanbul19185.HO	Turkish.HO
1057	0.003946016969830936	-0.019018520242479207	520028	Istanbul25098.HO	Turkish.HO
1058	0.05380162819483255	0.002458028254243455	520019	Adana23133.HO	Turkish.HO
1059	0.04757839645353529	6.295552294538386e-05	520019	Aydin18948.HO	Ignore_Turkish.HO
1060	0.054142015554382576	0.0003110448491881009	520016	Trabzon21515.HO	Turkish.HO
1061	0.05174250013933106	0.004599606043145802	520011	Kayseri24032.HO	Turkish.HO
1062	0.05284180208472585	0.009916263182573213	520017	Kayseri23549.HO	Turkish.HO
1063	0.05982862719434903	0.007017980903879658	520057	Trabzon21544.HO	Turkish.HO
1064	0.033553810194767233	0.004506752216662416	520049	Adana23150.HO	Turkish.HO
1065	0.053049171146947696	0.0013064786108309243	520055	Kayseri23271.HO	Turkish.HO
1066	0.053930978360711625	0.008631718974406842	520055	Trabzon21645.HO	Turkish.HO
1067	0.0567766227384271	-0.012118471307555907	520061	Adana23147.HO	Turkish.HO
1068	0.04339701959613603	-0.015325156174361398	520037	Balikesir16514.HO	Ignore_Turkish.HO
1069	0.04117093020686432	0.024404120019859758	520126	Aydin18483.HO	Turkish.HO
1070	0.03402620778963953	0.0034095085144599077	520089	Balikesir17006.HO	Turkish_Balikesir.HO
1071	0.035278316765793544	0.010639173245843573	520124	Aydin18419.HO	Turkish.HO
1072	0.054589079467328445	0.008018793319089862	520096	Kayseri24276.HO	Turkish.HO
1073	0.045492189160221075	0.019145130006612745	520127	Istanbul19708.HO	Turkish.HO
1074	0.06436445792566846	0.007755233650005041	520115	Trabzon21173.HO	Turkish.HO
1075	0.048548857181437574	0.008090295827359385	520123	Adana23112.HO	Turkish.HO
1076	0.04708078208030879	0.004330671008241474	520184	Adana23117.HO	Turkish.HO
1077	0.0766886944939724	-0.028822836364511394	514746	Lebanese1AQ127.HO	Lebanese_Christian.HO
1078	0.07378160895964249	-0.02506402403698394	514383	Lebanese1AQ170.HO	Lebanese_Christian.HO
1079	0.07828824691088736	-0.02565092120223047	515663	Lebanese2AQ121.HO	Lebanese_Muslim.HO
1080	0.07071008853889024	-0.01932222103699727	505053	Lebanese2AQ127.HO	Lebanese_Muslim.HO
1081	0.07297656194319897	-0.028812015566492058	515032	Lebanese4AQ115.HO	Lebanese_Christian.HO
1082	0.07222246968135801	-0.026343721673876313	512337	Lebanese6AQ115.HO	Lebanese_Christian.HO
1083	0.0714781393203643	-0.024281565978484288	510742	Lebanese6AQ170.HO	Lebanese_Christian.HO
1084	0.06501377423181831	-0.022634088656057098	515655	Lebanese6AS15.HO	Lebanese_Muslim.HO
1085	0.06568683503540139	-0.011005833500153979	512496	Lebanese7AQ150.HO	Lebanese_Muslim.HO
1086	0.06759728672026731	-0.01719589056687812	515716	Lebanese7AR20.HO	Lebanese_Muslim.HO
1087	0.07468179591915165	-0.0216987265759117	515637	Lebanese7AR23.HO	Lebanese_Muslim.HO
1088	0.07192950434086401	-0.030387262052282822	514981	Lebanese8AS15.HO	Lebanese_Christian.HO
1089	0.07570446933857156	-0.030728651397570462	515759	Lebanese10AQ127.HO	Lebanese_Muslim.HO
1090	0.07716467996072165	-0.02337894653281574	515653	Lebanese10AR37.HO	Lebanese_Christian.HO
1091	0.07036892328023842	-0.026658118520158633	515743	Lebanese11AS14.HO	Lebanese_Muslim.HO
1092	0.07042387165647586	-0.025903052733188946	497924	Lebanese15AR37.HO	Lebanese_Christian.HO
1093	0.07720471329068368	-0.02529797851964003	515237	Lebanese20AR21.HO	Lebanese_Muslim.HO
1094	0.07441689626008717	-0.024020727672100204	515293	Lebanese22BA23.HO	Lebanese_Christian.HO
1095	0.07267596972826548	-0.019221867840972795	514997	Lebanese24AR27.HO	Lebanese_Muslim.HO
1096	0.0742785250339758	-0.023386279615655675	509364	Lebanese30AR21.HO	Lebanese_Muslim.HO
1097	-0.03594608312251953	-0.026888434836870326	511714	French23812.HO	French.HO
1098	-0.024849385716443847	-0.029950838805693516	515732	French23814.HO	French.HO
1099	-0.0003020876463208508	-0.030609126247790077	515251	French23821.HO	French.HO
1100	-0.026315856389941827	-0.03256875800490477	515024	French23830.HO	French.HO
1101	-0.03248437901085616	-0.02434935689892018	514989	French23833.HO	French.HO
1102	-0.025721944055931797	-0.027392167580902724	513748	French23862.HO	French.HO
1103	-0.025138528452358557	-0.024837784259182098	513690	French23915.HO	French.HO
1104	-0.012215364468443133	-0.03359927220304249	512584	French23919.HO	French.HO
1105	-0.010241608529139492	-0.02806965359891186	513075	French23952.HO	Ignore_French.HO
1106	-0.03615447386745097	-0.026360497043104	510974	French23989.HO	French.HO
1107	-0.02499267173994649	-0.02982405054055473	515376	French24061.HO	French.HO
1108	-0.018735387998189166	-0.03679153313788467	513646	French24075.HO	French.HO
1109	-0.017875321943673618	-0.03166588131715428	514686	French24076.HO	French.HO
1110	-0.03594304606448946	-0.021719989934870756	515844	French24090.HO	French.HO
1111	-0.03131871939029981	-0.03111229368529112	514595	French24118.HO	French.HO
1112	-0.03206884944047982	-0.029080712922167642	513898	French24120.HO	French.HO
1113	-0.012493238231523955	-0.03453837992603856	512817	French24124.HO	French.HO
1114	-0.016466656185308504	-0.03465149084086933	505714	French24144.HO	French.HO
1115	-0.018251768515746537	-0.03334356196443348	515405	French24148.HO	French.HO
1116	-0.018952320764102276	-0.027125075384802255	511610	French24178.HO	French.HO
1117	-0.03642463504830267	-0.024699342223480185	514686	French24247.HO	French.HO
1118	-0.03371965882642282	-0.02562204695455531	515009	French24381.HO	French.HO
1119	-0.03547509169752667	-0.030359003090541157	514809	French24400.HO	French.HO
1120	-0.020022497063771183	-0.027452088980556615	514464	French24408.HO	French.HO
1121	-0.017387926069179372	-0.029922666915818907	510828	French24433.HO	French.HO
1122	-0.024729402237097603	-0.023101652464063763	515642	French24434.HO	French.HO
1123	-0.017155379928986733	-0.028326068685046914	515562	French24437.HO	French.HO
1124	-0.020163729202908497	-0.026719238494670818	514620	French24690.HO	French.HO
1125	-0.02132718471384161	-0.029686041728400166	506609	French24817.HO	French.HO
1126	-0.021637526235266623	-0.03558260704856019	515558	French25068.HO	French.HO
1127	0.06180171164036654	0.03489878945609972	515505	PV019.HO	Iranian.HO
1128	0.05980678292187516	0.02352159429654259	513828	PV020.HO	Iranian.HO
1129	0.05686070186080088	0.03253222714638203	514119	PV021.HO	Iranian.HO
1130	0.060447950210689966	0.03241368771138282	515918	PV022.HO	Iranian.HO
1131	0.060933108115908796	0.03676384277403293	515575	PV023.HO	Iranian.HO
1132	0.061176849104873816	0.03363160349615588	515971	PV024.HO	Iranian.HO
1133	0.06311927115934972	0.029792026864908568	515137	PV025.HO	Iranian.HO
1134	0.06044686910823015	0.03721624561805361	513967	PV026.HO	Iranian.HO
1135	0.06354081261941438	0.031439447029163445	513881	PV027.HO	Iranian.HO
1136	0.06252147809479543	0.034665913570968446	515726	PV028.HO	Iranian.HO
1137	0.03674632872354262	-0.03039629619677854	515816	ITS4.HO	Italian_South.HO
1138	0.03165292178763309	-0.0320524176916693	515522	ITS5.HO	Italian_South.HO
1139	0.030483095886066094	-0.033084371712481964	512631	ITS7.HO	Italian_South.HO
1140	0.06273591542142337	0.012737563349504032	514589	PV009.HO	Iranian.HO
1141	0.06034302943932716	0.017426863653037465	497043	PV010.HO	Iranian.HO
1142	0.061875606307370656	0.01680764758266721	515486	PV011.HO	Iranian.HO
1143	0.07194457047993691	0.016820484053325792	515953	PV012.HO	Iranian.HO
1144	0.06169804443105293	0.02257238416948015	515489	PV013.HO	Iranian.HO
1145	0.0559178863530874	0.017976062738304703	515296	PV014.HO	Iranian.HO
1146	0.06410263794247587	0.01686466432625731	514992	PV015.HO	Iranian.HO
1147	0.06814441251927378	0.012912486434353181	515583	PV016.HO	Iranian.HO
1148	0.059001301186797	0.018815566072510004	515604	PV017.HO	Iranian.HO
1149	0.060112477968385696	0.022297081914455782	514730	PV018.HO	Iranian.HO
1150	0.06530594055551053	0.0188186357129872	515139	PV029.HO	Iranian.HO
1151	0.06528702469930085	0.016900506249866012	515085	PV030.HO	Iranian.HO
1152	0.06411731168636105	0.027526946708300113	513792	PV031.HO	Iranian.HO
1153	0.06426424634704447	0.02351035847916623	513766	PV032.HO	Iranian.HO
1154	0.059312063750755185	0.019179932770907224	515032	PV033.HO	Iranian.HO
1155	0.060773628347281596	0.016849376288926052	515068	PV034.HO	Iranian.HO
1156	0.05902218245360113	0.021694719288993018	512719	PV035.HO	Iranian.HO
1157	0.0677867629993996	0.01694322497450678	513247	PV036.HO	Iranian.HO
1158	0.06426840299673083	0.015427100129161415	515397	PV037.HO	Iranian.HO
1159	0.05623942969965372	0.02234926311231928	511469	PV038.HO	Iranian.HO
1160	-0.01829228560074068	-0.017606748961720996	516136	A306.HO	Romanian.HO
1161	-0.0057971125610268865	-0.019279931429424704	514150	A325.HO	Romanian.HO
1162	-0.005313609984058253	-0.024658942556720694	515967	A343.HO	Romanian.HO
1163	-0.009716816039104096	-0.01715464362117454	516071	A362.HO	Romanian.HO
1164	-0.01087199817148209	-0.017235900546790143	515787	A374.HO	Romanian.HO
1165	0.0734127657389418	-0.00030294078782041754	513854	Assyrian151.HO	Assyrian.HO
1166	0.06687821926518214	0.002506316650215857	516032	Assyrian152.HO	Assyrian.HO
1167	0.06599764759071886	-0.0014472740795290287	516094	Assyrian153.HO	Assyrian.HO
1168	0.07122171802464948	-0.009431158344173572	515839	Assyrian155.HO	Assyrian.HO
1169	0.07411857521396935	-0.0024449655166200244	516141	Assyrian159.HO	Assyrian.HO
1170	0.06802101707455294	0.0077788789746845765	516186	Assyrian160.HO	Assyrian.HO
1171	0.07131425743115888	-0.0022808395200003616	516139	Assyrian161.HO	Assyrian.HO
1172	0.07433569580874444	-0.004622837279708718	516073	Assyrian162.HO	Assyrian.HO
1173	0.06550261068078748	0.001159319560613656	515734	Assyrian163.HO	Assyrian.HO
1174	0.06872422870103667	-0.006758592577469504	516093	Assyrian164.HO	Assyrian.HO
1175	0.07040293832368445	-0.00032750100764104064	516180	Assyrian165.HO	Assyrian.HO
1176	-0.005680216686434882	-0.01541926050480698	515822	G408.HO	Romanian.HO
1177	-0.004736431150198674	-0.021252092576467027	516034	G421.HO	Romanian.HO
1178	-0.004491390266333344	-0.0232742128370557	515490	G428.HO	Romanian.HO
1179	-0.0064923968865261	-0.019222497876678877	514996	G429.HO	Romanian.HO
1180	-0.004638478557946732	-0.02003944418811701	515848	G434.HO	Romanian.HO
1181	-0.009043806867384752	-0.05082508644771863	499442	ALB126.HO	Spanish.HO
1182	-0.00882409173498815	-0.05220446903953764	497144	ALB231.HO	Spanish.HO
1183	-0.0029965712873732914	-0.04781382947092347	498153	ALB389.HO	Spanish.HO
1184	-0.0036440142361739715	-0.04831763639581331	493452	ALE005.HO	Spanish.HO
1185	-0.0033862939462047685	-0.05088339475478251	498508	ALE009.HO	Spanish.HO
1186	-0.006233250866298284	-0.03971876938643596	500159	ALE088.HO	Spanish.HO
1187	-0.0003602640416753962	-0.04794790475181901	499598	ALE339.HO	Spanish.HO
1188	-0.005363144868923202	-0.052268514753897724	498940	ARM005.HO	Spanish.HO
1189	-0.006178235987769122	-0.05465811893320293	494837	BON076.HO	Spanish.HO
1190	-0.0117439396015187	-0.05465627974434013	497582	BOS010.HO	Spanish.HO
1191	-0.010096509836633856	-0.04086376506116876	499639	BOS011.HO	Spanish.HO
1192	-0.010084374106826274	-0.04088496678283052	500015	BOS015.HO	Spanish.HO
1193	-0.006749917505050269	-0.04973334729505146	495383	BOS027.HO	Spanish.HO
1194	-0.008889142286920537	-0.04888489359987749	498954	BOS029.HO	Spanish.HO
1195	-0.006844023641150165	-0.042541247402222704	500274	CAL026.HO	Spanish.HO
1196	-0.006588252544486792	-0.0484059167553075	498550	CAL053.HO	Spanish.HO
1197	-0.011653607431229633	-0.04635448447180234	500435	CAL107.HO	Spanish.HO
1198	-0.003699622649483069	-0.044596120408563145	500380	CAR007.HO	Spanish.HO
1199	-0.010120181575948685	-0.047325992134793375	500446	CAR016.HO	Spanish.HO
1200	-0.010000261844519956	-0.04490455937039484	500482	CAR023.HO	Spanish.HO
1201	-0.012809234759334855	-0.047985905716930684	500485	CAR048.HO	Spanish.HO
1202	-0.010780589291984584	-0.05597065311429217	500394	CAR200.HO	Spanish.HO
1203	0.002359765499930546	-0.05450781647124438	500228	CAR212.HO	Spanish.HO
1204	-0.0013321899051639383	-0.046479481036432596	500334	CAR256.HO	Spanish.HO
1205	-0.003365536080096602	-0.0428880772088156	500360	CAR257.HO	Spanish.HO
1206	-0.01109161494561676	-0.04387160491011735	499211	COD068.HO	Spanish.HO
1207	-0.014192816496589614	-0.05121172359708072	499730	COD147.HO	Spanish.HO
1208	-0.009212679903497556	-0.04861645834159831	500352	COM032.HO	Spanish.HO
1209	-0.010868547006371718	-0.04360938587981133	500240	DAN072.HO	Spanish.HO
1210	-0.007153372081025522	-0.050555509528882464	499890	EST038.HO	Spanish.HO
1211	-0.005343149391959041	-0.05070951748790833	500197	EST093.HO	Spanish.HO
1212	-0.006889448514051891	-0.04701627500752093	500210	FER007.HO	Spanish.HO
1213	-0.006538216139438747	-0.050174445170116606	496634	FER015.HO	Spanish.HO
1214	-0.0049627362614077615	-0.05209576914318174	489457	FER023.HO	Spanish.HO
1215	-0.013418416110901632	-0.0552873545902301	500210	FER033.HO	Spanish.HO
1216	-0.00822362887114729	-0.04974928009630243	489923	FER039.HO	Spanish.HO
1217	-0.0038550325604364767	-0.05360304108586675	500310	FER052.HO	Spanish.HO
1218	-0.0010135624420095962	-0.04945957240508925	498920	FER054.HO	Spanish.HO
1219	-0.0035387273331016515	-0.04833964076469126	499646	FER097.HO	Spanish.HO
1220	-0.014179428634417526	-0.051922308143369636	495807	FER101.HO	Spanish.HO
1221	-0.01029291274618406	-0.051619574042771045	498957	FOR066.HO	Spanish.HO
1222	-0.0066745539209310855	-0.04716399941153682	500202	FOR067.HO	Spanish.HO
1223	0.00015859559169990477	-0.045716001623401864	494880	FOR094.HO	Spanish.HO
1224	-0.010334098123045426	-0.048476144939030026	495087	GRA011.HO	Spanish.HO
1225	-0.006569613461171811	-0.04896153269120193	500081	GRA016.HO	Spanish.HO
1226	-0.00928802679947815	-0.05092337555984845	498910	GRA020.HO	Spanish.HO
1227	-0.009659831919093155	-0.043458361405968704	500259	GRA029.HO	Spanish.HO
1228	-0.013091310307167134	-0.05138646876767423	498789	GRA035.HO	Spanish.HO
1229	-0.0064989599098149164	-0.043933366072804715	500436	GRA135.HO	Spanish.HO
1230	-0.009998874352996314	-0.0413835689984817	500437	GUL190.HO	Spanish.HO
1231	0.0002675720694519462	-0.046085617556335785	500357	GUS007.HO	Spanish.HO
1232	-0.003987977607661529	-0.045230462428545976	500533	GUS008.HO	Spanish.HO
1233	-0.009009209143928769	-0.040370898935711184	499529	GUS014.HO	Spanish.HO
1234	-0.005621354424454243	-0.04334831948154126	500341	GUS029.HO	Spanish.HO
1235	-0.00892348837582753	-0.045402762648294105	500383	GUS036.HO	Spanish.HO
1236	-0.008221622330534284	-0.051249941807792805	500448	GUS040.HO	Spanish.HO
1237	-0.00845679632188762	-0.04317136213634433	500384	GUS119.HO	Spanish.HO
1238	-0.002528489792559759	-0.04672242485937893	497824	GUS199.HO	Spanish.HO
1239	-0.009727376511111316	-0.04533750070563223	498613	GUS202.HO	Spanish.HO
1240	-0.002639406707625553	-0.04365904330597027	497557	GUS203.HO	Spanish.HO
1241	-0.012891210146442934	-0.04653738661033925	489359	MAS003.HO	Spanish.HO
1242	-0.010473825716435322	-0.042175658589865495	498185	MAS016.HO	Spanish.HO
1243	-0.0010635058060935595	-0.05021725565482818	498573	MAS064.HO	Spanish.HO
1244	-0.005921095621299006	-0.04960913031651831	500072	MAY035.HO	Spanish.HO
1245	-0.0034159277059637445	-0.04823515478056264	495397	MEL022.HO	Spanish.HO
1246	-0.012276963259277185	-0.036827000141593236	500459	MIQ133.HO	Spanish.HO
1247	-0.0076049836551411116	-0.043120535655257045	498347	MOR061.HO	Spanish.HO
1248	-0.011924020650977295	-0.045405626562192866	500399	MOR068.HO	Spanish.HO
1249	-0.01233902833535484	-0.04282380661968606	500372	MST073.HO	Spanish.HO
1250	-0.013512331566667202	-0.046742263737945516	500273	MST075.HO	Spanish.HO
1251	-0.0052795027289819375	-0.05231762949133458	495425	NAC135.HO	Spanish.HO
1252	-0.004125434568519873	-0.052293277858453	500585	PIT001.HO	Spanish.HO
1253	-0.00899077324876503	-0.0427579410945012	499726	PON058.HO	Spanish.HO
1254	-0.003709261920644552	-0.05313226713701976	500231	RAG111.HO	Spanish.HO
1255	-0.011195384600014069	-0.05139644780317308	498862	REI087.HO	Spanish.HO
1256	-0.009104219810322473	-0.04902340391997134	500265	RIC076.HO	Spanish.HO
1257	-0.004584042744825161	-0.044507984238465616	499988	RIC106.HO	Spanish.HO
1258	-0.005434447230724023	-0.03652952368577871	499108	ROB016.HO	Spanish.HO
1259	-0.007182201004535504	-0.04978248367234151	494140	ROB116.HO	Spanish.HO
1260	-0.008415225535629511	-0.047174799677254804	499874	ROB127.HO	Spanish.HO
1261	-0.004598286187293153	-0.045854900635583506	499126	ROI027.HO	Spanish.HO
1262	-0.01048772634918323	-0.047155595930924644	499821	ROI042.HO	Spanish.HO
1263	-0.002258598650877007	-0.044040752013637656	497381	ROI096.HO	Spanish.HO
1264	-0.006714315688643082	-0.05520116222216391	499584	ROS008.HO	Spanish.HO
1265	-0.011647754975109711	-0.042591863456268086	499635	ROS025.HO	Spanish.HO
1266	-0.0018343630488505834	-0.045035373928170815	495335	SAB009.HO	Spanish.HO
1267	-0.008126336885040405	-0.04987732711836534	499648	SAB014.HO	Spanish.HO
1268	-0.003521160973027773	-0.04825434091695967	500387	SAB019.HO	Spanish.HO
1269	-0.004767666865454647	-0.05114208925332334	499982	SAB131.HO	Spanish.HO
1270	-0.0119267476634662	-0.04616169771394743	498444	SAB137.HO	Spanish.HO
1271	-0.008838559090646953	-0.04987629870648502	495307	SER011.HO	Spanish.HO
1272	-0.009583017304230454	-0.04525142500521838	497986	SER015.HO	Spanish.HO
1273	-0.011328389218619216	-0.04020827336085022	495998	SER018.HO	Spanish.HO
1274	-0.012565896452300548	-0.04331457250591652	497459	SER022.HO	Spanish.HO
1275	-0.01263035966500119	-0.04704976219710649	500452	SER027.HO	Spanish.HO
1276	-0.005095086950636748	-0.045887116719333564	498177	SER064.HO	Spanish.HO
1277	-0.0020146363991792346	-0.054444119313301266	500452	SLA017.HO	Spanish.HO
1278	-0.008790804724974254	-0.04562414404025129	496073	SLM078.HO	Spanish.HO
1279	-0.005049752789811722	-0.04794577834545291	499111	SOL051.HO	Spanish.HO
1280	-0.003830538238773688	-0.05049257626202481	500376	SOL053.HO	Spanish.HO
1281	-0.01360862457548464	-0.04420410630187582	499850	SOL083.HO	Spanish.HO
1282	-0.004151936315234321	-0.05088968991847399	494212	SOL084.HO	Spanish.HO
1283	-0.009796333858288481	-0.0494144509692091	500234	STC091.HO	Spanish.HO
1284	-0.008966419998512365	-0.042819401296862514	499405	VID003.HO	Spanish.HO
1285	-0.012877261707254357	-0.04833984217161037	496922	VID014.HO	Spanish.HO
1286	-0.016874734256656195	-0.043831028684912524	500443	VID016.HO	Spanish.HO
1287	-0.014632495650848967	-0.046790202993678885	500291	VID037.HO	Spanish.HO
1288	-0.009219865841325786	-0.04457771760392403	499675	VID044.HO	Spanish.HO
1289	-0.01117188698375008	-0.04867859050220895	497074	VID048.HO	Spanish.HO
1290	-0.010784947887691812	-0.0524565134019977	500295	VID057.HO	Spanish.HO
1291	-0.008544244864892404	-0.04567478246053502	494203	EIV009_2.HO	Spanish.HO
1292	-0.004425860572486957	-0.046421872592434986	498063	EIV010_2.HO	Spanish.HO
1293	-0.005044624875834523	-0.05307879221851389	498592	EIV011_2.HO	Spanish.HO
1294	0.002781367313945454	-0.051118417319141456	500382	EIV001_2.HO	Spanish.HO
1295	-0.0049110332803047625	-0.047487100495969436	500276	EIV004_2.HO	Spanish.HO
1296	-0.004259691955148563	-0.054935843235834	499632	EIV012_2.HO	Spanish.HO
1297	-0.007711678443220927	-0.049286759656735124	499249	EIV013_2.HO	Spanish.HO
1298	-0.004537782213363913	-0.05116151715655073	499933	EIV014_2.HO	Spanish.HO
1299	-0.007918550546165273	-0.05422224567921612	499708	EIV015_2.HO	Spanish.HO
