	Unnamed: 0	pc1	pc2	#SNP	iid	pop	c
0	0	-0.0317249023582077	-0.0286892909096521	494559	IREJ-T006.HO	Iran_Fars.HO	fuchsia
1	1	-0.0365108596721685	-0.0276491168163242	495565	IREJ-T009.HO	Iran_Fars.HO	fuchsia
2	2	-0.0373973429726007	-0.0227084204298217	496199	IREJ-T022.HO	Iran_Fars.HO	fuchsia
3	3	-0.0390097697365868	-0.0299879881767437	496034	IREJ-T023.HO	Iran_Fars.HO	fuchsia
4	4	-0.041965115086667	-0.0256329610374557	496263	IREJ-T026.HO	Iran_Fars.HO	fuchsia
5	5	-0.0398988819711879	-0.0261748578900357	495840	IREJ-T027.HO	Iran_Fars.HO	fuchsia
6	6	-0.0281377750462844	-0.0256310637296148	495105	IREJ-T037.HO	Iran_Fars.HO	fuchsia
7	7	-0.0383996872321346	-0.0271179997313851	495713	IREJ-T040.HO	Iran_Fars.HO	fuchsia
8	8	-0.0395151255467661	-0.0260186083075486	496172	IREJ-T053.HO	Iran_Fars.HO	fuchsia
9	9	-0.04726155517104	-0.0328130518291452	493719	IREJ-T064.HO	Iran_Fars.HO	fuchsia
10	10	-0.0348528085269217	-0.0308395875842227	489430	IREJ-T078.HO	Iran_Fars.HO	fuchsia
11	11	-0.0314605216935423	-0.0265696135324155	495213	IREJ-T090.HO	Iran_Fars.HO	fuchsia
12	12	-0.0352324065601801	-0.027894391079384	487392	IREJ-T101.HO	Iran_Fars.HO	fuchsia
13	13	-0.0373738740050484	-0.0325373630782842	496198	IREJ-T103.HO	Iran_Fars.HO	fuchsia
14	14	-0.0356874773998623	-0.0309194568574447	495762	IREJ-T111.HO	Iran_Fars.HO	fuchsia
15	15	-0.0425497465944873	-0.031275264286619	496208	IREJ-T184.HO	Iran_Fars.HO	fuchsia
16	16	-0.0465475619783762	-0.0309924695423794	495747	IREJ-T204.HO	Iran_Fars.HO	fuchsia
17	17	0.0313228650871159	-0.0474598485734529	495650	MAL-005.HO	Malawi_Yao.HO	silver
18	18	0.0334511144785377	-0.0476660065326271	492534	MAL-009.HO	Malawi_Yao.HO	silver
19	19	0.0309720282937672	-0.0474128874444001	490417	MAL-011.HO	Malawi_Chewa.HO	silver
20	20	0.0321696053518325	-0.0479007409448268	495223	MAL-012.HO	Malawi_Chewa.HO	silver
21	21	0.0316411909199606	-0.0465974209529157	494555	MAL-014.HO	Malawi_Chewa.HO	silver
22	22	0.0366401405506846	-0.0486628646631796	493547	MAL-015.HO	Malawi_Yao.HO	silver
23	23	0.0326584902693898	-0.0454961171535987	494806	MAL-018.HO	Malawi_Chewa.HO	silver
24	24	0.0311549197260456	-0.046855972873747	494995	MAL-019.HO	Malawi_Chewa.HO	silver
25	25	0.0319423037038976	-0.0468198951288053	490062	MAL-023.HO	Malawi_Chewa.HO	silver
26	26	0.0304621781254327	-0.048849225406242	494137	MAL-024.HO	Malawi_Yao.HO	silver
27	27	0.031417936631912	-0.0456063656584899	494981	MAL-025.HO	Malawi_Ngoni.HO	silver
28	28	0.031500605167433	-0.048212418630822	495195	MAL-026.HO	Malawi_Ngoni.HO	silver
29	29	0.0309470358359757	-0.0490068231221003	494880	MAL-028.HO	Malawi_Chewa.HO	silver
30	30	0.0357777331720677	-0.050875702008431	491725	MAL-032.HO	Malawi_Yao.HO	silver
31	31	0.0354018431294084	-0.0479720584654641	494596	MAL-043.HO	Malawi_Chewa.HO	silver
32	32	0.0345995872808749	-0.0476256886720306	494504	MAL-045.HO	Malawi_Chewa.HO	silver
33	33	0.0318830865947781	-0.0454135822704199	494787	MAL-047.HO	Malawi_Tumbuka.HO	silver
34	34	0.0308703420590589	-0.0436609975297885	494987	MAL-050.HO	Malawi_Yao.HO	silver
35	35	0.0328532716498047	-0.0460846289966127	495337	MAL-058.HO	Malawi_Tumbuka.HO	silver
36	36	0.0328602838253451	-0.0474460254637586	493679	MAL-059.HO	Malawi_Tumbuka.HO	silver
37	37	0.0334184970663545	-0.0464484752912037	490688	MAL-065.HO	Malawi_Tumbuka.HO	silver
38	38	0.0321792825535323	-0.049395302801241	495488	MAL-073.HO	Malawi_Tumbuka.HO	silver
39	39	0.0324630831007534	-0.0453706825336245	494608	MAL-074.HO	Malawi_Ngoni.HO	silver
40	40	0.0324239616357267	-0.0485516834084081	491306	MAL-079.HO	Malawi_Tumbuka.HO	silver
41	41	0.0328319647551265	-0.0472636468842233	495786	MAL-097.HO	Malawi_Tumbuka.HO	silver
42	42	0.0343898644117511	-0.0475044479090739	495120	MAL-099.HO	Malawi_Tumbuka.HO	silver
43	43	0.0320950725756174	-0.0480385963073568	495400	MAL-101.HO	Malawi_Yao.HO	silver
44	44	0.0322148490180118	-0.0471377516105092	494744	MAL-112.HO	Malawi_Chewa.HO	silver
45	45	0.0357302746376011	-0.0482345310770285	493761	MAL-122.HO	Malawi_Chewa.HO	silver
46	46	0.0327341911261616	-0.0454918605759717	494371	MAL-124.HO	Malawi_Ngoni.HO	silver
47	47	0.0353067703509477	-0.0494830315448437	495337	MAL-136.HO	Malawi_Yao.HO	silver
48	48	0.0297984005776401	-0.0480079658120174	493232	MAL-196.HO	Malawi_Yao.HO	silver
49	49	0.0341859939134714	-0.0474392239678625	491582	MAL-197.HO	Malawi_Tumbuka.HO	silver
50	50	0.0297505547323012	-0.0496720018007762	493350	MAL-206.HO	Malawi_Tumbuka.HO	silver
51	51	-0.0455292347281988	-0.0285022574324526	495533	SH001.HO	Iran_Zoroastrian.HO	fuchsia
52	52	-0.0464033425725431	-0.0278439642478398	494536	SH003.HO	Iran_Zoroastrian.HO	fuchsia
53	53	-0.0451059661706079	-0.0299788131474998	493869	SH004.HO	Iran_Zoroastrian.HO	fuchsia
54	54	-0.0384566650267207	-0.0264795335656681	491598	SH005.HO	Iran_Zoroastrian.HO	fuchsia
55	55	-0.0449316281033032	-0.0265672128557297	494808	SH007.HO	Iran_Zoroastrian.HO	fuchsia
56	56	-0.0502927507930256	-0.0258477754084163	495913	SH008.HO	Iran_Zoroastrian.HO	fuchsia
57	57	-0.0404238474667007	-0.0273602991331948	492531	T003.HO	Iran_Zoroastrian.HO	fuchsia
58	58	-0.0430906200976892	-0.0302128237324928	496312	T006.HO	Iran_Zoroastrian.HO	fuchsia
59	59	-0.0436371443990503	-0.0261433127473524	494227	T007.HO	Iran_Zoroastrian.HO	fuchsia
60	60	-0.0432449931708132	-0.0301942532704396	494810	T010.HO	Iran_Zoroastrian.HO	fuchsia
61	61	-0.0441542953373645	-0.0300009753268648	494961	T011.HO	Iran_Zoroastrian.HO	fuchsia
62	62	-0.0480291797020034	-0.0278354776482137	495716	T012.HO	Iran_Zoroastrian.HO	fuchsia
63	63	-0.0410619332779788	-0.0292558943087146	494711	T013.HO	Iran_Zoroastrian.HO	fuchsia
64	64	-0.0455001225449319	-0.0279296427192388	494589	T015.HO	Iran_Zoroastrian.HO	fuchsia
65	65	-0.0473655506232624	-0.0262832199633765	494216	T016.HO	Iran_Zoroastrian.HO	fuchsia
66	66	-0.045303005973706	-0.0321940816568617	479415	YZ018.HO	Iran_Zoroastrian_outlier.HO	fuchsia
67	67	-0.0409911933446091	-0.0273528702353781	496205	YZ019.HO	Iran_Zoroastrian.HO	fuchsia
68	68	-0.0527565833017348	-0.0276406561119404	493677	YZ021.HO	Iran_Zoroastrian.HO	fuchsia
69	69	-0.0488404933939666	-0.0262531369386303	495720	YZ022.HO	Iran_Zoroastrian.HO	fuchsia
70	70	-0.0589646829549506	-0.02014984442495	495880	YZ024.HO	Iran_Zoroastrian_outlier.HO	fuchsia
71	71	-0.0431123971538209	-0.0252599616613883	494224	YZ030.HO	Iran_Zoroastrian.HO	fuchsia
72	72	-0.0466359399752366	-0.0295999498863698	493843	YZ033.HO	Iran_Zoroastrian.HO	fuchsia
73	73	-0.0470535123709758	-0.0276261351297037	495457	YZ035.HO	Iran_Zoroastrian.HO	fuchsia
74	74	-0.0447199016807869	-0.0264994101136385	495422	YZ037.HO	Iran_Zoroastrian.HO	fuchsia
75	75	-0.0486228745659497	-0.0282411329371549	496163	YZ039.HO	Iran_Zoroastrian.HO	fuchsia
76	76	-0.0440629519162033	-0.0257273724828633	496274	YZ041.HO	Iran_Zoroastrian.HO	fuchsia
77	77	-0.0305159292288797	-0.0200938332960917	496612	ABA-035.HO	Karachai.HO	silver
78	78	-0.0350987541130721	-0.0179315675206647	496107	ABA-048.HO	Karachai.HO	silver
79	79	-0.0380262596199789	-0.0164604923784885	496331	ABA-052.HO	Karachai.HO	silver
80	80	-0.0318123247437136	-0.0184607259006784	496566	ABA-056.HO	Karachai.HO	silver
81	81	-0.0304087207285108	-0.0151674992476597	496011	ABA-065.HO	Karachai.HO	silver
82	82	-0.0333716899601791	-0.0209087870435635	496998	ABA-069.HO	Karachai.HO	silver
83	83	-0.0260037145784723	-0.0184184119399322	497136	ABA-078.HO	Karachai.HO	silver
84	84	-0.0376131021950114	-0.0214083241844885	497145	ABA-085.HO	Karachai.HO	silver
85	85	-0.021011621460513	-0.0206078913936897	496531	ABA-086.HO	Karachai.HO	silver
86	86	-0.0397478517770908	-0.020472885370043	497113	ABA-091.HO	Karachai.HO	silver
87	87	-0.029966799819267	-0.0202395799972033	496651	ABA-099.HO	Karachai.HO	silver
88	88	-0.0342701518740542	-0.0228854502348008	497047	ABA-100.HO	Karachai.HO	silver
89	89	-0.0394731924433539	-0.0213346078572811	496727	Adg-185.HO	Adygei.HO	silver
90	90	-0.0398175171057125	-0.0193572292847573	496722	Adg-192.HO	Adygei.HO	silver
91	91	-0.0406187061638963	-0.0195645707769423	496971	Adg-194.HO	Adygei.HO	silver
92	92	-0.0429384179376754	-0.0142451019513254	496538	Adg-222.HO	Adygei.HO	silver
93	93	-0.0378616010131954	-0.0201408902465199	496232	Adg-224.HO	Adygei.HO	silver
94	94	-0.0446415239192357	-0.0178729778166315	496909	Adg-226.HO	Adygei.HO	silver
95	95	-0.0408221023001691	-0.0248788991752066	496962	Adg-227.HO	Adygei.HO	silver
96	96	-0.0347868460889068	-0.0201561426083901	496994	Adg-238.HO	Adygei.HO	silver
97	97	0.0697725613299038	0.0237811534628611	481513	ALT-082.HO	Altaian_Chelkan.HO	silver
98	98	0.1198707329917686	0.0353783405587224	492996	ALT-090.HO	Altaian_Chelkan.HO	silver
99	99	0.0679911757312412	0.0245249193914877	492594	ALT-092.HO	Altaian_Chelkan.HO	silver
100	100	0.1152656573107287	0.0307198166469648	486490	ALT-093.HO	Altaian_Chelkan.HO	silver
101	101	0.1033342250156523	0.0280165050152206	493014	ALT-116.HO	Tubalar.HO	silver
102	102	0.1064769162043612	0.0292121325808536	495192	ALT-117.HO	Tubalar.HO	silver
103	103	0.1198563816515588	0.0340543606730978	494113	ALT-165.HO	Tubalar.HO	silver
104	104	0.126846821750658	0.0322949920282722	494325	ALT-167.HO	Altaian_Chelkan.HO	silver
105	105	0.1212506047641305	0.0334922525872032	493109	ALT-168.HO	Altaian_Chelkan.HO	silver
106	106	0.1616508676677726	0.025885524246419	493920	ALT-741.HO	Altaian.HO	silver
107	107	0.1661443900863869	0.0264118811615963	492285	ALT-743.HO	Altaian.HO	silver
108	108	0.1554097776246589	0.0272219675765701	494476	ALT-744.HO	Altaian.HO	silver
109	109	0.1556452844193596	0.0302154279232121	493813	ALT-746.HO	Altaian.HO	silver
110	110	0.1593612016661476	0.0287379116240552	492994	ALT-753.HO	Altaian.HO	silver
111	111	0.1547700538427487	0.0222536380082284	494213	ALT-756.HO	Altaian.HO	silver
112	112	0.1713813736119846	0.0265622519437542	493452	ALT-760.HO	Altaian.HO	silver
113	113	0.1648289669096899	0.0217029930563421	493348	ALT-771.HO	Altaian.HO	silver
114	114	0.1649014320556346	0.0343807132833452	493386	ALT-774.HO	Altaian.HO	silver
115	115	0.1471062884975233	0.0426276319495478	493411	ALT-775.HO	Altaian.HO	silver
116	116	0.1542379095893065	0.038343132844223	494533	ALT-776.HO	Altaian.HO	silver
117	117	0.1230397490078239	0.0291320782496168	493412	ALT-845.HO	Tubalar.HO	silver
118	118	0.1177077840410673	0.030021426795461	493427	ALT-846.HO	Tubalar.HO	silver
119	119	0.1634226988638547	0.0282615591942165	495239	ALT-875.HO	Altaian.HO	silver
120	120	0.1537018007628804	0.0245634083550938	488142	ALT-876.HO	Altaian.HO	silver
121	121	0.1616679057598844	0.0313842130636657	493622	ALT-900.HO	Altaian.HO	silver
122	122	0.1490880609725182	0.0204964355668647	493127	ALT-916.HO	Altaian.HO	silver
123	123	0.1550481900840108	0.0258895770407472	493522	ALT-918.HO	Altaian.HO	silver
124	124	0.1554206730879361	0.0256267049755166	492677	ALT-935.HO	Altaian.HO	silver
125	125	0.1116964041203494	0.0305777728515867	494325	ALT-952.HO	Altaian_Chelkan.HO	silver
126	126	0.1151565944347061	0.0359632681403293	495045	ALT-966.HO	Altaian_Chelkan.HO	silver
127	127	0.2387836629852817	0.0227524884375607	496917	AMU-031.HO	Nivh.HO	silver
128	128	0.2404273633629478	0.0238120173324001	496758	AMU-039.HO	Nivh.HO	silver
129	129	0.2422998912577484	0.0231984628825186	496786	AMU-042.HO	Nivh.HO	silver
130	130	0.1488545603777293	0.0550895114042982	496496	AMU-049.HO	Evenk_FarEast.HO	silver
131	131	0.2418676069626161	0.0139067267263718	496746	AMU-052.HO	Nivh.HO	silver
132	132	0.234644856273578	0.0198911332924512	496713	AMU-064.HO	Nivh.HO	silver
133	133	0.2429759942488225	0.0168057382660355	496834	AMU-066.HO	Nivh.HO	silver
134	134	0.2373079121996229	0.0186468025773576	496744	AMU-072.HO	Nivh.HO	silver
135	135	0.2400717579855895	0.0215639681166399	496701	AMU-074.HO	Nivh.HO	silver
136	136	0.1858447993776683	0.0224019787545845	496602	AMU-139.HO	Evenk_FarEast.HO	silver
137	137	0.2441963679490549	0.0395847037062623	497085	AMU-156.HO	Negidal.HO	silver
138	138	0.2475358454062525	0.0390637756995118	497207	AMU-160.HO	Negidal.HO	silver
139	139	0.2458289115999558	0.0332486497073742	497245	AMU-164.HO	Nivh.HO	silver
140	140	0.2427220571997526	0.034943322058698	496844	AMU-547.HO	Nanai.HO	silver
141	141	0.2428732757000381	0.0434075124906132	496777	AMU-549.HO	Nanai.HO	silver
142	142	0.2406255119433477	0.0389912970854372	496679	AMU-554.HO	Evenk_FarEast.HO	silver
143	143	0.2380353917789361	0.0345289956338336	496690	AMU-555.HO	Nanai.HO	silver
144	144	0.2453678219469633	0.0366528017684738	496544	AMU-559.HO	Nanai.HO	silver
145	145	0.2451307015080087	0.0245577396065577	496567	AMU-561.HO	Nanai.HO	silver
146	146	0.2399668708451231	0.0194264667356465	497207	AMU-596.HO	Nivh.HO	silver
147	147	0.2430533439997557	0.0217193492768962	496829	AMU-601.HO	Nanai.HO	silver
148	148	0.2455195421799134	0.0331672479470483	496482	AMU-610.HO	Nanai.HO	silver
149	149	0.2400444668479559	0.0118278875077649	496056	AMU-628.HO	Nanai.HO	silver
150	150	0.2465317749247876	0.0206648353660267	496008	AMU-631.HO	Nanai.HO	silver
151	151	0.2410684286410356	0.0162273259840938	496758	AMU-636.HO	Nanai.HO	silver
152	152	0.1313046127753546	0.0176332687733226	497060	AMU-672.HO	Evenk_FarEast.HO	silver
153	153	0.2443439532427542	0.0419203249207512	496699	AMU-686.HO	Evenk_FarEast.HO	silver
154	154	0.2399268444393953	0.0446721467886286	497231	AMU-696.HO	Negidal.HO	silver
155	155	-0.0595740441303818	-0.0337680560790203	493635	ARK-59.HO	Armenian_Hemsheni.HO	silver
156	156	-0.055349514126893	-0.007633620397893	496445	ARK-72.HO	Armenian_Hemsheni.HO	silver
157	157	-0.0555189641415026	-0.0285855762172205	496789	ARK-76.HO	Armenian_Hemsheni.HO	silver
158	158	-0.0600468478701837	-0.0320000654476152	496618	ARK-78.HO	Armenian_Hemsheni.HO	silver
159	159	-0.0610111632570187	-0.0275882831284108	496539	ARK-82.HO	Armenian_Hemsheni.HO	silver
160	160	-0.0568078808160456	-0.0323223180219001	496717	ARK-84.HO	Armenian_Hemsheni.HO	silver
161	161	-0.0587395474132833	-0.0331220238998771	496068	ARK-88.HO	Armenian_Hemsheni.HO	silver
162	162	-0.0592902105147792	-0.0342519844277943	497102	ARK-89.HO	Armenian_Hemsheni.HO	silver
163	163	-0.0426005156854961	-0.0220434427185147	496921	AZR-0853.HO	Azeri.HO	silver
164	164	-0.0424610300296666	-0.026592172050005	496782	AZR-0860.HO	Azeri.HO	silver
165	165	-0.0361096054562989	-0.0266862537569212	496753	AZR-0864.HO	Azeri.HO	silver
166	166	-0.0411323526385451	-0.0282093356471662	497027	AZR-0865.HO	Azeri.HO	silver
167	167	-0.039829913724403	-0.0267715622314025	496872	AZR-0866.HO	Azeri.HO	silver
168	168	-0.0337925211975232	-0.0226224201688416	496628	AZR-0868.HO	Azeri.HO	silver
169	169	-0.03679846293523	-0.0260719305361967	496806	AZR-0869.HO	Azeri.HO	silver
170	170	-0.0358266048251179	-0.0255058629548065	497023	AZR-0870.HO	Azeri.HO	silver
171	171	-0.0354510978902649	-0.0286632390067853	496214	AZR-1010.HO	Azeri.HO	silver
172	172	-0.0249989822905828	-0.0307819835654629	496474	AZR-1012.HO	Azeri.HO	silver
173	173	-0.0362355934483056	-0.0318265475905439	495115	AZR-1013.HO	Azeri.HO	silver
174	174	-0.0295222209906052	-0.0296148688422144	496784	AZR-1017.HO	Azeri.HO	silver
175	175	-0.0393419575362918	-0.0311828288012989	496167	AZR-1018.HO	Azeri.HO	silver
176	176	-0.031639616822319	-0.0292213041920556	496174	AZR-1037.HO	Azeri.HO	silver
177	177	-0.0378655948477319	-0.0268286111389708	494195	AZR-1039.HO	Azeri.HO	silver
178	178	-0.0394826613344117	-0.02349302516946	497003	AZR-1054.HO	Azeri.HO	silver
179	179	-0.0367116553296518	-0.0276710540367038	497024	AZR-1058.HO	Azeri.HO	silver
180	180	0.0676490433721934	0.0315494551563348	493716	BAS-005.HO	Bashkir.HO	silver
181	181	0.0625055000867629	0.0228199643218234	492184	BAS-006.HO	Bashkir.HO	silver
182	182	0.0726629867205949	0.0280917814698737	491777	BAS-008.HO	Bashkir.HO	silver
183	183	0.0665796697867447	0.0296753866343016	496880	BAS-014.HO	Bashkir.HO	silver
184	184	0.0689611644774985	0.026486046012442	491446	BAS-017.HO	Bashkir.HO	silver
185	185	0.0682990541276514	0.0248755903914659	493472	BAS-021.HO	Bashkir.HO	silver
186	186	0.0626813357277302	0.0268162305613528	493268	BAS-029.HO	Bashkir.HO	silver
187	187	0.0769536963696252	0.0238109655072574	493833	BAS-031.HO	Bashkir.HO	silver
188	188	0.0705946752147204	0.0246485840453795	493384	BAS-033.HO	Bashkir.HO	silver
189	189	0.0677125755988992	0.0209425306155685	494825	BAS-034.HO	Bashkir.HO	silver
190	190	0.0635902868882433	0.0289110302429765	494565	BAS-042.HO	Bashkir.HO	silver
191	191	0.0701617406193236	0.0209312275079634	494175	BAS-045.HO	Bashkir.HO	silver
192	192	0.0596180721927242	0.0258474710738322	492252	BAS-046.HO	Bashkir.HO	silver
193	193	0.0673000250511785	0.0281980266689707	491224	BAS-060.HO	Bashkir.HO	silver
194	194	0.0658459681948262	0.0258876323896204	493162	BAS-062.HO	Bashkir.HO	silver
195	195	0.0500377387095613	0.0252546180926023	493042	BAS-091.HO	Bashkir.HO	silver
196	196	0.0184043966314285	0.0188038627768534	494026	BAS-094.HO	Bashkir.HO	silver
197	197	0.0452508600277924	0.0230939745087757	494831	BAS-096.HO	Bashkir.HO	silver
198	198	-0.0045932683673023	0.0150948186636695	492127	BAS-105.HO	Bashkir.HO	silver
199	199	0.0111622272123772	0.0215140463646918	492678	BAS-111.HO	Bashkir.HO	silver
200	200	0.0448976040889862	0.0219353542892227	494790	BAS-120.HO	Bashkir.HO	silver
201	201	0.0194860946146302	0.0215566484416123	493589	BAS-121.HO	Bashkir.HO	silver
202	202	0.0277912753974232	0.0212110865844686	493201	BAS-125.HO	Bashkir.HO	silver
203	203	0.0398754028953912	0.021618736523872	490108	BAS-135.HO	Bashkir.HO	silver
204	204	0.0607203069503759	0.0215648421733961	493124	BAS-150.HO	Bashkir.HO	silver
205	205	0.0499636316032936	0.0201047734533916	490607	BAS-153.HO	Bashkir.HO	silver
206	206	0.0619793236199517	0.0282343368198742	493577	BAS-156.HO	Bashkir.HO	silver
207	207	0.0541920993668562	0.022152052805221	493719	BAS-164.HO	Bashkir.HO	silver
208	208	0.0578114837604204	0.0237913403026935	495514	BAS-600.HO	Bashkir.HO	silver
209	209	0.0429798329836663	0.0217201074927102	496856	BAS-622.HO	Bashkir.HO	silver
210	210	0.0248192086895081	0.0253552715291148	496388	BAS-652.HO	Bashkir.HO	silver
211	211	0.0392450001066726	0.0269224441204303	496458	BAS-655.HO	Bashkir.HO	silver
212	212	0.0315316065772798	0.0267388922621783	496880	BAS-661.HO	Bashkir.HO	silver
213	213	0.0380536539280835	0.0248600010465703	496591	BAS-663.HO	Bashkir.HO	silver
214	214	0.0207394695545016	0.0247472076128567	497115	BAS-669.HO	Bashkir.HO	silver
215	215	0.0268200610538469	0.0232623466799062	496066	BAS-670.HO	Bashkir.HO	silver
216	216	0.0278633767748794	0.0267300016337809	496422	BAS-671.HO	Bashkir.HO	silver
217	217	0.0286857768606786	0.02313465580084	496170	BAS-672.HO	Bashkir.HO	silver
218	218	0.0283964434230014	0.0265569352858853	496731	BAS-683.HO	Bashkir.HO	silver
219	219	0.0093149406917304	0.0243162043669679	491028	BAS-811.HO	Bashkir.HO	silver
220	220	0.0087499288988333	0.0233637358168535	497100	BAS-813.HO	Bashkir.HO	silver
221	221	0.017326519189424	0.0234930506490299	496758	BAS-822.HO	Bashkir.HO	silver
222	222	0.0201702408484814	0.0273455927701149	492432	BAS-825.HO	Bashkir.HO	silver
223	223	0.0058158354753756	0.0233613201692624	492901	BAS-831.HO	Bashkir.HO	silver
224	224	0.0177728878140962	0.0262847426579855	496916	BAS-833.HO	Bashkir.HO	silver
225	225	0.0181150042187329	0.0196080889747818	494125	BAS-834.HO	Bashkir.HO	silver
226	226	0.0178278824887957	0.0230356611679545	493202	BAS-849.HO	Bashkir.HO	silver
227	227	0.0067442237322526	0.0221602113887815	496089	BAS-1392.HO	Bashkir.HO	silver
228	228	0.0183727668958472	0.023867423425855	496739	BAS-1393.HO	Bashkir.HO	silver
229	229	0.0145910300359225	0.0153739318056215	497143	BAS-1394.HO	Bashkir.HO	silver
230	230	0.0170805736229717	0.020867704520628	496951	BAS-1396.HO	Bashkir.HO	silver
231	231	0.0101682214697744	0.0238027832449143	496954	BAS-1398.HO	Bashkir.HO	silver
232	232	0.0188764827669706	0.0308960696099425	497205	BAS-1400.HO	Bashkir.HO	silver
233	233	0.2007743299259322	0.0229588869420744	487605	BUR-003.HO	Buryat.HO	silver
234	234	0.2017341685554868	0.0324162178302833	497132	BUR-008.HO	Buryat.HO	silver
235	235	0.2024397555045534	0.0260005988845064	494543	BUR-009.HO	Buryat.HO	silver
236	236	0.1970026266436344	0.0316668009735759	492214	BUR-042.HO	Buryat.HO	silver
237	237	0.1987102814949281	0.0257155236375181	495846	BUR-047.HO	Buryat.HO	silver
238	238	0.1907715510291436	0.0307214354794995	494738	BUR-050.HO	Buryat.HO	silver
239	239	0.2045460913344874	0.0300282528398451	495566	BUR-051.HO	Buryat.HO	silver
240	240	0.2027309810411335	0.0268031063586155	494048	BUR-074.HO	Buryat.HO	silver
241	241	0.2065714092644447	0.0237886195331734	492150	BUR-087.HO	Buryat.HO	silver
242	242	0.1879900208157114	0.0306017189410907	496630	BUR-101.HO	Khamnegan.HO	silver
243	243	0.2069877897676107	0.0226287665806114	497131	BUR-103.HO	Khamnegan.HO	silver
244	244	0.2024338575914252	0.0320978956482321	494929	BUR-124.HO	Buryat.HO	silver
245	245	0.1989586403730774	0.0359108856250781	496902	BUR-144.HO	Buryat.HO	silver
246	246	0.2094892407972865	0.0234936130361225	492456	BUR-155.HO	Khamnegan.HO	silver
247	247	0.2082256569399085	0.0330584853736893	493721	BUR-158.HO	Buryat.HO	silver
248	248	0.200364858815934	0.0215886552746031	495722	BUR-160.HO	Buryat.HO	silver
249	249	0.1978492299543179	0.0244360553907254	490679	BUR-205.HO	Buryat.HO	silver
250	250	0.2028960238472448	0.0218708319551554	494230	BUR-207.HO	Buryat.HO	silver
251	251	0.1986645732131172	0.0300986741751901	493731	BUR-215.HO	Buryat.HO	silver
252	252	0.1929392495745909	0.0278583079811198	493763	BUR-217.HO	Buryat.HO	silver
253	253	0.2026168001092192	0.0202869755943505	492628	BUR-224.HO	Buryat.HO	silver
254	254	0.2130599747776433	0.0245721827557837	494404	BUR-238.HO	Khamnegan.HO	silver
255	255	0.2016794533807447	0.0282977030832289	495531	BUR-255.HO	Buryat.HO	silver
256	256	0.2090062280776211	0.025795301842069	490141	BUR-258.HO	Buryat.HO	silver
257	257	0.2061088060911593	0.024693448258152	494857	BUR-358.HO	Buryat.HO	silver
258	258	0.1940078455842447	0.0265104850343411	492850	BUR-382.HO	Buryat.HO	silver
259	259	0.2007227564722007	0.0267096543765577	489647	BUR-415.HO	Buryat.HO	silver
260	260	0.1872863455942344	0.0295417203139064	494960	BUR-500.HO	Khamnegan.HO	silver
261	261	0.1973031528536374	0.0250911598808281	495302	BUR-531.HO	Buryat.HO	silver
262	262	0.2005507476691731	0.0326849930287587	494234	BUR-562.HO	Buryat.HO	silver
263	263	0.2050068662650021	0.0260669572935889	491902	BUR-568.HO	Buryat.HO	silver
264	264	0.195658854519245	0.0308044038448815	494657	BUR-578.HO	Buryat.HO	silver
265	265	0.1951972467956138	0.0225239123041851	492767	BUR-587.HO	Buryat.HO	silver
266	266	0.1985981828416267	0.0221907036289495	495275	BUR-594.HO	Buryat.HO	silver
267	267	0.1925378914020366	0.0234213021472991	494245	BUR-599.HO	Buryat.HO	silver
268	268	0.1928186854070026	0.0246775360027572	496409	BUR-605.HO	Buryat.HO	silver
269	269	0.1854412280903071	0.0289419048274074	495068	BUR-635.HO	Buryat.HO	silver
270	270	0.1980006256374239	0.0267122159891788	494899	BUR-645.HO	Buryat.HO	silver
271	271	0.1989677197993755	0.0248711961229049	493492	BUR-684.HO	Buryat.HO	silver
272	272	0.1916289962661345	0.0245872220631855	490892	BUR-694.HO	Buryat.HO	silver
273	273	0.2102790728238554	0.0309256301454822	496888	BUR-706.HO	Buryat.HO	silver
274	274	0.17599378294306	0.0220793772107722	494979	BUR-707.HO	Buryat.HO	silver
275	275	-0.0336770118312196	-0.0162910169258083	495760	CHRK-544.HO	Circassian.HO	silver
276	276	-0.0397569771584005	-0.0171200171515526	496530	DAG-090.HO	Tabasaran.HO	silver
277	277	-0.042912442229512	-0.0141741063371062	496692	DAG-122.HO	Tabasaran.HO	silver
278	278	-0.0508625996143508	-0.0139475398454729	491217	DAG-123.HO	Tabasaran.HO	silver
279	279	-0.0464336888224383	-0.0168066367534565	496668	DAG-124.HO	Tabasaran.HO	silver
280	280	-0.043652466323222	-0.0135080310025387	496891	DAG-127.HO	Tabasaran.HO	silver
281	281	-0.0443820484464422	-0.0113760756065497	496806	DAG-146.HO	Darginian.HO	silver
282	282	-0.0504155334969087	-0.0150490180070216	496636	DAG-147.HO	Tabasaran.HO	silver
283	283	-0.0453041910588608	-0.015873014214398	496881	DAG-152.HO	Tabasaran.HO	silver
284	284	-0.0402751318164132	-0.0150854173236596	496830	DAG-160.HO	Tabasaran.HO	silver
285	285	-0.0465281226731873	-0.0148303360640869	496922	DAG-161.HO	Darginian.HO	silver
286	286	-0.0464823688649571	-0.0092905752246798	496805	DAG-165.HO	Darginian.HO	silver
287	287	-0.0437871558943157	-0.0111528793655713	496818	DAG-178.HO	Tabasaran.HO	silver
288	288	-0.0489785867298974	-0.0131214952440817	497124	DAG-180.HO	Kubachinian.HO	silver
289	289	-0.0530066547743	-0.0167708088621839	494384	DAG-183.HO	Tabasaran.HO	silver
290	290	-0.0527667955809729	-0.010987209605636	497082	DAG-200.HO	Kubachinian.HO	silver
291	291	-0.0495996532067999	-0.0156037941616069	496786	DAG-205.HO	Kubachinian.HO	silver
292	292	-0.0468322049803381	-0.0149337625299251	497236	DAG-206.HO	Darginian.HO	silver
293	293	-0.0463084982883495	-0.0165937416484252	497197	DAG-210.HO	Kubachinian.HO	silver
294	294	-0.0507509473277584	-0.0107252848161909	496879	DAG-211.HO	Kubachinian.HO	silver
295	295	-0.0453022513389506	-0.0161597400810426	497154	DAG-213.HO	Kubachinian.HO	silver
296	296	-0.0430182919922337	-0.0081945738458321	497277	DAG-225.HO	Darginian.HO	silver
297	297	-0.0460255624677999	-0.0155348152196698	493271	DAG-231.HO	Darginian.HO	silver
298	298	-0.0439487548903858	-0.0123499752792144	496533	DAG-232.HO	Darginian.HO	silver
299	299	-0.0497902184795728	-0.0108262207392579	496886	DAG-325.HO	Lak.HO	silver
300	300	-0.0482080890239905	-0.0159209616775453	497003	DAG-335.HO	Lak.HO	silver
301	301	-0.041841951448865	-0.0136217309541239	496761	DAG-336.HO	Lak.HO	silver
302	302	-0.044708615978125	-0.0139171143565073	497194	DAG-344.HO	Lak.HO	silver
303	303	-0.0469788909389211	-0.0098891213340522	496944	DAG-350.HO	Darginian.HO	silver
304	304	-0.0455855036232916	-0.0106648810732965	497115	DAG-371.HO	Lak.HO	silver
305	305	-0.0496259199012613	-0.0149826156676561	496879	DAG-372.HO	Lak.HO	silver
306	306	-0.0477981787516307	-0.0079487808520154	496988	DAG-376.HO	Lak.HO	silver
307	307	-0.0418144276291379	-0.0147248753226961	497244	DAG-388.HO	Lak.HO	silver
308	308	-0.0460213224575556	-0.0121353138615128	497211	DAG-390.HO	Lak.HO	silver
309	309	-0.0418310418729688	-0.014237004895463	496512	DAG-400.HO	Lak.HO	silver
310	310	-0.0485363953472735	-0.0300738877734207	497204	DAG-436.HO	Avar_outlier1.HO	silver
311	311	-0.0460085026167247	-0.0153765021890244	496914	DAG-448.HO	Avar.HO	silver
312	312	-0.0451430519999902	-0.0118722698200947	497166	DAG-461.HO	Avar.HO	silver
313	313	-0.0457977589579389	-0.0135079449058182	497269	DAG-474.HO	Avar.HO	silver
314	314	-0.0431518760364477	-0.0142551438739986	496884	DAG-477.HO	Avar.HO	silver
315	315	-0.042682263258386	-0.0085915513860558	496884	DAG-485.HO	Avar.HO	silver
316	316	-0.0471219293175919	-0.0145617644108334	496918	DAG-492.HO	Avar.HO	silver
317	317	-0.048388019054543	-0.0146859332982433	497095	DAG-506.HO	Avar.HO	silver
318	318	-0.0428384091588261	-0.0129519758977467	497040	DAG-515.HO	Avar.HO	silver
319	319	-0.0484009948741193	-0.0165102358523671	497215	DAG-529.HO	Avar_outlier2.HO	silver
320	320	-0.0459741014313741	-0.0141504756172427	496964	DAG06-260.HO	Kaitag.HO	silver
321	321	-0.0493805179922847	-0.0100570463647101	496971	DAG06-261.HO	Kaitag.HO	silver
322	322	-0.0463784602482805	-0.009965530666481	496599	DAG06-262.HO	Kaitag.HO	silver
323	323	-0.0502952724235246	-0.0151350058359715	497039	DAG06-578.HO	Kaitag.HO	silver
324	324	-0.0508997845644789	-0.0116185158558329	496900	DAG06-786.HO	Kaitag.HO	silver
325	325	-0.0437251438580539	-0.0125727291338889	496754	DAG06-824.HO	Kaitag.HO	silver
326	326	-0.0475250367776121	-0.012244259619524	496892	DAG06-826.HO	Kaitag.HO	silver
327	327	-0.0464876133338394	-0.0082641539591303	496864	DAG06-830.HO	Kaitag.HO	silver
328	328	0.2341405300311645	0.0945675286898437	492871	EV-004.HO	Evenk_Transbaikal.HO	silver
329	329	0.2053092080412543	0.0902846968235967	497224	EV-023.HO	Evenk_Transbaikal.HO	silver
330	330	0.2317742307944622	0.1044080679238273	494216	EV-040.HO	Evenk_Transbaikal.HO	silver
331	331	0.2083359293045418	0.08525128726057	493032	EV-050.HO	Evenk_Transbaikal.HO	silver
332	332	0.2172161886230846	0.0953759677644473	494396	EV-052.HO	Evenk_Transbaikal.HO	silver
333	333	0.2242875108516282	0.0937243859290287	494670	EV-082.HO	Evenk_Transbaikal.HO	silver
334	334	0.2295407054422927	0.0916833340352248	492557	EV-110.HO	Evenk_Transbaikal.HO	silver
335	335	0.2118348285097224	0.0301836970751608	493486	EV-114.HO	Khamnegan.HO	silver
336	336	0.2068994350899807	0.0235002663115408	490512	EV-132.HO	Khamnegan.HO	silver
337	337	0.2129044511071299	0.0330776926196878	494955	EV-139.HO	Khamnegan.HO	silver
338	338	0.2209859486522916	0.0835424404397687	496662	EV-147.HO	Evenk_Transbaikal.HO	silver
339	339	0.2072201080478519	0.0323673435195259	496501	EV-148.HO	Khamnegan.HO	silver
340	340	0.2063902263487088	0.0408008583186502	496879	EV-175.HO	Khamnegan.HO	silver
341	341	-0.0511308999947267	-0.0302844961431636	492735	EZI-001.HO	Ezid.HO	silver
342	342	-0.0458713836905923	-0.0286443666658273	489246	EZI-010.HO	Ezid.HO	silver
343	343	-0.0448032194453206	-0.031139481668407	490937	EZI-012.HO	Ezid.HO	silver
344	344	-0.0475231301444226	-0.0291026969748828	493962	EZI-013.HO	Ezid.HO	silver
345	345	-0.0453352632314713	-0.0289894091789724	494052	EZI-020.HO	Ezid.HO	silver
346	346	-0.0448033570624101	-0.0285720490806367	483924	EZI-029.HO	Ezid.HO	silver
347	347	-0.0450936100249159	-0.0300893559125895	493766	EZI-060.HO	Ezid.HO	silver
348	348	-0.0445204529365071	-0.0258185540224317	493463	EZI-074.HO	Ezid.HO	silver
349	349	-0.0601406368968597	-0.0060239789223874	496280	GAG-183.HO	Gagauz.HO	silver
350	350	-0.0594135656576373	-0.0119216600373609	496522	GAG-187.HO	Gagauz.HO	silver
351	351	-0.0618289074624453	-0.0092491877337828	496824	GAG-188.HO	Gagauz.HO	silver
352	352	-0.0573252320064768	-0.010308942924559	494911	GAG-189.HO	Gagauz.HO	silver
353	353	-0.0563345015007069	-0.0050983678360545	496513	GAG-196.HO	Gagauz.HO	silver
354	354	-0.0562193035634353	-0.0084733256588683	487486	GAG-215.HO	Gagauz.HO	silver
355	355	-0.0577967968105128	-0.0087848299152556	487857	GAG-220.HO	Gagauz.HO	silver
356	356	-0.0555264946851869	-0.0080477003564817	496138	GAG-221.HO	Gagauz.HO	silver
357	357	-0.0616941677047125	-0.0140640833107067	487363	GAG-226.HO	Gagauz.HO	silver
358	358	-0.0564517198389159	-0.0310485677479144	482671	GEO-002.HO	Georgian.HO	silver
359	359	-0.0428388005842595	-0.026923368971282	496992	GEO-005.HO	Georgian.HO	silver
360	360	-0.0589860289272998	-0.0347897953325792	496801	GEO-010.HO	Georgian.HO	silver
361	361	-0.0528892449038555	-0.0351088697132711	497098	GEO-015.HO	Georgian.HO	silver
362	362	-0.0640658644106687	-0.0314728430291122	496453	GEO-020.HO	Georgian.HO	silver
363	363	-0.0556575892463516	-0.0325804302883827	496647	GEO-028.HO	Georgian.HO	silver
364	364	-0.0551057146597966	-0.0350010702714467	497128	GEO-031.HO	Georgian.HO	silver
365	365	-0.0614429580619664	-0.0327309801412464	496454	GEO-032.HO	Georgian.HO	silver
366	366	-0.0573560598537689	-0.029650074122218	496382	GEO-039.HO	Georgian.HO	silver
367	367	-0.0600296732634282	-0.032702024579639	495378	GEO-051.HO	Georgian.HO	silver
368	368	-0.053941675946474	-0.029889475755271	495296	GEO-061.HO	Georgian.HO	silver
369	369	-0.0594001063216128	-0.0288971257626926	495203	GEO-082.HO	Georgian.HO	silver
370	370	-0.0589551708456426	-0.0330848718451866	492083	GEO001.HO	Georgian.HO	silver
371	371	-0.0400683675596562	-0.022408301445901	492483	ING-1154.HO	Ingushian.HO	silver
372	372	-0.0457781575694119	-0.0184076193084935	496941	ING-1167.HO	Ingushian.HO	silver
373	373	-0.043058345766015	-0.0204399616129132	496926	ING-1168.HO	Ingushian.HO	silver
374	374	-0.0385916462603475	-0.0216143013314037	496722	ING-1169.HO	Ingushian.HO	silver
375	375	-0.0467827095002153	-0.019268037151	497039	ING-1176.HO	Ingushian.HO	silver
376	376	-0.0453340816740946	-0.0239806943425089	496573	ING-1177.HO	Ingushian.HO	silver
377	377	-0.0395148222142192	-0.0173097131080959	496944	ING-1178.HO	Ingushian.HO	silver
378	378	-0.0364265606399961	-0.0134854177435747	496570	ING-1179.HO	Ingushian.HO	silver
379	379	-0.0381877642548871	-0.0188225474453313	496746	ING-1206.HO	Ingushian.HO	silver
380	380	-0.0440670591611324	-0.0227802358634434	491083	ING-1330.HO	Ingushian.HO	silver
381	381	-0.0309458782206568	-0.0139554048869204	496952	Kab-5.HO	Kabardinian.HO	silver
382	382	-0.0326101588376745	-0.0171616160611778	495521	Kab-10.HO	Kabardinian.HO	silver
383	383	-0.0310760962849451	-0.0194046084738613	496855	Kab-13.HO	Kabardinian.HO	silver
384	384	-0.0358851611010662	-0.0117208994412615	496001	Kab-16.HO	Kabardinian.HO	silver
385	385	-0.0164762099767614	-0.0105321909349884	496210	Kab-18.HO	Kabardinian.HO	silver
386	386	-0.0564730887263334	0.0096110150957017	495949	Kab-22.HO	Kabardinian_outlier.HO	silver
387	387	-0.0407367162480714	-0.0170738388207665	496225	Kab-24.HO	Kabardinian.HO	silver
388	388	-0.0300788684417361	-0.0180456090302689	492849	Kab-26.HO	Kabardinian.HO	silver
389	389	-0.0282753240576441	-0.0164448326914296	496746	Kab-30.HO	Kabardinian.HO	silver
390	390	-0.0400737136234038	0.0267342562100683	497176	KAR-005.HO	Karelian.HO	silver
391	391	-0.045347457484393	0.0169556875423622	496963	KAR-008.HO	Karelian.HO	silver
392	392	-0.0347073236609459	0.0261106458069704	496731	KAR-009.HO	Karelian.HO	silver
393	393	-0.0376251087612	0.0218693262023741	497104	KAR-030.HO	Karelian.HO	silver
394	394	-0.0355977501347039	0.0229972303446655	496948	KAR-034.HO	Karelian.HO	silver
395	395	-0.0341113957331001	0.0262902740166151	492248	KAR-046.HO	Karelian.HO	silver
396	396	-0.0351991720509628	0.0299840442359133	497127	KAR-050.HO	Veps.HO	silver
397	397	-0.0287399256166176	0.0297015129780188	496771	KAR-056.HO	Veps.HO	silver
398	398	-0.0330590886714152	0.0294934390163508	497170	KAR-060.HO	Veps.HO	silver
399	399	-0.0266792601910528	0.0267885835674556	496932	KAR-067.HO	Veps.HO	silver
400	400	-0.0336893778935722	0.0304763603187377	496966	KAR-087.HO	Veps.HO	silver
401	401	-0.0304865380126657	0.0312837775498075	496901	KAR-092.HO	Karelian.HO	silver
402	402	-0.0458610915443407	0.0212841687235611	497119	KAR-105.HO	Karelian.HO	silver
403	403	-0.0287050042894531	0.0231797186152051	497050	KAR-110.HO	Karelian.HO	silver
404	404	-0.0349521969432943	0.0300008265326204	497004	KAR-111.HO	Karelian.HO	silver
405	405	-0.0329945971359578	0.0263080082910244	496696	KAR-131.HO	Karelian.HO	silver
406	406	-0.0332630931217635	0.0264578948244142	497085	KAR-157.HO	Karelian.HO	silver
407	407	-0.0319127214285067	0.0284810921628785	497102	KAR-165.HO	Karelian.HO	silver
408	408	-0.0352424158270195	0.0259061519199941	496835	KAR-167.HO	Karelian.HO	silver
409	409	-0.0369396607736958	0.0210903047658885	497110	KAR-173.HO	Karelian.HO	silver
410	410	-0.0273747355780723	0.0256919613218445	496849	KAR-183.HO	Veps.HO	silver
411	411	-0.0316090449179522	0.0305939877541278	497042	KAR-184.HO	Veps.HO	silver
412	412	-0.0263526759725179	0.0269740190944525	496785	KAR-187.HO	Veps.HO	silver
413	413	-0.0390847730790042	0.0208811698283215	496998	KAR-190.HO	Veps.HO	silver
414	414	-0.0343272984112259	0.024669926991598	497091	KAR-193.HO	Veps.HO	silver
415	415	-0.0279541782455568	-0.0215112357642629	494749	KCHE-1032.HO	Abazin.HO	silver
416	416	-0.0537441075326599	0.0062516617560681	496835	KCHE-1052.HO	Abazin_outlier.HO	silver
417	417	-0.0290853003882481	-0.0154068280329309	496980	KCHE-1283.HO	Abazin.HO	silver
418	418	-0.0285948489232186	-0.0184844441387054	496418	KCHE-1294.HO	Abazin.HO	silver
419	419	-0.0543662189957739	0.0109513731690857	496579	KCHE-1299.HO	Abazin_outlier.HO	silver
420	420	-0.0341633593465292	-0.0179559553689674	496643	KCHE-1330.HO	Abazin.HO	silver
421	421	-0.0279769828760414	-0.018374688691536	496880	KCHE-1333.HO	Abazin.HO	silver
422	422	-0.0368336958359838	-0.0193752264040126	497159	KCHE-1337.HO	Circassian.HO	silver
423	423	-0.0356470560681893	-0.0155091195642794	497116	KCHE-1436.HO	Circassian.HO	silver
424	424	-0.0391603404594136	-0.0178729811035101	495344	KCHE-1444.HO	Circassian.HO	silver
425	425	-0.0308012471481838	-0.0162165066099667	496603	KCHE-1491.HO	Circassian.HO	silver
426	426	-0.0337946721267534	-0.0205600639359041	496572	KCHE-1497.HO	Circassian.HO	silver
427	427	-0.0397846594829768	-0.020705751730484	496446	KCHE-1526.HO	Circassian.HO	silver
428	428	-0.0323901538938047	-0.0164104981264642	496925	KCHE-1527.HO	Circassian.HO	silver
429	429	-0.0294045169551709	-0.0187736643847248	496960	KCHE-1530.HO	Circassian.HO	silver
430	430	-0.0334547645078027	-0.0202728224858055	496689	KCHE-1552.HO	Abazin.HO	silver
431	431	-0.025239568880019	-0.0159156881799212	496801	KCHE-1559.HO	Abazin.HO	silver
432	432	-0.0313501006039401	-0.0169035016511836	496819	KCHE-1560.HO	Abazin.HO	silver
433	433	0.1258411324585769	0.0382123971039327	497263	KHS-001.HO	Shor_Khakassia.HO	silver
434	434	0.1288219517250626	0.0381495075899905	492121	Khs-005.HO	Khakass.HO	silver
435	435	0.1178867983828988	0.0398952555199486	492616	Khs-006.HO	Khakass.HO	silver
436	436	0.1190504480397613	0.0384999830328017	478265	Khs-007.HO	Khakass_outlier.HO	silver
437	437	0.1243549289123064	0.0394019992549083	489600	Khs-010.HO	Khakass.HO	silver
438	438	0.1265175880194193	0.0415607349421042	492776	Khs-011.HO	Khakass.HO	silver
439	439	0.128496991511738	0.0389250691234579	496817	KHS-012.HO	Shor_Khakassia.HO	silver
440	440	0.1122192359275995	0.0426100108811635	496505	KHS-034.HO	Shor_Khakassia.HO	silver
441	441	0.1281076384167296	0.0422781456095006	496718	KHS-035.HO	Shor_Khakassia.HO	silver
442	442	0.1250748375727646	0.0452203943503072	497164	KHS-036.HO	Shor_Khakassia.HO	silver
443	443	0.1288439027094647	0.0444208926103468	496840	KHS-049.HO	Shor_Khakassia.HO	silver
444	444	0.154391954171658	0.0374067660428103	491036	Khs-119.HO	Khakass.HO	silver
445	445	0.1191629407293536	0.0306878524567418	490786	Khs-168.HO	Khakass.HO	silver
446	446	0.126794643558751	0.0342600879289978	490883	Khs-190.HO	Khakass.HO	silver
447	447	0.1468960075717938	0.0414155234197444	492528	Khs-301.HO	Khakass.HO	silver
448	448	0.1686506069758696	0.034873839418917	496813	Khs-302.HO	Khakass.HO	silver
449	449	0.1623490069327753	0.0297710392308744	496880	Khs-303.HO	Khakass.HO	silver
450	450	0.1415860797439136	0.0327427487237476	496882	Khs-306.HO	Khakass.HO	silver
451	451	0.1517218574196041	0.0393598567163674	496632	Khs-308.HO	Khakass.HO	silver
452	452	0.1497374311648305	0.0359096258853849	496591	Khs-309.HO	Khakass.HO	silver
453	453	0.1645597059926616	0.0355949491762232	496666	Khs-402.HO	Khakass_Kachin.HO	silver
454	454	0.1583937606693552	0.0275131173210059	492921	Khs-403.HO	Khakass_Kachin.HO	silver
455	455	0.1430514938983556	0.0256625787151505	496795	Khs-421.HO	Khakass_Kachin.HO	silver
456	456	0.1415158716109666	0.020475241034266	492460	Khs-422.HO	Khakass.HO	silver
457	457	0.1542425445655673	0.0321945969882163	492072	Khs-424.HO	Khakass_Kachin.HO	silver
458	458	0.0880616456768865	0.0263011005605787	493213	Khs-425.HO	Khakass.HO	silver
459	459	0.1623526730217049	0.0247639140677416	496537	Khs-491.HO	Khakass_Kachin.HO	silver
460	460	0.156919828207243	0.031275860761525	490559	Khs-493.HO	Khakass_Kachin.HO	silver
461	461	0.1592249908577239	0.0320175488875741	497043	Khs-513.HO	Khakass_Kachin.HO	silver
462	462	0.1616026789743908	0.0291878341418144	493300	Khs-527.HO	Khakass_Kachin.HO	silver
463	463	0.0797449930631823	0.0041260740829956	489153	KKA-004.HO	Karakalpak.HO	silver
464	464	0.1032806028614641	0.0068605743234069	492860	KKA-007.HO	Karakalpak.HO	silver
465	465	0.1230117966809536	0.0115034899561555	492988	KKA-009.HO	Karakalpak.HO	silver
466	466	0.1012520667499137	0.0026036361801803	493194	KKA-011.HO	Karakalpak.HO	silver
467	467	0.1156082285605857	0.0073605447672274	492942	KKA-012.HO	Karakalpak.HO	silver
468	468	0.1049931904382759	0.0039118537082135	491578	KKA-014.HO	Karakalpak.HO	silver
469	469	0.0899517613468273	0.0021262093718752	492662	KKA-016.HO	Karakalpak.HO	silver
470	470	0.0922996804009864	0.0010189710880206	491538	KKA-019.HO	Karakalpak.HO	silver
471	471	0.0964812845175056	0.0089035215017291	494341	KKA-023.HO	Karakalpak.HO	silver
472	472	0.1021207578441031	0.0081984261605709	492160	KKA-027.HO	Karakalpak.HO	silver
473	473	0.1106529245496315	0.0051452206882019	494358	KKA-040.HO	Karakalpak.HO	silver
474	474	0.1173627755866818	0.0001768476601135	489084	KKA-042.HO	Karakalpak.HO	silver
475	475	0.0956733339528525	0.0027998887188255	496749	KKA-046.HO	Karakalpak.HO	silver
476	476	0.1059220154979052	0.0022653388851998	493224	KKA-051.HO	Karakalpak.HO	silver
477	477	-0.0444098654545898	-0.0303605943957686	497088	KRD-5.HO	Kurd.HO	silver
478	478	-0.0490838948978496	-0.0305981750930069	497004	KRD-8.HO	Kurd.HO	silver
479	479	-0.0471091644601828	-0.0331030636702365	497088	KRD-14.HO	Kurd.HO	silver
480	480	-0.0467736844589886	-0.0310953791307988	496933	KRD-31.HO	Kurd.HO	silver
481	481	-0.0405394546826742	-0.0296257859620964	496574	KRD-40.HO	Kurd.HO	silver
482	482	-0.0493993552134432	-0.0326488344911235	496764	KRD-43.HO	Kurd.HO	silver
483	483	-0.0528648113872202	-0.029811437231751	496774	KRD-45.HO	Kurd.HO	silver
484	484	-0.0505933240661178	-0.0287713670201741	496929	KRD-49.HO	Kurd.HO	silver
485	485	0.1132873293036594	0.003238782853989	497202	KZH-1593.HO	Kazakh.HO	green
486	486	0.125785995025373	0.0032035615113637	496716	KZH-1611.HO	Kazakh.HO	green
487	487	0.1229927787140413	0.0052135676473736	484575	KZH-1614.HO	Kazakh.HO	green
488	488	0.1284300108880662	0.0126287786046107	496993	KZH-1629.HO	Kazakh.HO	green
489	489	0.125233522656762	0.0065520053370054	496761	KZH-1633.HO	Kazakh.HO	green
490	490	0.1262815846327135	0.0041811281697906	496807	KZH-1650.HO	Kazakh.HO	green
491	491	0.1334331660709324	0.0063510891465476	494942	KZH-1680.HO	Kazakh.HO	green
492	492	0.1370787686990887	0.0068129320730246	496627	KZH-1689.HO	Kazakh.HO	green
493	493	0.1224667516096904	0.0096943594703157	496887	KZH-1696.HO	Kazakh.HO	green
494	494	0.125054101972227	0.007302572897777	496877	KZH-1708.HO	Kazakh.HO	green
495	495	0.1142090965269583	0.0043974795910093	490013	KZH-1718.HO	Kazakh.HO	green
496	496	0.1316078114792312	0.0063219178046367	491496	KZH-1722.HO	Kazakh.HO	green
497	497	0.1187860138749856	0.0075652009144058	497242	KZH-1724.HO	Kazakh.HO	green
498	498	0.1422207141241003	0.004480104742627	496647	KZH-1725.HO	Kazakh.HO	green
499	499	0.1333308404406984	0.0042213945031158	497118	KZH-1730.HO	Kazakh.HO	green
500	500	0.137447736055519	0.0110471793448682	496463	KZH-1735.HO	Kazakh.HO	green
501	501	0.1277905168954077	0.0109189856415028	497044	KZH-1750.HO	Kazakh.HO	green
502	502	0.1229443750345634	0.0038948030808811	497082	KZH-1752.HO	Kazakh.HO	green
503	503	-0.0339503454477603	-0.0201682992906527	496583	LPGH-139.HO	Kabardinian.HO	silver
504	504	-0.0387676459282818	-0.0186744038422071	497001	lpgh-303.HO	Adygei.HO	silver
505	505	-0.0369983299003601	0.0136457084697219	496774	MOE-001.HO	Mordovian.HO	silver
506	506	-0.0313076992591949	0.0149880350609797	496792	MOE-002.HO	Mordovian.HO	silver
507	507	-0.0270877644335389	0.0127912154982109	497213	MOE-010.HO	Mordovian.HO	silver
508	508	-0.031886796331961	0.0125019601803893	497060	MOE-014.HO	Mordovian.HO	silver
509	509	-0.042364349849686	0.0171715445462178	496951	MOE-015.HO	Mordovian.HO	silver
510	510	-0.0363001269653987	0.0118498764779961	497135	MOE-020.HO	Mordovian.HO	silver
511	511	-0.0422529081702588	0.015526140872186	497236	MOE-025.HO	Mordovian.HO	silver
512	512	-0.0355108911235338	0.0178259724900742	497215	MOE-036.HO	Mordovian.HO	silver
513	513	-0.0324216530437126	0.019504569760333	497233	MOE-043.HO	Mordovian.HO	silver
514	514	-0.0321926991026828	0.0167902367989459	496762	MOE-045.HO	Mordovian.HO	silver
515	515	-0.0416903659202821	0.0116089372854386	491961	MOE-433.HO	Mordovian.HO	silver
516	516	-0.0388945317945493	0.0168808834605672	497011	MOE-445.HO	Mordovian.HO	silver
517	517	-0.0407261167995523	0.0153185565106578	497226	MOE-450.HO	Mordovian.HO	silver
518	518	-0.0376872567412929	0.0150480393862991	497129	MOE-451.HO	Mordovian.HO	silver
519	519	-0.0425397527730649	0.013057152545858	497241	MOE-452.HO	Mordovian.HO	silver
520	520	-0.0394603817963341	0.0157081430465205	497250	MOE-455.HO	Mordovian.HO	silver
521	521	-0.0390518415605676	0.0178343554162598	496875	MOE-475.HO	Mordovian.HO	silver
522	522	-0.0379919745794862	0.011811535478097	497171	MOE-485.HO	Mordovian.HO	silver
523	523	-0.0393588269969503	0.0076880736303242	496902	MOE-491.HO	Mordovian.HO	silver
524	524	-0.0385642277019355	0.0152494596523453	497039	MOE-492.HO	Mordovian.HO	silver
525	525	-0.0502167729868444	0.012773818644219	496911	MOE-495.HO	Mordovian.HO	silver
526	526	-0.0366233643003343	0.0147070053005137	497233	MOE-497.HO	Mordovian.HO	silver
527	527	-0.0633116526651997	-0.007884822177895	492102	MOL-005.HO	Moldavian.HO	silver
528	528	-0.061593711639467	-0.0093090462056588	496201	MOL-008.HO	Moldavian.HO	silver
529	529	-0.0533176584089059	-0.0138730455889901	493368	MOL-015.HO	Moldavian.HO	silver
530	530	-0.064929632824134	-0.0077831404671816	496384	MOL-024.HO	Moldavian.HO	silver
531	531	-0.0582357138285153	-0.0093627490538372	496692	MOL-058.HO	Moldavian.HO	silver
532	532	-0.0628323078719411	-0.0091929429015373	496412	MOL-064.HO	Moldavian.HO	silver
533	533	-0.0615184854369261	-0.0055020191131543	496932	MOL-065.HO	Moldavian.HO	silver
534	534	-0.0645850507224338	-0.0073269369223892	496890	MOL-066.HO	Moldavian.HO	silver
535	535	-0.059613054743782	-0.0075932036957789	496147	MOL-067.HO	Moldavian.HO	silver
536	536	-0.0615048232370669	-0.00467093067061	492028	MOL-069.HO	Moldavian.HO	silver
537	537	0.1997573639763833	0.0120293830837379	493915	MON-0006.HO	Mongol.HO	silver
538	538	0.1954580481862443	0.0059711451831558	496837	MON-0023.HO	Mongol.HO	silver
539	539	0.1986695996103855	0.0011181124373486	496637	MON-0045.HO	Mongol.HO	silver
540	540	0.1993878325465528	0.006518023587293	494119	MON-0078.HO	Mongol.HO	silver
541	541	0.2001148811953076	0.003225918285908	496537	MON-0089.HO	Mongol.HO	silver
542	542	0.1795289980126415	0.0182525829658861	494210	MON-0165.HO	Mongol.HO	silver
543	543	0.2000770041093855	0.0049672855359222	496069	MON-0209.HO	Mongol.HO	silver
544	544	0.1902838193968891	0.0036373387550874	492987	MON-0263.HO	Mongol.HO	silver
545	545	0.1919117220882173	0.003071927391388	495783	MON-0266.HO	Mongol.HO	silver
546	546	0.205486496862727	0.0023551392186798	496311	MON-0281.HO	Mongol.HO	silver
547	547	0.1898868079284479	0.0221945642284124	492011	MON-0292.HO	Mongol.HO	silver
548	548	0.1966148517698714	0.0145822284803402	496539	MON-0299.HO	Mongol.HO	silver
549	549	0.194103979802923	0.0027898428494338	492921	MON-0309.HO	Mongol.HO	silver
550	550	0.1995510911764445	0.0052686824544482	492063	MON-0312.HO	Mongol.HO	silver
551	551	0.2050640887203282	-0.0043046160787341	491980	MON-0328.HO	Mongol.HO	silver
552	552	0.2076621927526492	0.0057792288871739	496095	MON-0344.HO	Mongol.HO	silver
553	553	0.1979663614891504	-0.0012797249516442	492961	MON-0345.HO	Mongol.HO	silver
554	554	0.195336934548995	0.0104353865704505	492488	MON-0348.HO	Mongol.HO	silver
555	555	0.2045592768557987	-0.0002238685485838	494365	MON-0352.HO	Mongol.HO	silver
556	556	0.2026687418589151	0.0037185478294342	490888	MON-0400.HO	Mongol.HO	silver
557	557	0.201692741041928	-0.0049161704025493	492532	MON-0413.HO	Mongol.HO	silver
558	558	0.185345489328597	0.0087037808504351	493756	MON-0423.HO	Mongol.HO	silver
559	559	0.1842589992060652	0.0117402997622909	492609	MON-0425.HO	Mongol.HO	silver
560	560	0.2027111449431335	0.0016571933282432	494899	MON-0426.HO	Mongol.HO	silver
561	561	0.1959941937384049	0.0046066673645638	495582	MON-0441.HO	Mongol.HO	silver
562	562	0.1921014704877548	0.0045585483701905	492102	MON-0444.HO	Mongol.HO	silver
563	563	0.1838576315350953	0.0067054268109417	494745	MON-0453.HO	Mongol.HO	silver
564	564	0.1740752900835127	0.009802834732474	483219	MON-0455.HO	Mongol.HO	silver
565	565	0.2033367655266737	0.014585000491038	494739	MON-0465.HO	Mongol.HO	silver
566	566	0.1895669479030799	0.0259813226344717	492850	MON-0483.HO	Mongol.HO	silver
567	567	0.1973308815026873	0.0120616195857168	494186	MON-0500.HO	Mongol.HO	silver
568	568	0.1903673052760349	0.0132512410472141	494783	MON-232.HO	Mongol.HO	silver
569	569	0.2080168318449538	-0.0013961634282261	496458	MON-558.HO	Mongol.HO	silver
570	570	0.1830236828494236	0.0057790350117606	495331	MON-611.HO	Mongol.HO	silver
571	571	0.0979415938722882	0.0076750091162997	496216	NOG-15.HO	Nogai_Astrakhan.HO	silver
572	572	0.1017371503262939	0.0074740916055011	496706	NOG-17.HO	Nogai_Astrakhan.HO	silver
573	573	0.0908028882528807	0.0014149036448961	496043	NOG-18.HO	Nogai_Astrakhan.HO	silver
574	574	0.1030050436721406	0.0080695194650369	496979	NOG-19.HO	Nogai_Astrakhan.HO	silver
575	575	0.1067972349129892	0.0037729370538924	496570	NOG-21.HO	Nogai_Astrakhan.HO	silver
576	576	0.0945777802033217	0.002220672097041	495695	NOG-42.HO	Nogai_Astrakhan.HO	silver
577	577	0.04406233778166	0.0048234407434731	496468	NOG-125.HO	Nogai_Stavropol.HO	silver
578	578	0.095214988867777	-0.0003000369252863	496990	NOG-127.HO	Nogai_Stavropol.HO	silver
579	579	0.0496636113981435	0.0007177442272081	496437	NOG-129.HO	Nogai_Stavropol.HO	silver
580	580	0.1209445983259241	-0.0010834320298985	496681	NOG-130.HO	Nogai_Stavropol.HO	silver
581	581	0.080386091217734	0.0026974530187755	496880	NOG-133.HO	Nogai_Stavropol.HO	silver
582	582	0.0875914260659985	0.0015659511617511	496660	NOG-217.HO	Nogai_Stavropol.HO	silver
583	583	0.0631586288572887	0.0074523323702191	496616	NOG-220.HO	Nogai_Stavropol.HO	silver
584	584	0.0872632397095714	0.0048502035942642	496857	NOG-224.HO	Nogai_Stavropol.HO	silver
585	585	0.1032752584685341	-0.0010476666720597	494888	NOG-263.HO	Nogai_Stavropol.HO	silver
586	586	0.0899496142552498	0.0009863033532226	496759	NOG-357.HO	Nogai_Stavropol.HO	silver
587	587	-0.037612865891322	-0.0227916370306748	496626	OCE-058.HO	Ossetian.HO	silver
588	588	-0.0366861043579342	-0.0225016885782941	497146	OCE-155.HO	Ossetian.HO	silver
589	589	-0.0400913791141881	-0.0239095229589621	496774	OCE-160.HO	Ossetian.HO	silver
590	590	-0.0442953582497441	-0.0254938560920776	496769	OCE-161.HO	Ossetian.HO	silver
591	591	-0.0415557662967176	-0.0241801915080968	497119	OCE-195.HO	Ossetian.HO	silver
592	592	-0.0409323728424181	-0.0267919604534303	492983	OCE-224.HO	Ossetian.HO	silver
593	593	-0.033952761207148	0.022790166853007	495349	Rakr-203.HO	Russian_Archangelsk_Krasnoborsky.HO	blue
594	594	-0.0350646452362393	0.014969095836626	496039	Rakr-205.HO	Russian_Archangelsk_Krasnoborsky.HO	blue
595	595	-0.0332641122587391	0.0168480180134641	496199	Rakr-237.HO	Russian_Archangelsk_Krasnoborsky.HO	blue
596	596	-0.034990664565582	0.0239201487311452	494046	Rakr-248.HO	Russian_Archangelsk_Krasnoborsky.HO	blue
597	597	-0.0285233336610197	0.0251284709561909	496950	Rakr-341.HO	Russian_Archangelsk_Krasnoborsky.HO	blue
598	598	-0.0347371408988894	0.0206503764642262	496937	Rakr-345.HO	Russian_Archangelsk_Krasnoborsky.HO	blue
599	599	-0.0136267449655506	0.0294370096241218	496395	Rakrlsh-002.HO	Russian_Archangelsk_Leshukonsky.HO	blue
600	600	-0.0176579435552703	0.0362257679909406	496441	Rakrlsh-140.HO	Russian_Archangelsk_Leshukonsky.HO	blue
601	601	-0.016097373689682	0.0321766391984521	492118	Rakrlsh-143.HO	Russian_Archangelsk_Leshukonsky.HO	blue
602	602	-0.0198673229230977	0.0348087536858532	496132	Rakrlsh-144.HO	Russian_Archangelsk_Leshukonsky.HO	blue
603	603	-0.0233769764872145	0.0246292003257468	496272	Rakrlsh-149.HO	Russian_Archangelsk_Leshukonsky.HO	blue
604	604	-0.053052020654822	0.0094166609422355	496432	Rbgp-200.HO	Russian.HO	blue
605	605	-0.0580798583168983	0.0122449018585229	495206	Rbgp-201.HO	Russian.HO	blue
606	606	-0.0585358528752932	0.0055266523137243	496258	Rbgp-203.HO	Russian.HO	blue
607	607	-0.054904040847975	0.0134713340682574	496290	Rbgp-205.HO	Russian.HO	blue
608	608	-0.0574689933359415	0.0139368206866605	496644	Rkbo-12.HO	Russian.HO	blue
609	609	-0.0534373696440529	0.0112377230537357	496897	Rkbo-16.HO	Russian.HO	blue
610	610	-0.0543949154254106	0.0117345553071556	496458	Rkbo-44.HO	Russian.HO	blue
611	611	-0.059489063906115	0.0129523003548238	495575	Rkbo-58.HO	Russian.HO	blue
612	612	-0.0431706714551748	0.0131575529917742	493948	Rksh-402.HO	Russian.HO	blue
613	613	-0.0511475749075097	0.0101045460057696	488114	Rksh-405.HO	Russian.HO	blue
614	614	-0.0461399923596365	0.0141668881671614	482025	Rksh-407.HO	Russian.HO	blue
615	615	-0.0536850033395556	0.011837892800407	495328	Rksh-412.HO	Russian.HO	blue
616	616	-0.0554693442718755	0.0123097318308864	496252	Rkuch-03.HO	Russian.HO	blue
617	617	-0.0515408481067398	0.01343927796842	496139	Rkuch-05.HO	Russian.HO	blue
618	618	-0.0565931289098889	0.0067487228846819	494019	Rkuch-53.HO	Russian.HO	blue
619	619	-0.0512722234897702	0.0107486718709439	496500	Rkuch-58.HO	Russian.HO	blue
620	620	-0.0415864582368856	0.0113229099290919	495312	Rorl-102.HO	Russian.HO	blue
621	621	-0.0589826420833667	0.0103296664048916	493881	Rorl-110.HO	Russian.HO	blue
622	622	-0.0559321475276431	0.0079339565664028	495958	Rorl-114.HO	Russian.HO	blue
623	623	-0.0560989478985153	0.0093231204281786	494685	Rorl-155.HO	Russian.HO	blue
624	624	-0.0291211433581004	0.0269148655589677	492698	RPin-114.HO	Russian_Archangelsk_Pinezhsky.HO	blue
625	625	-0.0261357362456857	0.0308542899846392	495575	RPin-123.HO	Russian_Archangelsk_Pinezhsky.HO	blue
626	626	-0.0308167450351395	0.0231286865403157	496063	RPin-143.HO	Russian_Archangelsk_Pinezhsky.HO	blue
627	627	-0.025738156292634	0.0203036841982066	485185	RPin-145.HO	Russian_Archangelsk_Pinezhsky.HO	blue
628	628	-0.0252016611073746	0.0290859523504873	494870	RPin-151.HO	Russian_Archangelsk_Pinezhsky.HO	blue
629	629	-0.0577802714818249	0.0110908279930108	494290	Rps-002.HO	Russian.HO	blue
630	630	-0.0638017114057156	0.0179765391152711	495067	Rps-004.HO	Russian.HO	blue
631	631	-0.0552786645766888	0.0137393051828185	493649	Rps-006.HO	Russian.HO	blue
632	632	-0.0575315750285167	0.0126561238138198	496816	Rps-012.HO	Russian.HO	blue
633	633	-0.0504253098068819	0.0140774636874788	489285	Rps-090.HO	Russian.HO	blue
634	634	-0.0543710055045033	0.0111885958697515	495864	Rps-091.HO	Russian.HO	blue
635	635	-0.0515279780205813	0.0148698957616685	496685	Rps-098.HO	Russian.HO	blue
636	636	-0.0542572573011378	0.009871526242953	495149	Rrzm-08.HO	Russian.HO	blue
637	637	-0.0518573380975592	0.0074322174360119	485187	Rrzm-10.HO	Russian.HO	blue
638	638	-0.0469678928334202	0.0140669211908578	496448	Rrzm-13.HO	Russian.HO	blue
639	639	-0.0509561914325428	0.0053057889569296	490968	Rrzm-16.HO	Russian.HO	blue
640	640	-0.0514405603586381	0.0082545095676578	496567	Rrzm-83.HO	Russian.HO	blue
641	641	-0.052511299824294	0.0148850455847096	494729	Rrzs-3.HO	Russian.HO	blue
642	642	-0.0498025849832192	0.0150786908897627	496093	Rrzs-7.HO	Russian.HO	blue
643	643	-0.0538084782487739	0.0119805342195245	496505	Rrzs-11.HO	Russian.HO	blue
644	644	-0.0494142200627553	0.0155594908691827	496611	Rrzs-32.HO	Russian.HO	blue
645	645	-0.0506121184490125	0.0101280549120088	496646	Rrzs-58.HO	Russian.HO	blue
646	646	-0.0515532636633038	0.0109634786135669	495645	Rrzs-66.HO	Russian.HO	blue
647	647	-0.0454941741865559	0.0138602383720772	495744	Rrzs-88.HO	Russian.HO	blue
648	648	-0.0583204707499222	0.0105875099965529	494002	Rsm-103.HO	Russian.HO	blue
649	649	-0.0581452228523415	0.0107279970344674	496351	Rsm-109.HO	Russian.HO	blue
650	650	-0.0605283851639837	0.0101887946574988	496094	Rsm-166.HO	Russian.HO	blue
651	651	-0.0611642485634916	0.0125374842113234	495932	Rsm-171.HO	Russian.HO	blue
652	652	-0.0558603297946562	0.0103927445680645	494947	Rsm-176.HO	Russian.HO	blue
653	653	-0.0554386849906608	0.0079656500315079	491442	Rsm-179.HO	Russian.HO	blue
654	654	-0.0567176203371831	0.0094975011070502	496705	Rsm-181.HO	Russian.HO	blue
655	655	-0.049468210773517	0.0166175880892035	493738	RYAR-173.HO	Russian.HO	blue
656	656	-0.0445406248138572	0.0162494688702149	496403	RYAR-223.HO	Russian.HO	blue
657	657	-0.0502196423386568	0.012933700478228	494579	RYAR-232.HO	Russian.HO	blue
658	658	-0.0448320386818584	-0.024839630953694	496675	Shap-55.HO	Adygei.HO	silver
659	659	-0.0519827233883895	-0.0256484172650215	496987	Shap-156.HO	Adygei.HO	silver
660	660	-0.0425187520778494	-0.0242975582771645	497175	Shap-225.HO	Adygei.HO	silver
661	661	0.1273836729442263	0.0328006095848427	497170	Shor-202.HO	Shor_Mountain.HO	silver
662	662	0.1159977117124381	0.0377549386888308	496740	Shor-204.HO	Shor_Mountain.HO	silver
663	663	0.1203764269541558	0.0412653284444365	497185	Shor-209.HO	Shor_Mountain.HO	silver
664	664	0.1216067779283486	0.0336512776569519	491791	Shor-262.HO	Shor_Mountain.HO	silver
665	665	0.1249626139312667	0.0424955313039209	496571	Shor-263.HO	Shor_Mountain.HO	silver
666	666	0.1262546051945478	0.0361741067768048	497094	Shor-292.HO	Shor_Mountain.HO	silver
667	667	0.1215544712641763	0.0440815475312281	496695	Shor-293.HO	Shor_Mountain.HO	silver
668	668	0.0809818842969366	0.0164836937735083	497205	STA-003.HO	Tatar_Siberian.HO	silver
669	669	0.0781766635591009	0.0188183359969108	497107	STA-004.HO	Tatar_Siberian.HO	silver
670	670	0.0875982771535189	0.0329724385169065	496738	STA-006.HO	Tatar_Siberian.HO	silver
671	671	0.0592268713429968	0.0239503423820237	496794	STA-112.HO	Tatar_Siberian.HO	silver
672	672	0.079665113616124	0.0304933083594732	497170	STA-116.HO	Tatar_Siberian.HO	silver
673	673	0.0617662202538902	0.0254571298350931	496714	STA-120.HO	Tatar_Siberian.HO	silver
674	674	0.0752106040733741	0.0283003951126353	496165	STA-122.HO	Tatar_Siberian.HO	silver
675	675	0.0536017595750915	0.0196159799253546	496465	STA-126.HO	Tatar_Siberian.HO	silver
676	676	0.0704229273581602	0.0259072359258473	496737	STA-128.HO	Tatar_Siberian.HO	silver
677	677	0.070080551095827	0.0258115899438108	497240	STA-205.HO	Tatar_Siberian.HO	silver
678	678	0.0818250452572749	0.0247628397964926	497054	STA-211.HO	Tatar_Siberian.HO	silver
679	679	0.0913112452898425	0.0271680697490468	496579	STA-212.HO	Tatar_Siberian.HO	silver
680	680	0.0965727242505076	0.0351912694536543	496599	STA-237.HO	Tatar_Siberian.HO	silver
681	681	0.088119888533123	0.0337196896997246	497060	STA-265.HO	Tatar_Siberian.HO	silver
682	682	0.0934217198669119	0.0253725893809975	497176	STA-297.HO	Tatar_Siberian.HO	silver
683	683	0.0859153550623084	0.0186504211629235	497032	STA-300.HO	Tatar_Siberian.HO	silver
684	684	0.0684854644834326	0.025573830612392	496554	STA-304.HO	Tatar_Siberian.HO	silver
685	685	0.082167367692214	0.0239309076856351	496617	STA-306.HO	Tatar_Siberian.HO	silver
686	686	0.0957364963179264	0.018316900812338	496938	STA-309.HO	Tatar_Siberian.HO	silver
687	687	0.0901879027616626	0.0552982724561436	494794	STA-357.HO	Tatar_Siberian_Zabolotniye.HO	silver
688	688	0.0896161375646462	0.0500350769539028	496252	STA-362.HO	Tatar_Siberian_Zabolotniye.HO	silver
689	689	0.0954097188497718	0.0567141256943979	497091	STA-366.HO	Tatar_Siberian_Zabolotniye.HO	silver
690	690	0.0880705948373087	0.0496153602204089	496677	STA-434.HO	Tatar_Siberian_Zabolotniye.HO	silver
691	691	0.091776779702537	0.0487881602245882	497247	STA-435.HO	Tatar_Siberian_Zabolotniye.HO	silver
692	692	-0.0037219705320012	-0.020317173828362	497211	TJ-0080.HO	Tajik.HO	silver
693	693	-0.0006239448167156	-0.0190289383228108	496822	TJ-0086.HO	Tajik.HO	silver
694	694	0.0011278337237898	-0.0172669593636539	496447	TJ-0091.HO	Tajik.HO	silver
695	695	0.1385329781379214	0.0025476944252088	496902	TJ-011.HO	Kyrgyz_Tajikistan.HO	silver
696	696	0.1419393760424138	-0.0026608842239155	497221	TJ-032.HO	Kyrgyz_Tajikistan.HO	silver
697	697	0.1351614741203784	0.0042065561739908	496855	TJ-038.HO	Kyrgyz_Tajikistan.HO	silver
698	698	0.1262325827815902	0.0022456535559069	497164	TJ-098.HO	Kyrgyz_Tajikistan.HO	silver
699	699	-0.0196705296448244	-0.0144440729434888	496620	TJ-0108.HO	Tajik.HO	silver
700	700	0.006412938272684	-0.0136872218303702	496941	TJ-0155.HO	Tajik.HO	silver
701	701	-0.0034588830832799	-0.0149806927528741	497275	TJ-0484.HO	Tajik.HO	silver
702	702	0.0010515130230334	-0.0139436469368164	496424	TJ-0486.HO	Tajik.HO	silver
703	703	0.0131585069215404	-0.0128622978686669	496571	TJ-0495.HO	Tajik.HO	silver
704	704	-0.0020215505814649	-0.017472113655507	497196	TJ-0500.HO	Tajik.HO	silver
705	705	-0.005492231893462	-0.0171154679607033	496618	TJ-0517.HO	Tajik.HO	silver
706	706	-0.0094043456792113	-0.0175041198927089	496770	TJ-0555.HO	Tajik.HO	silver
707	707	-0.0039554618330474	-0.0185638533653389	496313	TJ-0573.HO	Tajik.HO	silver
708	708	-0.0054991082192838	-0.0167703494907833	497021	TJ-0574.HO	Tajik.HO	silver
709	709	0.0195327086120798	-0.0162500062942052	496851	TJ-0686.HO	Tajik.HO	silver
710	710	-0.0064407481421484	-0.0081081761938327	496711	TJ-0688.HO	Tajik.HO	silver
711	711	0.004767947533549	-0.0206750241836391	496821	TJ-0796.HO	Tajik.HO	silver
712	712	0.0003670952748949	-0.0160012455793466	495463	TJ-0798.HO	Tajik.HO	silver
713	713	0.0055094370297309	-0.0170385990550017	496634	TJ-0807.HO	Tajik.HO	silver
714	714	0.0090385034392302	-0.0113580430751186	497206	TJ-0982.HO	Tajik.HO	silver
715	715	0.0055761205121669	-0.016760703410109	496968	TJ-0984.HO	Tajik.HO	silver
716	716	0.0044150889309265	-0.0113980494307936	496856	TJ-0986.HO	Tajik.HO	silver
717	717	-0.0022245475535344	-0.0173187450587333	497146	TJ-1032.HO	Tajik.HO	silver
718	718	-0.0053765399540351	-0.0146819193441094	496827	TJ-1041.HO	Tajik.HO	silver
719	719	-0.0069786590383893	0.0141847666270611	497025	TTR-086.HO	Tatar_Kazan.HO	silver
720	720	0.004295637816885	0.017327369803356	496642	TTR-094.HO	Tatar_Kazan.HO	silver
721	721	-0.0047929972800888	0.0203189510869221	496321	TTR-097.HO	Tatar_Kazan.HO	silver
722	722	0.0086840201149199	0.0150475465358106	495653	TTR-201.HO	Tatar_Kazan.HO	silver
723	723	-0.0051573972208914	0.0162378187639575	496367	TTR-217.HO	Tatar_Kazan.HO	silver
724	724	-0.018311688746851	0.0117872441613852	496665	TTR-241.HO	Tatar_Mishar.HO	silver
725	725	0.0024861719246201	0.0168912869952771	496995	TTR-244.HO	Tatar_Kazan.HO	silver
726	726	0.0009610691442743	0.0180726485293052	495913	TTR-245.HO	Tatar_Kazan.HO	silver
727	727	-0.0004123878392946	0.0135172537128276	495934	TTR-249.HO	Tatar_Kazan.HO	silver
728	728	-0.0005913165126711	0.0132961258991555	496444	TTR-250.HO	Tatar_Kazan.HO	silver
729	729	-0.0189246383169534	0.0119380031541712	496326	TTR-271.HO	Tatar_Mishar.HO	silver
730	730	-0.0121020209086795	0.0110474781171104	496527	TTR-272.HO	Tatar_Mishar.HO	silver
731	731	-0.0005920800622979	0.0130883405197496	495953	TTR-330.HO	Tatar_Kazan.HO	silver
732	732	-0.0129095914079053	0.0095747823002092	496644	TTR-356.HO	Tatar_Mishar.HO	silver
733	733	-0.0047165668655713	0.0190075095384519	496737	TTR-359.HO	Tatar_Mishar.HO	silver
734	734	-0.0133597190420766	0.0137359763877184	496339	TTR-362.HO	Tatar_Mishar.HO	silver
735	735	-0.0108374238514835	0.010036884494892	496813	TTR-436.HO	Tatar_Mishar.HO	silver
736	736	-0.0169059659120144	0.0164406744682031	482719	TTR-460.HO	Tatar_Mishar.HO	silver
737	737	-0.016570023645783	0.0136168797556139	497040	TTR-462.HO	Tatar_Mishar.HO	silver
738	738	-0.0128864285085738	0.0117089301150648	495759	TTR-464.HO	Tatar_Mishar.HO	silver
739	739	-0.0071821527749373	0.0253746389247856	496539	Ttr-473.HO	Chuvash.HO	silver
740	740	0.0011545657878702	0.0314529048311035	497243	Ttr-474.HO	Chuvash.HO	silver
741	741	0.0097138770820686	0.0291683889292855	497240	Ttr-481.HO	Chuvash.HO	silver
742	742	0.0069658198493959	0.0167448931559744	496917	TTR-493.HO	Tatar_Kazan.HO	silver
743	743	0.0064869594881533	0.0182442676165898	495984	TTR-501.HO	Tatar_Kazan.HO	silver
744	744	0.00985353823657	0.0263872020288861	497218	Ttr-507.HO	Chuvash.HO	silver
745	745	-0.0002780622347398	0.0151707048905361	496240	TTR-514.HO	Tatar_Kazan.HO	silver
746	746	0.0086102286550233	0.0317516115916286	497209	Ttr-568.HO	Chuvash.HO	silver
747	747	-0.0184481386368576	0.0197346502133748	497054	Ttr-569.HO	Chuvash.HO	silver
748	748	0.1926866808580136	0.0570521158792646	496991	TUV-004.HO	Tuvinian.HO	silver
749	749	0.1815464577862412	0.0452622273308825	496689	TUV-008.HO	Tuvinian.HO	silver
750	750	0.1816684526587293	0.0484270420648892	496495	TUV-024.HO	Tuvinian.HO	silver
751	751	0.1872966286727076	0.047940293037185	496933	TUV-044.HO	Tuvinian.HO	silver
752	752	0.1855088433908775	0.0428678282358825	496997	TUV-059.HO	Tuvinian.HO	silver
753	753	0.1873457220570634	0.0408546421198877	497243	TUV-062.HO	Tuvinian.HO	silver
754	754	0.1909801963586544	0.0426486403063719	496577	TUV-071.HO	Tuvinian.HO	silver
755	755	0.1828053010661908	0.0449742251413368	496601	TUV-096.HO	Tuvinian.HO	silver
756	756	0.1930568636535976	0.0643812869511345	496945	TUV-121.HO	Todzin.HO	silver
757	757	0.1975875877185514	0.0768750221328687	497122	TUV-195.HO	Todzin.HO	silver
758	758	0.2035435322810406	0.0710263581571374	497046	TUV-199.HO	Todzin.HO	silver
759	759	0.1781630075061845	0.0427596712807594	496809	TUV-349.HO	Tuvinian.HO	silver
760	760	0.1764034077688939	0.0455898199902756	495853	TUV-392.HO	Tuvinian.HO	silver
761	761	0.0164535863580425	0.0361567788816	496773	UDM-004.HO	Udmurt.HO	silver
762	762	0.0255178564645306	0.0420153312135754	496857	UDM-033.HO	Udmurt.HO	silver
763	763	0.0218667557195173	0.0410476546811321	496947	UDM-034.HO	Udmurt.HO	silver
764	764	0.0232789420834208	0.0429723368522396	496747	UDM-138.HO	Udmurt.HO	silver
765	765	0.0140856249651567	0.0406895347380231	496596	UDM-229.HO	Udmurt.HO	silver
766	766	0.0248649837703632	0.0380249356878983	496751	UDM-254.HO	Udmurt.HO	silver
767	767	0.0137551404756872	0.0359100142789283	496904	UDM-255.HO	Udmurt.HO	silver
768	768	0.0198635262977279	0.0375689225987163	497158	UDM-256.HO	Udmurt.HO	silver
769	769	0.0070472772008965	0.0290788881714932	497141	UDM-287.HO	Besermyan.HO	silver
770	770	0.009323567181193	0.0314295673838407	496609	UDM-309.HO	Besermyan.HO	silver
771	771	0.0126705408736524	0.0391456417376585	497107	UDM-318.HO	Udmurt.HO	silver
772	772	0.0169629929278601	0.0398363644383557	497132	UDM-335.HO	Udmurt.HO	silver
773	773	0.0086754996015924	0.0325229739950119	497165	UDM-349.HO	Besermyan.HO	silver
774	774	0.0095891560339751	0.0316184062164027	497141	UDM-357.HO	Besermyan.HO	silver
775	775	0.0135742982494809	0.036161918913646	496660	UDM-362.HO	Besermyan.HO	silver
776	776	0.0107294436885345	0.0294186030177485	497145	UDM-366.HO	Besermyan.HO	silver
777	777	-0.0608354227421005	0.0081360444908304	496656	UKR-1283.HO	Ukrainian.HO	pink
778	778	-0.0603299826436248	0.010570135841503	496920	UKR-1291.HO	Ukrainian.HO	pink
779	779	-0.0533964324526552	0.0103900660438787	496514	UKR-1292.HO	Ukrainian.HO	pink
780	780	-0.0583732502688045	0.0041309295962918	497155	UKR-1377.HO	Ukrainian.HO	pink
781	781	-0.0605466464613018	0.0076530501593541	496523	UKR-1399.HO	Ukrainian_North.HO	pink
782	782	-0.0560697441578803	0.0045682720437936	479925	UKR-1903.HO	Ukrainian_North.HO	pink
783	783	-0.0554640888775345	0.0101081639951897	496553	UKR-1909.HO	Ukrainian_North.HO	pink
784	784	-0.0540437110681132	0.0048996590567758	496498	UKR-1913.HO	Ukrainian_North.HO	pink
785	785	-0.0578949056141661	0.0052240550415062	496976	UKR-1951.HO	Ukrainian_North.HO	pink
786	786	-0.0597012905410563	0.0093142871401142	494953	UKR-1978.HO	Ukrainian_North.HO	pink
787	787	-0.0585716296229462	0.0113951503823043	496734	UKR-1992.HO	Ukrainian_North.HO	pink
788	788	-0.0580817036040958	0.0054831024490529	496589	UKR-2021.HO	Ukrainian_North.HO	pink
789	789	0.0665196220987441	-0.0126110537067378	496394	UZB-229.HO	Uzbek.HO	silver
790	790	0.0472891752659074	-0.0102325892122887	496872	UZB-232.HO	Uzbek.HO	silver
791	791	0.0493709030524152	-0.0114778426620466	496969	UZB-234.HO	Uzbek.HO	silver
792	792	0.0477731480961283	-0.008372660197886	496426	UZB-235.HO	Uzbek.HO	silver
793	793	0.0511729027005346	-0.0154021008821205	497202	UZB-236.HO	Uzbek.HO	silver
794	794	0.0537873103638118	-0.0100968093174208	496599	UZB-237.HO	Uzbek.HO	silver
795	795	0.0509167132521119	-0.0142519916085081	497109	UZB-238.HO	Uzbek.HO	silver
796	796	0.0651245337002382	-0.0110847522975647	495936	UZB-244.HO	Uzbek.HO	silver
797	797	0.0536347516242537	-0.017674850094243	496808	UZB-246.HO	Uzbek.HO	silver
798	798	0.0754763274355197	-0.0031017389616032	497001	UZB-301.HO	Uzbek.HO	silver
799	799	0.0414520572224778	-0.008787023866737	496388	UZB-302.HO	Uzbek.HO	silver
800	800	0.008724097448917	-0.0078011816422764	496550	UZB-303.HO	Uzbek.HO	silver
801	801	0.0522380863792331	-0.0079003884981267	496123	UZB-304.HO	Uzbek.HO	silver
802	802	0.0625377851436841	-0.0048420768293928	496556	UZB-305.HO	Uzbek.HO	silver
803	803	0.038652335635464	-0.0142932256636207	496192	UZB-306.HO	Uzbek.HO	silver
804	804	-0.0022891764052783	-0.0215755407269954	496839	UZB-307.HO	Uzbek.HO	silver
805	805	0.0664625561539866	-0.0006003222177854	496801	UZB-308.HO	Uzbek.HO	silver
806	806	0.2006848849518413	-0.0479890396010385	496925	UZB-400.HO	Dungan.HO	silver
807	807	0.2068704571746923	-0.0497892451898918	496602	UZB-401.HO	Dungan.HO	silver
808	808	0.2070943880571819	-0.0569908734180896	496978	UZB-410.HO	Dungan.HO	silver
809	809	0.1949026613971921	-0.0542238539864511	496639	UZB-411.HO	Dungan.HO	silver
810	810	0.2126685017114056	-0.0527384806406272	496691	UZB-412.HO	Dungan.HO	silver
811	811	0.207664730366424	-0.040537506057648	496935	UZB-416.HO	Dungan.HO	silver
812	812	0.1995346299929293	-0.0534028886273681	497072	UZB-417.HO	Dungan.HO	silver
813	813	0.193761748283683	-0.0517060737456008	496716	UZB-420.HO	Dungan.HO	silver
814	814	0.1998120864077707	-0.0509098481039411	497179	UZB-421.HO	Dungan.HO	silver
815	815	0.2163866324464511	-0.0585499433494684	497183	UZB-422.HO	Dungan.HO	silver
816	816	0.2072095535323582	-0.0532173593259128	496819	UZB-425.HO	Dungan.HO	silver
817	817	0.186672885659398	-0.0509302019655611	497057	UZB-427.HO	Dungan.HO	silver
818	818	0.1979636196999679	-0.0487056493267435	496834	UZB-431.HO	Dungan.HO	silver
819	819	-0.0465033823928579	-0.0197299764485862	496674	YY-2.HO	Adygei.HO	silver
820	820	-0.0461947765397641	-0.0193566192753287	496911	YY-18.HO	Adygei.HO	silver
821	821	-0.0442219661752268	-0.023021011076081	496835	YY-36.HO	Adygei.HO	silver
822	822	0.01794287648426	-0.0394039527755979	500019	SA062.HO	Ignore_Khomani.HO	silver
823	823	0.0291554252613058	-0.0411165151308039	499973	SA1004.HO	Khomani.HO	silver
824	824	0.0296183506773963	-0.0452111889017563	499808	SA063.HO	Khomani.HO	silver
825	825	0.0332003330908707	-0.0449952464366993	500075	SA010.HO	Khomani.HO	silver
826	826	0.0241692072657351	-0.0404704919240637	500178	SA064.HO	Khomani.HO	silver
827	827	0.0321009184192624	-0.0452786414151165	500179	SA073.HO	Khomani.HO	silver
828	828	0.0289942574907217	-0.0452705172775825	499633	SA1025.HO	Khomani.HO	silver
829	829	0.0105896119045198	-0.0321351986082238	499820	SA078.HO	Khomani.HO	silver
830	830	0.0146642219225817	-0.0371955694702967	500025	SA083.HO	Khomani.HO	silver
831	831	0.2132863599696965	0.0758857661658101	499439	Yuk_009.HO	Yukagir_Tundra.HO	silver
832	832	0.2139539937813269	0.0769870450737913	499963	Yuk_025.HO	Yukagir_Tundra.HO	silver
833	833	0.1603291146109903	0.0962715341571991	500480	Nga_051.HO	Ignore_Nganasan.HO	maroon
834	834	0.2190119420223554	0.0701794873784464	500464	Yuk_022.HO	Yukagir_Tundra.HO	silver
835	835	0.2113369361316522	0.0762443454263859	500253	Yuk_020.HO	Yukagir_Tundra.HO	silver
836	836	0.1548914378629562	0.0497590887379656	500330	MC_12.HO	Ignore_Chukchi.HO	silver
837	837	0.1988261198580215	0.0600931058146271	500117	MC_40.HO	Chukchi.HO	silver
838	838	0.2054900539111473	0.06543680981015	499876	Yuk_024.HO	Yukagir_Tundra.HO	silver
839	839	0.1923657192375223	0.0557346379714842	499955	Nesk_25.HO	Eskimo_Naukan.HO	silver
840	840	0.2239691242841955	0.0806761671654827	500389	Yuk_023.HO	Yukagir_Tundra.HO	silver
841	841	0.2041219577250618	0.0605738915484286	500203	MC_16.HO	Chukchi.HO	silver
842	842	0.1340141371093406	0.0502473449197465	500497	MC_28.HO	Ignore_Chukchi.HO	silver
843	843	0.0723711107748997	0.0355201074094301	500390	MC_02.HO	Ignore_Chukchi.HO	silver
844	844	0.2010541340826782	0.0654729906602785	500346	MC_15.HO	Chukchi.HO	silver
845	845	0.1992246317296953	0.0683378626559569	500280	MC_18.HO	Chukchi.HO	silver
846	846	0.2086524518669874	0.065732723228945	500349	Yuk_004.HO	Yukagir_Tundra.HO	silver
847	847	0.2066743045121596	0.1220662566349224	499799	Nga_052.HO	Ignore_Nganasan.HO	maroon
848	848	0.2028207265610133	0.0627241830874204	500261	MC_08.HO	Chukchi.HO	silver
849	849	0.230710217375596	0.1403447821260821	500382	Nov_005.HO	Nganasan.HO	maroon
850	850	0.201381417872245	0.0697572595097216	500369	MC_25.HO	Chukchi.HO	silver
851	851	0.2236632602531142	0.0826699994701216	499448	Yuk_019.HO	Yukagir_Tundra.HO	silver
852	852	0.2111545241773695	0.0727287354008225	500404	Yuk_011.HO	Yukagir_Tundra.HO	silver
853	853	0.1889723725153154	0.0567161839832694	500469	Nesk_22.HO	Eskimo_Naukan.HO	silver
854	854	0.2075148814067868	0.0664221224873098	498577	Sesk_47.HO	Chukchi1.HO	silver
855	855	0.2043169932023782	0.065650431265161	500409	MC_17.HO	Chukchi.HO	silver
856	856	0.1955110315086661	0.0574978693822048	500332	Nesk_15.HO	Eskimo_Naukan.HO	silver
857	857	0.2315872400278179	0.0900520914601908	500361	Yuk_021.HO	Yukagir_Tundra.HO	silver
858	858	0.2035360321456947	0.0668588428981369	500310	MC_06.HO	Chukchi.HO	silver
859	859	0.1993099182551251	0.0644626985277459	500222	MC_38.HO	Chukchi.HO	silver
860	860	0.1936809221120594	0.0632189244796376	500453	MC_14.HO	Chukchi.HO	silver
861	861	0.1302242711701215	0.0462045941934757	500425	MC_20.HO	Ignore_Chukchi.HO	silver
862	862	0.1943418821312073	0.0640838441421948	500110	Nesk_23.HO	Eskimo_Naukan.HO	silver
863	863	0.2372420633331713	0.0350521654899603	500214	Ul5.HO	Ulchi.HO	silver
864	864	0.2409788625733786	0.0407580810774773	499492	Ul31.HO	Ulchi.HO	silver
865	865	0.2430756678066032	0.0507860385599422	500352	Ul65.HO	Ulchi.HO	silver
866	866	0.0514223123069489	0.0210025094148432	500257	Tuba4.HO	Ignore_Tubalar.HO	silver
867	867	0.1248747505216635	0.03053507887172	500055	Tuba12.HO	Tubalar.HO	silver
868	868	0.1166067272903418	0.0271073671166776	500339	Tuba20.HO	Tubalar.HO	silver
869	869	0.0394807487691485	0.003573185558277	500054	Tuba28.HO	Ignore_Tubalar.HO	silver
870	870	0.0639150264929397	0.0416252982748198	500238	Nel19.HO	Yukagir_Forest.HO	silver
871	871	0.1032552032355464	0.0496254356814265	500356	Nlk16.HO	Even.HO	silver
872	872	0.1994256719267669	0.0583593949181249	500180	Esk20.HO	Eskimo_ChaplinSireniki.HO	silver
873	873	0.1836438476115302	0.0536607888721737	500136	Kor16.HO	Ignore_Koryak.HO	silver
874	874	0.2144608733024904	0.0681954865336269	499966	Kor66.HO	Koryak.HO	silver
875	875	0.239180184605028	0.0221730059130013	498792	Ul6.HO	Ulchi.HO	silver
876	876	0.2364007238784567	0.0330837886525765	500292	Ul33.HO	Ulchi.HO	silver
877	877	0.2430374506587452	0.0008887287979121	500454	Ul66.HO	Ignore_Ulchi.HO	silver
878	878	0.0847967678060686	0.021190177681886	498469	Tuba5.HO	Ignore_Tubalar.HO	silver
879	879	0.1187790412268995	0.0335643486383677	497823	Tuba13.HO	Tubalar.HO	silver
880	880	0.1245030545842222	0.0297015058527892	499520	Tuba21.HO	Tubalar.HO	silver
881	881	0.1263986326708294	0.0282896154416969	500048	Tuba29.HO	Tubalar.HO	silver
882	882	0.1834089013699624	0.062028110960665	500414	Nlk1.HO	Even_o.HO	silver
883	883	0.2216771421598556	0.083266283276285	500206	Nlk18.HO	Even.HO	silver
884	884	0.2011077679018821	0.0587210624476178	500244	Esk29.HO	Eskimo_ChaplinSireniki.HO	silver
885	885	0.2097471338643048	0.0687892026175949	500244	Kor30.HO	Koryak.HO	silver
886	886	0.2032914200144006	0.0627389102935906	500146	Kor72.HO	Itelmen.HO	silver
887	887	0.2359048210821756	-0.0028075094932428	499544	Ul9.HO	Ignore_Ulchi.HO	silver
888	888	0.2279437100095932	0.0764020442735884	500424	Ul41.HO	Ignore_Ulchi.HO	silver
889	889	0.2434634322514325	0.0342533115881025	500236	Ul71.HO	Ulchi.HO	silver
890	890	0.1222729993671859	0.0321124132709542	500202	Tuba6.HO	Tubalar.HO	silver
891	891	0.0347717589312647	0.0213938407620362	499544	Tuba14.HO	Ignore_Tubalar.HO	silver
892	892	0.1241687538896141	0.0362768023985183	500347	Tuba22.HO	Tubalar.HO	silver
893	893	0.1285973488820637	0.0310600323110674	500431	Tuba30.HO	Tubalar.HO	silver
894	894	0.2288623448571001	0.0784639484031875	500288	Nlk3.HO	Even.HO	silver
895	895	0.0333660254830285	0.0247117393006604	500278	Nlk19.HO	Even.HO	silver
896	896	0.1461384378557821	0.0525780560978415	499529	Kor39.HO	Ignore_Koryak.HO	silver
897	897	0.2344165141768977	0.0873971891617323	500342	Kor86.HO	Ignore_Itelmen.HO	silver
898	898	0.2442715373336114	0.0216979256916718	500228	Ul10.HO	Ulchi.HO	silver
899	899	0.2432722420430166	0.0431114259323031	500439	Ul43.HO	Ulchi.HO	silver
900	900	0.237959692707475	0.0326248178308489	498627	Ul72.HO	Ulchi.HO	silver
901	901	0.0299000346622734	0.0236792386874457	500052	Tuba7.HO	Ignore_Tubalar.HO	silver
902	902	0.1216582539669396	0.0294184079189324	500464	Tuba15.HO	Tubalar.HO	silver
903	903	0.1242501905021674	0.0262489764175675	500160	Tuba23.HO	Tubalar.HO	silver
904	904	0.1160244967250967	0.0348740755811524	500309	Tuba31.HO	Tubalar.HO	silver
905	905	0.1353293584302622	0.050834524040254	499995	Nlk5.HO	Even.HO	silver
906	906	0.1160023386120936	0.0371791169389072	500115	Ale9.HO	Tlingit.HO	silver
907	907	0.1953619138644691	0.0570197236249781	499983	Esk38.HO	Eskimo_ChaplinSireniki.HO	silver
908	908	0.2042885380224158	0.0626497908376803	500234	Kor40.HO	Koryak.HO	silver
909	909	0.1006379238593121	0.0216986333937267	499813	Ul61.HO	Ignore_Ulchi.HO	silver
910	910	0.2391710088385807	0.0271645639714256	500160	Ul44.HO	Ulchi.HO	silver
911	911	0.2400396591255948	0.0281809972844946	500374	Ul74.HO	Ulchi.HO	silver
912	912	0.0230445045213289	0.017925215048396	499798	Tuba8.HO	Ignore_Tubalar.HO	silver
913	913	0.13275335435194	0.0336735075104888	499869	Tuba16.HO	Tubalar.HO	silver
914	914	0.1220466837802123	0.0287076876035563	500348	Tuba24.HO	Tubalar.HO	silver
915	915	0.0798655594225416	0.0381166412902791	500451	Nel13.HO	Yukagir_Forest.HO	silver
916	916	0.1861809356305082	0.0704286501352932	500298	Nlk6.HO	Even.HO	silver
917	917	0.1929350996769546	0.0548661598555977	500283	Sir77.HO	Eskimo_ChaplinSireniki.HO	silver
918	918	0.2043027537365979	0.0602728692514515	499801	Kor49.HO	Koryak.HO	silver
919	919	0.2384641785788711	0.0038735450649406	500369	Ul19.HO	Ulchi.HO	silver
920	920	0.0960182747353722	0.0159581767088963	500434	Ul54.HO	Ignore_Ulchi.HO	silver
921	921	0.1153291765978205	0.0311611875080607	500341	Tuba1.HO	Tubalar.HO	silver
922	922	0.1252679761136244	0.0309111375491634	499731	Tuba9.HO	Tubalar.HO	silver
923	923	0.1333443840278206	0.0347323472785043	500154	Tuba17.HO	Tubalar.HO	silver
924	924	0.1050914876718731	0.0295936006359931	500304	Tuba25.HO	Tubalar.HO	silver
925	925	0.0846481643295834	0.0462011980081668	477279	Nel15.HO	Yukagir_Forest.HO	silver
926	926	0.0758898396204852	0.0324530857578775	500263	Ale14.HO	Aleut_o.HO	silver
927	927	0.1973662287688382	0.0630613352203725	497781	Sir14.HO	Eskimo_ChaplinSireniki.HO	silver
928	928	0.2017762959125102	0.0579742186131593	499717	Kor54.HO	Koryak.HO	silver
929	929	0.2158804171492288	0.0732092554766758	500271	Ckrd8.HO	Yukagir_Tundra.HO	silver
930	930	0.2359252050635614	0.0542276893388634	499525	Ul24.HO	Ulchi.HO	silver
931	931	0.2403783476182578	0.0329658015059495	498477	Ul59.HO	Ulchi.HO	silver
932	932	0.1087079145917821	0.0278500072772429	500305	Tuba2.HO	Tubalar.HO	silver
933	933	0.1062374965116912	0.0327246514145158	499828	Tuba10.HO	Tubalar.HO	silver
934	934	0.1212119088535406	0.0372422272661286	500449	Tuba18.HO	Tubalar.HO	silver
935	935	0.0879986400944341	0.0294590138372912	500054	Tuba26.HO	Ignore_Tubalar.HO	silver
936	936	0.0714179092589367	0.042454700831322	500278	Nel16.HO	Yukagir_Forest.HO	silver
937	937	0.0854924005267084	0.0446486205402973	500476	Nlk10.HO	Even.HO	silver
938	938	0.0648644160736128	0.0372984445244595	500217	Ale16.HO	Tlingit.HO	silver
939	939	0.198573052695757	0.0575062296888701	500369	Sir26.HO	Eskimo_Sireniki.HO	silver
940	940	0.2020385146211105	0.0609757519562322	500353	Kor57.HO	Itelmen.HO	silver
941	941	0.2173705709176629	0.077446698542788	497882	Ckrd9.HO	Yukagir_Tundra.HO	silver
942	942	0.1027559056232912	0.0125542321645118	500361	Ul62.HO	Ignore_Ulchi.HO	silver
943	943	0.0936383848333669	0.0107872065959688	485993	Tuba3.HO	Ignore_Tubalar.HO	silver
944	944	0.1041754268070598	0.0340198495400193	500290	Tuba11.HO	Tubalar.HO	silver
945	945	0.1241252631276241	0.0348323243202759	500064	Tuba19.HO	Tubalar.HO	silver
946	946	0.1040360854899956	0.0261026435800476	500277	Tuba27.HO	Ignore_Tubalar.HO	silver
947	947	0.0899681174177563	0.053359572601209	500212	Nel17.HO	Yukagir_Forest.HO	silver
948	948	0.0919443351124068	0.0504578136536269	500297	Nlk14.HO	Even.HO	silver
949	949	0.0266622818971972	0.023060009908362	500368	Ale32.HO	Aleut_o1.HO	silver
950	950	0.2023666024633256	0.0654758847247384	500365	Kor61.HO	Koryak.HO	silver
951	951	0.2230895077896716	0.0325897104452999	439520	Ul27.HO	Ignore_Ulchi.HO	silver
952	952	-0.0164647704921275	-0.0374255172802765	499676	HGDP00001.HO	Brahui.HO	silver
953	953	-0.0153879558189867	-0.0347844476881117	499713	HGDP00003.HO	Brahui.HO	silver
954	954	-0.0106640440897506	-0.0318048485988859	500209	HGDP00005.HO	Brahui.HO	silver
955	955	-0.0180483863226559	-0.0366954082586689	499244	HGDP00007.HO	Brahui.HO	silver
956	956	-0.0162825219756344	-0.0371405798659601	499203	HGDP00011.HO	Brahui.HO	silver
957	957	-0.0042675897603527	-0.0382143744844029	498463	HGDP00013.HO	Ignore_Brahui.HO	silver
958	958	-0.0191125680874724	-0.0360236143723326	500043	HGDP00015.HO	Brahui.HO	silver
959	959	-0.018853628635621	-0.0360016502724496	500098	HGDP00017.HO	Brahui.HO	silver
960	960	-0.0112527207106572	-0.031958049072922	500065	HGDP00019.HO	Brahui.HO	silver
961	961	-0.0204181209237216	-0.0368913462212235	499874	HGDP00021.HO	Brahui.HO	silver
962	962	-0.0183467706314564	-0.031508154197285	500090	HGDP00023.HO	Brahui.HO	silver
963	963	-0.0173935629838959	-0.035135580805839	500172	HGDP00025.HO	Brahui.HO	silver
964	964	-0.0152505207165291	-0.0371934864749268	499786	HGDP00027.HO	Brahui.HO	silver
965	965	-0.0081874005648797	-0.0360376832050213	499927	HGDP00029.HO	Ignore_Brahui.HO	silver
966	966	-0.0176604471708302	-0.0363244652628041	500201	HGDP00031.HO	Brahui.HO	silver
967	967	-0.0183166973450461	-0.0373142475789609	500255	HGDP00033.HO	Brahui.HO	silver
968	968	-0.0110092655687422	-0.0418164424031895	500263	HGDP00035.HO	Brahui.HO	silver
969	969	-0.0185244873065155	-0.0359986352294904	499710	HGDP00037.HO	Brahui.HO	silver
970	970	-0.0052529805646561	-0.0372972585238114	500039	HGDP00039.HO	Brahui.HO	silver
971	971	-0.0190454307427915	-0.0312976392985531	500167	HGDP00041.HO	Ignore_Brahui.HO	silver
972	972	-0.0187598567087157	-0.0357694154533844	499738	HGDP00043.HO	Brahui.HO	silver
973	973	-0.0193730100521165	-0.0355829394323629	495872	HGDP00045.HO	Brahui.HO	silver
974	974	-0.0181647631185583	-0.0348019223714552	500271	HGDP00047.HO	Brahui.HO	silver
975	975	-0.0166122473178639	-0.0333682595528088	499719	HGDP00049.HO	Brahui.HO	silver
976	976	-0.0204153943124558	-0.0343929689555114	499489	HGDP00052.HO	Balochi.HO	silver
977	977	-0.0269072813996773	-0.0285478049793591	500106	HGDP00054.HO	Balochi.HO	silver
978	978	-0.0029250679256791	-0.039011006911777	499747	HGDP00056.HO	Balochi.HO	silver
979	979	-0.0100703492650343	-0.0358057487157427	499562	HGDP00057.HO	Ignore_Balochi.HO	silver
980	980	-0.0115230153624578	-0.0336765195658941	500099	HGDP00058.HO	Balochi.HO	silver
981	981	-0.0146557011655834	-0.0371812521338068	500335	HGDP00060.HO	Ignore_Balochi.HO	silver
982	982	-0.0223003891690243	-0.0361636171111032	499755	HGDP00062.HO	Balochi.HO	silver
983	983	-0.0225743602132235	-0.033299184283941	498788	HGDP00064.HO	Balochi.HO	silver
984	984	-0.0182247289902591	-0.032219044313345	500024	HGDP00066.HO	Balochi.HO	silver
985	985	-0.0038986540088925	-0.0333279463740879	497066	HGDP00068.HO	Balochi.HO	silver
986	986	0.0315521707428365	-0.0369870967753821	499280	HGDP00070.HO	Ignore_Balochi.HO	silver
987	987	-0.0196328253891704	-0.0326337615862413	496958	HGDP00072.HO	Balochi.HO	silver
988	988	-0.0197952356997867	-0.0378284358255632	499908	HGDP00074.HO	Balochi.HO	silver
989	989	-0.0153509663088208	-0.0360874644326145	500113	HGDP00076.HO	Ignore_Balochi.HO	silver
990	990	-0.0186315802151686	-0.0310758611647536	497997	HGDP00078.HO	Balochi.HO	silver
991	991	-0.0207412283003784	-0.0335206300098554	499824	HGDP00080.HO	Balochi.HO	silver
992	992	-0.0179824711301899	-0.029641801574974	498807	HGDP00082.HO	Balochi.HO	silver
993	993	-0.0211233583242617	-0.0345706911177082	499863	HGDP00086.HO	Balochi.HO	silver
994	994	-0.0181009524663781	-0.0321252009098042	491856	HGDP00088.HO	Balochi.HO	silver
995	995	-0.00603325366483	-0.0347240058454405	496523	HGDP00090.HO	Balochi.HO	silver
996	996	-0.0096976998337226	-0.0374636807766349	499936	HGDP00092.HO	Balochi.HO	silver
997	997	-0.0128141185920072	-0.031901357214041	499864	HGDP00094.HO	Balochi.HO	silver
998	998	-0.0137756032527622	-0.0359407573178979	499850	HGDP00096.HO	Balochi.HO	silver
999	999	-0.0128280407206415	-0.0341983602106955	498735	HGDP00098.HO	Balochi.HO	silver
1000	1000	0.1072020644625951	-0.0085797565867612	499994	HGDP00099.HO	Hazara.HO	silver
1001	1001	0.0768879122022455	-0.0133938334640936	499776	HGDP00100.HO	Ignore_Hazara.HO	silver
1002	1002	0.102598902911661	-0.0133162011478841	495002	HGDP00102.HO	Ignore_Hazara.HO	silver
1003	1003	0.1089372719100344	-0.0130165572089443	498030	HGDP00103.HO	Hazara.HO	silver
1004	1004	0.0670742380618175	-0.0132856479927558	498719	HGDP00104.HO	Ignore_Hazara.HO	silver
1005	1005	0.1075275250259367	-0.016357852267742	496872	HGDP00105.HO	Ignore_Hazara.HO	silver
1006	1006	0.0954329269915127	-0.0127793533726513	498778	HGDP00106.HO	Hazara.HO	silver
1007	1007	0.1000390999254232	-0.0165868265670254	499493	HGDP00108.HO	Ignore_Hazara.HO	silver
1008	1008	0.1025395176440013	-0.0103996128852495	498519	HGDP00109.HO	Hazara.HO	silver
1009	1009	0.0925334122893951	-0.0235636941471686	497143	HGDP00110.HO	Hazara.HO	silver
1010	1010	0.1162249366679683	-0.0129651082613824	499799	HGDP00112.HO	Ignore_Hazara.HO	silver
1011	1011	0.1053989915471858	-0.0079390613452178	499531	HGDP00115.HO	Hazara.HO	silver
1012	1012	0.1031296575775185	-0.0137791838088299	495400	HGDP00116.HO	Hazara.HO	silver
1013	1013	0.0968661293164093	-0.015663230444543	499657	HGDP00118.HO	Hazara.HO	silver
1014	1014	0.0843361965877714	-0.0167106663061866	494339	HGDP00119.HO	Ignore_Hazara.HO	silver
1015	1015	0.0973698317853058	-0.0126843521370289	497919	HGDP00120.HO	Hazara.HO	silver
1016	1016	0.1054158028148332	-0.0152357116842287	499760	HGDP00121.HO	Hazara.HO	silver
1017	1017	0.1043147885595833	-0.0121388444462263	498796	HGDP00122.HO	Hazara.HO	silver
1018	1018	0.0934667363580709	-0.0118222254520273	499107	HGDP00124.HO	Hazara.HO	silver
1019	1019	0.1029791775799927	-0.0180245097704163	498163	HGDP00125.HO	Hazara.HO	silver
1020	1020	0.1034769852136946	-0.0071792568099257	497104	HGDP00127.HO	Hazara.HO	silver
1021	1021	0.0350034195774454	-0.0189665230604979	495459	HGDP00129.HO	Ignore_Hazara.HO	silver
1022	1022	0.0091942003081573	-0.0393977728559311	499145	HGDP00130.HO	Ignore_Makrani.HO	silver
1023	1023	-0.0241580881462082	-0.0376556080589668	499625	HGDP00131.HO	Makrani.HO	silver
1024	1024	-0.0224982496954982	-0.0310142723023355	498902	HGDP00133.HO	Makrani.HO	silver
1025	1025	-0.0215082257287404	-0.0324920953106965	499018	HGDP00134.HO	Makrani.HO	silver
1026	1026	-0.0231589308682008	-0.0347199075668418	499886	HGDP00135.HO	Makrani.HO	silver
1027	1027	-0.0163653047024314	-0.0365853288690892	499250	HGDP00136.HO	Makrani.HO	silver
1028	1028	-0.0226240525561932	-0.0420703477790765	499761	HGDP00137.HO	Makrani.HO	silver
1029	1029	-0.0172347628235418	-0.0344445190317509	499855	HGDP00139.HO	Ignore_Makrani.HO	silver
1030	1030	-0.0135957288888408	-0.0334155406508631	498943	HGDP00140.HO	Makrani.HO	silver
1031	1031	-0.0190991149817778	-0.0371073477353106	498563	HGDP00141.HO	Makrani.HO	silver
1032	1032	0.0024543322614737	-0.0330363785755174	500133	HGDP00143.HO	Ignore_Makrani.HO	silver
1033	1033	-0.0211896721409904	-0.0399286953435867	500202	HGDP00144.HO	Makrani.HO	silver
1034	1034	-0.0212230851272797	-0.0368117736266008	499946	HGDP00145.HO	Makrani.HO	silver
1035	1035	-0.0282857439836308	-0.0368339800749399	499104	HGDP00146.HO	Makrani.HO	silver
1036	1036	-0.0184174426042541	-0.0307655469944652	499665	HGDP00148.HO	Makrani.HO	silver
1037	1037	0.0020719146448311	-0.0366602425939348	498878	HGDP00149.HO	Ignore_Makrani.HO	silver
1038	1038	-0.0074207169111425	-0.0342435248049964	499868	HGDP00150.HO	Ignore_Makrani.HO	silver
1039	1039	-0.0232993822835859	-0.0358386049575667	499138	HGDP00151.HO	Makrani.HO	silver
1040	1040	-0.0187565308880266	-0.0354269800645192	500107	HGDP00153.HO	Makrani.HO	silver
1041	1041	-0.0227350899148756	-0.0307453768328645	499282	HGDP00154.HO	Makrani.HO	silver
1042	1042	-0.0252514750666796	-0.0347831877931495	499498	HGDP00155.HO	Makrani.HO	silver
1043	1043	-0.0226009712868312	-0.0373313240278614	499289	HGDP00157.HO	Makrani.HO	silver
1044	1044	-0.0210143791780141	-0.0344353735594327	499849	HGDP00158.HO	Makrani.HO	silver
1045	1045	-0.0205088485862039	-0.0369960536344908	499896	HGDP00160.HO	Makrani.HO	silver
1046	1046	-0.0205232595437594	-0.0371146867033141	499999	HGDP00161.HO	Makrani.HO	silver
1047	1047	0.007323286362809	-0.0385683177520918	497474	HGDP00167.HO	Sindhi_Pakistan.HO	silver
1048	1048	0.0057401043198011	-0.0373783932784628	495517	HGDP00169.HO	Sindhi_Pakistan.HO	silver
1049	1049	0.0003142019453859	-0.0355028659813859	497725	HGDP00171.HO	Sindhi_Pakistan.HO	silver
1050	1050	0.0005451710710084	-0.0360756630893494	496620	HGDP00179.HO	Sindhi_Pakistan.HO	silver
1051	1051	0.0029174220179745	-0.033273165869669	498579	HGDP00181.HO	Sindhi_Pakistan.HO	silver
1052	1052	0.0045888901628369	-0.0313566848432674	498425	HGDP00187.HO	Sindhi_Pakistan.HO	silver
1053	1053	0.0004480905580972	-0.0349211255608478	497485	HGDP00191.HO	Sindhi_Pakistan.HO	silver
1054	1054	0.0102924495749118	-0.0364401107877635	498919	HGDP00195.HO	Sindhi_Pakistan.HO	silver
1055	1055	0.0058330012053696	-0.0309366693072516	499334	HGDP00197.HO	Sindhi_Pakistan.HO	silver
1056	1056	0.0018300393451598	-0.0306081931504017	497602	HGDP00201.HO	Sindhi_Pakistan.HO	silver
1057	1057	0.0012401437570549	-0.036415928482052	497404	HGDP00205.HO	Sindhi_Pakistan.HO	silver
1058	1058	0.014618887963758	-0.0371675739096777	499066	HGDP00206.HO	Sindhi_Pakistan.HO	silver
1059	1059	0.0025505232888464	-0.0353846631429425	493681	HGDP00208.HO	Sindhi_Pakistan.HO	silver
1060	1060	0.006688126232582	-0.0333343334984279	499106	HGDP00210.HO	Sindhi_Pakistan.HO	silver
1061	1061	-0.0131903510256334	-0.0258670580027605	497151	HGDP00213.HO	Pathan.HO	silver
1062	1062	-0.0091855282274596	-0.0265653285387563	499274	HGDP00214.HO	Ignore_Pathan.HO	silver
1063	1063	0.0006574424922111	-0.0277943453943762	496457	HGDP00216.HO	Pathan.HO	silver
1064	1064	-0.0066637840608696	-0.025021335875345	498530	HGDP00218.HO	Pathan.HO	silver
1065	1065	-0.001393699565816	-0.0342905859595237	499049	HGDP00222.HO	Pathan.HO	silver
1066	1066	-0.0071744781259768	-0.0286749614037384	498195	HGDP00224.HO	Pathan.HO	silver
1067	1067	-0.0031643755243444	-0.0246940996517623	498016	HGDP00226.HO	Pathan.HO	silver
1068	1068	0.0020066810465312	-0.0258587436478563	498521	HGDP00228.HO	Pathan.HO	silver
1069	1069	-0.0008784485228598	-0.030095286074608	498725	HGDP00232.HO	Pathan.HO	silver
1070	1070	-0.0107796799791014	-0.0251265713239614	497669	HGDP00241.HO	Pathan.HO	silver
1071	1071	-0.0151136417621601	-0.0244877299003833	498771	HGDP00243.HO	Pathan.HO	silver
1072	1072	0.0001540952138857	-0.0267675890281768	499189	HGDP00244.HO	Pathan.HO	silver
1073	1073	0.0018014255599846	-0.0283813164357175	498933	HGDP00248.HO	Pathan.HO	silver
1074	1074	-0.0077268427103849	-0.0276503263257298	498126	HGDP00254.HO	Pathan.HO	silver
1075	1075	0.0098579655093192	-0.0275083886908763	498999	HGDP00258.HO	Pathan.HO	silver
1076	1076	-0.011862121163987	-0.023541456046168	497540	HGDP00259.HO	Pathan.HO	silver
1077	1077	-0.0043659728807781	-0.0281201297749527	498056	HGDP00262.HO	Pathan.HO	silver
1078	1078	0.0016230774481136	-0.0311667035792407	498912	HGDP00264.HO	Pathan.HO	silver
1079	1079	-0.009652902727769	-0.0204503436451489	497627	HGDP00277.HO	Kalash.HO	silver
1080	1080	-0.003730850874241	-0.0238623963091998	497881	HGDP00279.HO	Ignore_Kalash.HO	silver
1081	1081	-0.007023249939116	-0.0221918635700439	492720	HGDP00281.HO	Kalash.HO	silver
1082	1082	-0.0086512442963036	-0.0223978711165697	498323	HGDP00285.HO	Kalash.HO	silver
1083	1083	-0.005497934237842	-0.0236629709333702	498855	HGDP00286.HO	Kalash.HO	silver
1084	1084	-0.0076332906186564	-0.0255879285047673	498213	HGDP00288.HO	Kalash.HO	silver
1085	1085	-0.0053173217990944	-0.0283391156448208	497135	HGDP00290.HO	Kalash.HO	silver
1086	1086	-0.007536823307621	-0.0240985650356754	499528	HGDP00298.HO	Kalash.HO	silver
1087	1087	-0.0056313729544866	-0.0217876643245054	498670	HGDP00302.HO	Kalash.HO	silver
1088	1088	-0.0076837914071448	-0.0265895036601431	499120	HGDP00307.HO	Kalash.HO	silver
1089	1089	-0.0035406768982151	-0.021271086542506	497632	HGDP00311.HO	Kalash.HO	silver
1090	1090	-0.0032152179079339	-0.0235688439416619	495554	HGDP00313.HO	Kalash.HO	silver
1091	1091	-0.0069428386021274	-0.0236897329495879	500197	HGDP00315.HO	Kalash.HO	silver
1092	1092	-0.0073732091701138	-0.024208762029383	500114	HGDP00319.HO	Kalash.HO	silver
1093	1093	-0.0118443319163892	-0.02560858713078	498494	HGDP00323.HO	Kalash.HO	silver
1094	1094	-0.0075464575355035	-0.0186643019655285	497703	HGDP00328.HO	Kalash.HO	silver
1095	1095	-0.0060443775781696	-0.0183994366605208	498852	HGDP00330.HO	Kalash.HO	silver
1096	1096	-0.0073162902535939	-0.0220699957654149	494873	HGDP00333.HO	Kalash.HO	silver
1097	1097	0.0305997592393095	-0.0271233723933983	499067	HGDP00336.HO	Burusho.HO	silver
1098	1098	0.0212702387814209	-0.0275707051406075	498407	HGDP00338.HO	Burusho.HO	silver
1099	1099	0.0260103959411172	-0.0252727851265897	493044	HGDP00341.HO	Burusho.HO	silver
1100	1100	0.0260167517334752	-0.0286693349827323	492311	HGDP00346.HO	Burusho.HO	silver
1101	1101	0.0235192550670735	-0.0340773052641628	495010	HGDP00351.HO	Burusho.HO	silver
1102	1102	0.0230388928093773	-0.0301995229138034	497983	HGDP00356.HO	Burusho.HO	silver
1103	1103	0.0244073549580387	-0.0342366378188949	497870	HGDP00359.HO	Burusho.HO	silver
1104	1104	0.0209966547855967	-0.0294079485537828	497841	HGDP00364.HO	Burusho.HO	silver
1105	1105	0.0285504765555696	-0.0273197650411007	497480	HGDP00371.HO	Burusho.HO	silver
1106	1106	0.0286037260772515	-0.0326370804443227	497911	HGDP00372.HO	Burusho.HO	silver
1107	1107	0.0345024539363775	-0.0333842826275735	497076	HGDP00376.HO	Ignore_Burusho.HO	silver
1108	1108	0.0233294171763704	-0.0309587290329333	498635	HGDP00382.HO	Burusho.HO	silver
1109	1109	0.0194079983439015	-0.0325330881555486	498961	HGDP00388.HO	Burusho.HO	silver
1110	1110	0.0236092739745046	-0.0302967447488869	498090	HGDP00392.HO	Burusho.HO	silver
1111	1111	0.0242618779821483	-0.0280894032744967	497439	HGDP00397.HO	Ignore_Burusho.HO	silver
1112	1112	0.0236853719692337	-0.0244973755413543	498601	HGDP00402.HO	Burusho.HO	silver
1113	1113	0.0290368562625374	-0.0330527648554668	498152	HGDP00407.HO	Burusho.HO	silver
1114	1114	0.0210334538108494	-0.0271053310242874	495869	HGDP00412.HO	Burusho.HO	silver
1115	1115	0.0239046402840745	-0.0275298768076496	497950	HGDP00417.HO	Burusho.HO	silver
1116	1116	0.0248211246863316	-0.0297525447732622	498671	HGDP00423.HO	Burusho.HO	silver
1117	1117	0.0190016917521488	-0.02726815154883	498878	HGDP00428.HO	Burusho.HO	silver
1118	1118	0.0148245079026698	-0.0289431869342366	497514	HGDP00433.HO	Burusho.HO	silver
1119	1119	0.0235518382424052	-0.0314531690335124	498917	HGDP00438.HO	Burusho.HO	silver
1120	1120	0.0189129386744243	-0.02607222680016	499125	HGDP00444.HO	Burusho.HO	silver
1121	1121	0.024643116475452	-0.0307697664456834	499242	HGDP00445.HO	Burusho.HO	silver
1122	1122	0.0299604916243154	-0.0445765151431453	496268	HGDP00449.HO	Mbuti.HO	silver
1123	1123	0.0342208611375296	-0.0491480540112119	496941	HGDP00452.HO	Ignore_Biaka.HO	silver
1124	1124	0.0321279374557077	-0.0486066411629736	497138	HGDP00453.HO	Ignore_Biaka.HO	silver
1125	1125	0.0344966893920608	-0.0471780140175496	496608	HGDP00454.HO	Biaka.HO	silver
1126	1126	0.0359092843557162	-0.0446154897065223	497474	HGDP00455.HO	Biaka.HO	silver
1127	1127	0.0353153793364415	-0.0473065273881484	497638	HGDP00457.HO	Biaka.HO	silver
1128	1128	0.0374583122460646	-0.0448120831256854	498162	HGDP00458.HO	Biaka.HO	silver
1129	1129	0.0324675445881303	-0.0461356028846727	493013	HGDP00459.HO	Biaka.HO	silver
1130	1130	0.0348016385188388	-0.0471074279626967	497993	HGDP00460.HO	Biaka.HO	silver
1131	1131	0.0361003176516547	-0.0449376063138331	496840	HGDP00461.HO	Biaka.HO	silver
1132	1132	0.0328613958546719	-0.0458308819812945	497525	HGDP00462.HO	Mbuti.HO	silver
1133	1133	0.0371092690691127	-0.0454757641408709	497350	HGDP00463.HO	Mbuti.HO	silver
1134	1134	0.0373573040977671	-0.0458458881065785	498179	HGDP00464.HO	Biaka.HO	silver
1135	1135	0.0347763651841046	-0.0460748522853811	497608	HGDP00465.HO	Biaka.HO	silver
1136	1136	0.0371763581432547	-0.0473891425636985	498089	HGDP00466.HO	Biaka.HO	silver
1137	1137	0.0350940740623499	-0.047696654689988	497403	HGDP00467.HO	Mbuti.HO	silver
1138	1138	0.0327760366394282	-0.0436237635954567	498001	HGDP00469.HO	Biaka.HO	silver
1139	1139	0.0369192414183228	-0.0468131317465098	498530	HGDP00470.HO	Biaka.HO	silver
1140	1140	0.0365983636782777	-0.0459283594426057	492468	HGDP00472.HO	Biaka.HO	silver
1141	1141	0.0355842925485177	-0.0468270428077776	496861	HGDP00473.HO	Biaka.HO	silver
1142	1142	0.0346970627888014	-0.0458199921269765	497566	HGDP00474.HO	Mbuti.HO	silver
1143	1143	0.0357783382029862	-0.0490166727992824	498316	HGDP00475.HO	Biaka.HO	silver
1144	1144	0.0362210486260299	-0.0478476787789642	497375	HGDP00476.HO	Mbuti.HO	silver
1145	1145	0.0352614022311627	-0.0458214548165027	497861	HGDP00478.HO	Mbuti.HO	silver
1146	1146	0.0351251551196351	-0.0446252570612923	497721	HGDP00479.HO	Ignore_Biaka.HO	silver
1147	1147	-0.0680514725811682	-0.0002861675931622	500303	HGDP00511.HO	French.HO	yellow
1148	1148	-0.0632173221411141	-0.0047494181724547	499637	HGDP00512.HO	French.HO	yellow
1149	1149	-0.0624978397241777	-0.0037976198833096	499893	HGDP00513.HO	French.HO	yellow
1150	1150	-0.0619654033995499	0.000672658762174	498266	HGDP00514.HO	French.HO	yellow
1151	1151	-0.0642090327031461	-0.0010184657039368	500166	HGDP00515.HO	French.HO	yellow
1152	1152	-0.0654002535876796	-0.0049747014723913	499573	HGDP00516.HO	French.HO	yellow
1153	1153	-0.0631127420639434	-0.0007386910793352	499402	HGDP00517.HO	French.HO	yellow
1154	1154	-0.0634707860681545	-0.0019243517733057	499972	HGDP00518.HO	French.HO	yellow
1155	1155	-0.0646915196477415	0.001986327766212	500230	HGDP00519.HO	French.HO	yellow
1156	1156	-0.0637913714618271	-0.0084234537072412	498200	HGDP00520.HO	Ignore_French.HO	yellow
1157	1157	-0.0645828435737457	-0.0048874770519996	499865	HGDP00522.HO	French.HO	yellow
1158	1158	-0.0610072974223618	0.0001819923020508	498697	HGDP00523.HO	French.HO	yellow
1159	1159	-0.065955346956136	-0.0046273119502291	498510	HGDP00524.HO	French.HO	yellow
1160	1160	-0.0634274395080821	-0.0044230870894454	499951	HGDP00525.HO	French.HO	yellow
1161	1161	-0.0629244073092382	-0.0047793010439042	500146	HGDP00526.HO	French.HO	yellow
1162	1162	-0.0618120017753376	-0.0010168399496622	499211	HGDP00527.HO	French.HO	yellow
1163	1163	-0.0625066454175343	-0.0019583092708504	497598	HGDP00528.HO	French.HO	yellow
1164	1164	-0.064270541095641	-0.0040331689580423	495457	HGDP00529.HO	French.HO	yellow
1165	1165	-0.0680044590776695	-0.0080892786446076	500171	HGDP00530.HO	French_o.HO	yellow
1166	1166	-0.0678101819962468	-0.0051805801904645	496577	HGDP00531.HO	French.HO	yellow
1167	1167	-0.0619707448536418	0.0028473216677585	500304	HGDP00533.HO	French.HO	yellow
1168	1168	-0.0632036922957243	-0.0027296389674717	493780	HGDP00534.HO	French.HO	yellow
1169	1169	-0.0634694514422206	0.0030058757534347	499529	HGDP00535.HO	French.HO	yellow
1170	1170	-0.064691168816095	-0.0060857319871162	493352	HGDP00536.HO	French.HO	yellow
1171	1171	-0.0653299474680123	-0.0004077474030375	499188	HGDP00537.HO	French.HO	yellow
1172	1172	-0.0654833968914158	-0.0022841656315085	500408	HGDP00538.HO	French.HO	yellow
1173	1173	-0.0675001654020704	-0.0030700472048207	495532	HGDP00539.HO	French.HO	yellow
1174	1174	0.1226266875813878	-0.050332600717342	499441	HGDP00540.HO	Papuan.HO	silver
1175	1175	0.121608019989199	-0.0496860657694521	499825	HGDP00541.HO	Papuan.HO	silver
1176	1176	0.1213621460199248	-0.0507574576437901	500214	HGDP00543.HO	Papuan.HO	silver
1177	1177	0.1417578679257534	-0.0582788878417173	499981	HGDP00544.HO	Ignore_Papuan.HO	silver
1178	1178	0.1196575874238553	-0.0529437698302165	500317	HGDP00545.HO	Papuan.HO	silver
1179	1179	0.1196121773563858	-0.0512092783211058	500062	HGDP00546.HO	Papuan.HO	silver
1180	1180	0.122818222014421	-0.0526586647762698	500009	HGDP00547.HO	Papuan.HO	silver
1181	1181	0.1213169707625168	-0.0506107742810547	500128	HGDP00548.HO	Papuan.HO	silver
1182	1182	0.1194980218040209	-0.0491260023071539	499978	HGDP00549.HO	Papuan.HO	silver
1183	1183	0.119097361359003	-0.0509096357786067	500172	HGDP00550.HO	Papuan.HO	silver
1184	1184	0.1211374050910619	-0.0501564579434036	500156	HGDP00552.HO	Papuan.HO	silver
1185	1185	0.1207805194992306	-0.0518437468393604	500187	HGDP00553.HO	Papuan.HO	silver
1186	1186	0.1212085104726624	-0.0495637363096115	499852	HGDP00554.HO	Papuan.HO	silver
1187	1187	0.1159672525643199	-0.0537136425506285	499498	HGDP00555.HO	Papuan.HO	silver
1188	1188	0.1189680496823618	-0.0471988534813727	499577	HGDP00556.HO	Papuan.HO	silver
1189	1189	-0.0579142646798799	-0.0336920037386738	499305	HGDP00557.HO	Druze.HO	silver
1190	1190	-0.0606845369575201	-0.0344267737220888	499809	HGDP00558.HO	Druze.HO	silver
1191	1191	-0.0567925978908639	-0.03321856497417	499059	HGDP00559.HO	Druze.HO	silver
1192	1192	-0.0581486891159788	-0.029981612879889	500183	HGDP00560.HO	Druze.HO	silver
1193	1193	-0.0560420916228593	-0.0280498095072297	496032	HGDP00561.HO	Druze.HO	silver
1194	1194	-0.0564286841871801	-0.0293880912857596	500123	HGDP00562.HO	Druze.HO	silver
1195	1195	-0.0564331372678402	-0.0317748483974179	499108	HGDP00563.HO	Druze.HO	silver
1196	1196	-0.0610918276787796	-0.0342013237439344	496961	HGDP00564.HO	Druze.HO	silver
1197	1197	-0.0583195108677027	-0.0336239040435721	500004	HGDP00565.HO	Druze.HO	silver
1198	1198	-0.0549455712476189	-0.0306206749171755	496942	HGDP00566.HO	Druze.HO	silver
1199	1199	-0.0561018171518353	-0.031873982035274	499248	HGDP00567.HO	Druze.HO	silver
1200	1200	-0.0571221683951591	-0.0294872555557798	499650	HGDP00568.HO	Druze.HO	silver
1201	1201	-0.0586184532998036	-0.0316721250137832	499508	HGDP00569.HO	Druze.HO	silver
1202	1202	-0.058462376103188	-0.0285451902154448	499481	HGDP00571.HO	Druze.HO	silver
1203	1203	-0.0552766561670495	-0.0327612572056389	499246	HGDP00572.HO	Druze.HO	silver
1204	1204	-0.0563435774094781	-0.0257141503368093	499090	HGDP00573.HO	Druze.HO	silver
1205	1205	-0.0586200540622839	-0.0329119649879314	497533	HGDP00574.HO	Druze.HO	silver
1206	1206	-0.0580644948029404	-0.0316687818023345	498696	HGDP00575.HO	Druze.HO	silver
1207	1207	-0.053374174705529	-0.0324073618028767	499813	HGDP00576.HO	Ignore_Druze.HO	silver
1208	1208	-0.0539106844707935	-0.0323273472368879	494488	HGDP00577.HO	Druze.HO	silver
1209	1209	-0.054824889107653	-0.0307532898973067	499473	HGDP00578.HO	Druze.HO	silver
1210	1210	-0.0605075068043061	-0.0340949427978887	498740	HGDP00579.HO	Druze.HO	silver
1211	1211	-0.0565650477839934	-0.0299419044419343	499458	HGDP00580.HO	Druze.HO	silver
1212	1212	-0.0518160194982404	-0.03294296931458	492389	HGDP00581.HO	Ignore_Druze.HO	silver
1213	1213	-0.0552735356147742	-0.0318399468286563	500283	HGDP00582.HO	Druze.HO	silver
1214	1214	-0.0572011037630116	-0.0326325157835972	500054	HGDP00583.HO	Druze.HO	silver
1215	1215	-0.0547498102431074	-0.0282245211501849	497018	HGDP00584.HO	Druze.HO	silver
1216	1216	-0.0565594013061431	-0.0308851434952922	499337	HGDP00586.HO	Druze.HO	silver
1217	1217	-0.0576807229956483	-0.0283112174084668	499787	HGDP00587.HO	Druze.HO	silver
1218	1218	-0.0560560437758757	-0.0301013749502002	492811	HGDP00588.HO	Druze.HO	silver
1219	1219	-0.0576242346174722	-0.0295318447151794	499803	HGDP00590.HO	Ignore_Druze.HO	silver
1220	1220	-0.0568525491933327	-0.0268436569794753	500294	HGDP00591.HO	Druze.HO	silver
1221	1221	-0.0587895065933414	-0.0317239882869737	499123	HGDP00594.HO	Druze.HO	silver
1222	1222	-0.0547750689166048	-0.0327632832676795	498456	HGDP00595.HO	Druze.HO	silver
1223	1223	-0.0589560204076907	-0.0315550426768994	499496	HGDP00597.HO	Druze.HO	silver
1224	1224	-0.0572967601046627	-0.0303064798341267	500413	HGDP00598.HO	Druze.HO	silver
1225	1225	-0.0571319988721662	-0.0316907677373633	498984	HGDP00599.HO	Druze.HO	silver
1226	1226	-0.0547794075685907	-0.0334169180985121	494344	HGDP00600.HO	Druze.HO	silver
1227	1227	-0.0583165358959577	-0.0315210410156028	499843	HGDP00601.HO	Druze.HO	silver
1228	1228	-0.0574790947698373	-0.0346687489268856	496464	HGDP00602.HO	Druze.HO	silver
1229	1229	-0.0563616880676121	-0.036585102561382	499481	HGDP00604.HO	Druze.HO	silver
1230	1230	-0.0564538852160885	-0.0288275234121937	500395	HGDP00606.HO	Druze.HO	silver
1231	1231	-0.0489539177884149	-0.0403810023627163	499086	HGDP00607.HO	BedouinB.HO	silver
1232	1232	-0.0547916961462426	-0.0327645196886823	499696	HGDP00608.HO	BedouinB.HO	silver
1233	1233	-0.0468898821360952	-0.0334900454867907	500159	HGDP00609.HO	BedouinA.HO	silver
1234	1234	-0.0525697020479061	-0.0351333819123324	499522	HGDP00610.HO	BedouinB.HO	silver
1235	1235	-0.0433466648496613	-0.0341767567207564	500226	HGDP00611.HO	BedouinA.HO	silver
1236	1236	-0.0541314012496136	-0.0380510772967447	500139	HGDP00612.HO	BedouinB.HO	silver
1237	1237	-0.0466505303577292	-0.0323181342928129	500106	HGDP00613.HO	BedouinA.HO	silver
1238	1238	-0.0478064072627834	-0.0361202721792368	500256	HGDP00614.HO	BedouinA.HO	silver
1239	1239	-0.0473358071136054	-0.0302889013288935	499800	HGDP00615.HO	BedouinA.HO	silver
1240	1240	-0.0505844883087273	-0.0364008270499912	500227	HGDP00616.HO	BedouinB.HO	silver
1241	1241	-0.0557827870536816	-0.0365555227217101	499866	HGDP00618.HO	BedouinB.HO	silver
1242	1242	-0.053906965552169	-0.0314905610164695	499837	HGDP00619.HO	BedouinA.HO	silver
1243	1243	-0.0452359908380128	-0.0367331584179196	500021	HGDP00620.HO	BedouinA.HO	silver
1244	1244	0.0229078392457338	-0.0466427299315042	498849	HGDP00621.HO	Ignore_BedouinB.HO	silver
1245	1245	-0.0476924568324564	-0.0311715388476609	499988	HGDP00622.HO	BedouinA.HO	silver
1246	1246	-0.0542232429883269	-0.0376029896241267	500074	HGDP00623.HO	BedouinB.HO	silver
1247	1247	-0.0539342098081603	-0.0400284933180641	500100	HGDP00624.HO	BedouinB.HO	silver
1248	1248	-0.0479935347580389	-0.0348698108932858	499732	HGDP00625.HO	BedouinA.HO	silver
1249	1249	-0.0481626065377083	-0.0300809317013977	499901	HGDP00626.HO	BedouinA.HO	silver
1250	1250	-0.0455606237318664	-0.0399214204179252	499484	HGDP00627.HO	Ignore_BedouinB.HO	silver
1251	1251	-0.0460926384014028	-0.0276525275397129	500006	HGDP00628.HO	BedouinA.HO	silver
1252	1252	-0.0449431386283644	-0.0327585212040084	500069	HGDP00629.HO	BedouinA.HO	silver
1253	1253	-0.0494343457753675	-0.0360454352093207	499807	HGDP00630.HO	BedouinB.HO	silver
1254	1254	-0.0563530821001158	-0.0405182827138104	500252	HGDP00631.HO	BedouinB.HO	silver
1255	1255	-0.0452281199512983	-0.0364176150095747	497227	HGDP00632.HO	BedouinA.HO	silver
1256	1256	-0.0463300578356469	-0.0310400780138382	499751	HGDP00634.HO	BedouinA.HO	silver
1257	1257	-0.045393315780726	-0.0340644533223499	500034	HGDP00635.HO	BedouinA.HO	silver
1258	1258	-0.0536154795710618	-0.0371961407015906	499823	HGDP00636.HO	BedouinB.HO	silver
1259	1259	-0.0444828619417555	-0.0354568492260453	499958	HGDP00637.HO	BedouinA.HO	silver
1260	1260	-0.0477933323646815	-0.0352906259352165	499515	HGDP00638.HO	BedouinA.HO	silver
1261	1261	-0.0518775693375435	-0.0326848433643059	499978	HGDP00639.HO	BedouinA.HO	silver
1262	1262	-0.0421499422254791	-0.0317267500663503	499712	HGDP00640.HO	BedouinA.HO	silver
1263	1263	-0.0518998256701783	-0.0378409165368953	499082	HGDP00641.HO	BedouinB.HO	silver
1264	1264	-0.0518752916184049	-0.035492631966559	500109	HGDP00642.HO	BedouinA.HO	silver
1265	1265	-0.0532715356625681	-0.0366033774220755	500054	HGDP00643.HO	BedouinB.HO	silver
1266	1266	-0.0485331702792781	-0.0339353187949561	498713	HGDP00644.HO	BedouinA.HO	silver
1267	1267	-0.0474714530313294	-0.0307259845722255	500212	HGDP00645.HO	BedouinA.HO	silver
1268	1268	-0.0462026044229052	-0.0360767447480531	499989	HGDP00646.HO	BedouinA.HO	silver
1269	1269	-0.0485330624035641	-0.0318822633835616	499605	HGDP00647.HO	BedouinA.HO	silver
1270	1270	-0.049249565681085	-0.034020945418149	500291	HGDP00648.HO	BedouinB.HO	silver
1271	1271	-0.0545966588675044	-0.0368045352372687	499501	HGDP00649.HO	BedouinB.HO	silver
1272	1272	-0.0512059960411409	-0.0345063924669957	498823	HGDP00650.HO	BedouinB.HO	silver
1273	1273	-0.0511105551810751	-0.0346104263225982	499933	HGDP00651.HO	BedouinB.HO	silver
1274	1274	-0.0503629190707488	-0.036843438740917	497247	HGDP00653.HO	BedouinB.HO	silver
1275	1275	-0.048196585810486	-0.0272844762378384	500221	HGDP00654.HO	BedouinA.HO	silver
1276	1276	0.1394818780702444	-0.0558889040393731	500013	HGDP00655.HO	Nasioi.HO	silver
1277	1277	0.1416004380676987	-0.0520147474225206	500313	HGDP00656.HO	Nasioi.HO	silver
1278	1278	0.1395212133260167	-0.0590484344208204	499462	HGDP00660.HO	Nasioi.HO	silver
1279	1279	0.1375357891986098	-0.0559226003505139	500156	HGDP00661.HO	Nasioi.HO	silver
1280	1280	0.1413868797756176	-0.0567543552777532	500095	HGDP00662.HO	Nasioi.HO	silver
1281	1281	0.1381588920857918	-0.0545828219560431	499881	HGDP00663.HO	Nasioi.HO	silver
1282	1282	0.138862147407165	-0.0560271009672692	500223	HGDP00664.HO	Nasioi.HO	silver
1283	1283	-0.0753245645260108	-0.0182564942336236	499006	HGDP00666.HO	Sardinian.HO	brown
1284	1284	-0.0718158813144537	-0.0157805292645083	499720	HGDP00667.HO	Sardinian.HO	brown
1285	1285	-0.0734113147483082	-0.0142265777764427	500150	HGDP00668.HO	Sardinian.HO	brown
1286	1286	-0.0738663741140898	-0.0227143262374523	500044	HGDP00669.HO	Sardinian.HO	brown
1287	1287	-0.0748161219897176	-0.0207110234046871	499688	HGDP00670.HO	Sardinian.HO	brown
1288	1288	-0.0755754570817472	-0.0194959442411575	500454	HGDP00671.HO	Sardinian.HO	brown
1289	1289	-0.0703376897157664	-0.0203532743692002	499354	HGDP00672.HO	Italian_Sardinian.HO	brown
1290	1290	-0.0723720235838635	-0.0217100217067892	499580	HGDP00673.HO	Sardinian.HO	brown
1291	1291	-0.0743461335471012	-0.0175747300759271	498647	HGDP00674.HO	Sardinian.HO	brown
1292	1292	-0.0507371538756984	-0.0289064462618408	499386	HGDP00675.HO	Palestinian.HO	silver
1293	1293	-0.0497657225348989	-0.0327238850749391	497130	HGDP00676.HO	Palestinian.HO	silver
1294	1294	-0.0535194035555714	-0.0274810235188286	498729	HGDP00677.HO	Palestinian.HO	silver
1295	1295	-0.0526466906486947	-0.0321089503619228	499708	HGDP00679.HO	Palestinian.HO	silver
1296	1296	-0.045564502581683	-0.0308760584403394	498007	HGDP00680.HO	Palestinian.HO	silver
1297	1297	-0.0471531244373498	-0.0316997926183248	499961	HGDP00683.HO	Palestinian.HO	silver
1298	1298	-0.050686355712803	-0.0325217043791614	500077	HGDP00684.HO	Palestinian.HO	silver
1299	1299	-0.0498531242555768	-0.034883964585522	499783	HGDP00685.HO	Palestinian_oAfrican.HO	silver
1300	1300	-0.0469188478650416	-0.0352094943097326	499961	HGDP00686.HO	Palestinian.HO	silver
1301	1301	-0.0551509252823272	-0.0334319152636258	499812	HGDP00687.HO	Palestinian_oAfrican.HO	silver
1302	1302	-0.0516480746597453	-0.0316762708917377	500232	HGDP00688.HO	Palestinian.HO	silver
1303	1303	-0.05282131126298	-0.032455362605451	500085	HGDP00689.HO	Palestinian.HO	silver
1304	1304	-0.0519168016743405	-0.0294161243955652	499752	HGDP00690.HO	Palestinian.HO	silver
1305	1305	-0.0493072932938902	-0.0345624746362024	499947	HGDP00691.HO	Palestinian.HO	silver
1306	1306	-0.0389583630227558	-0.032918947279556	500069	HGDP00692.HO	Ignore_Palestinian.HO	silver
1307	1307	-0.0545048066143948	-0.0308065557020637	499876	HGDP00694.HO	Palestinian.HO	silver
1308	1308	-0.0523459312411439	-0.0303793930783151	499974	HGDP00696.HO	Palestinian.HO	silver
1309	1309	-0.0525281392109851	-0.0359998537096489	499557	HGDP00697.HO	Palestinian.HO	silver
1310	1310	-0.0489024308994018	-0.0339894559279198	500113	HGDP00698.HO	Palestinian.HO	silver
1311	1311	-0.0551902611864492	-0.0316867314671174	500398	HGDP00699.HO	Palestinian.HO	silver
1312	1312	-0.0485995252705286	-0.0318328511794574	498833	HGDP00700.HO	Palestinian.HO	silver
1313	1313	-0.0525290452741168	-0.036529838998812	496669	HGDP00701.HO	BedouinB.HO	silver
1314	1314	0.1674594153381815	0.0275705353185866	499261	HGDP00702.HO	Piapoco.HO	silver
1315	1315	0.1397331897180828	0.0175807273038342	499287	HGDP00703.HO	Ignore_Piapoco.HO	silver
1316	1316	0.1660186938317676	0.0250025161243663	499312	HGDP00704.HO	Piapoco.HO	silver
1317	1317	0.1704218404136479	0.0263313909708844	498350	HGDP00706.HO	Piapoco.HO	silver
1318	1318	0.1959988023207104	-0.0808261688944051	498227	HGDP00711.HO	Ignore_Cambodian.HO	silver
1319	1319	0.2302649185084505	-0.0783233577516637	499884	HGDP00712.HO	Ignore_Cambodian.HO	silver
1320	1320	0.1948573440210502	-0.0887541898616311	495932	HGDP00713.HO	Cambodian.HO	silver
1321	1321	0.2096905469110186	-0.0899432221008613	496747	HGDP00714.HO	Cambodian.HO	silver
1322	1322	0.1898101325989204	-0.0898397931173854	499530	HGDP00715.HO	Cambodian.HO	silver
1323	1323	0.2154985999285722	-0.0858001313841244	490675	HGDP00716.HO	Cambodian.HO	silver
1324	1324	0.2031559078539778	-0.0920633794355719	492967	HGDP00717.HO	Cambodian.HO	silver
1325	1325	0.2118563361695595	-0.0847079031967326	499546	HGDP00719.HO	Cambodian.HO	silver
1326	1326	0.2003055779482513	-0.0892524559452307	499884	HGDP00720.HO	Cambodian.HO	silver
1327	1327	0.1947332853964339	-0.0896718694505282	498340	HGDP00721.HO	Cambodian.HO	silver
1328	1328	-0.0499661167192316	-0.0306532367181556	499997	HGDP00722.HO	Palestinian.HO	silver
1329	1329	-0.0546147248387823	-0.0335658119515842	500069	HGDP00724.HO	Palestinian.HO	silver
1330	1330	-0.050729808266967	-0.0362786527857508	500204	HGDP00725.HO	Palestinian.HO	silver
1331	1331	-0.0525857030237926	-0.0346207507117837	500168	HGDP00726.HO	Palestinian.HO	silver
1332	1332	-0.0529105996603092	-0.0334092119575246	499862	HGDP00727.HO	Palestinian.HO	silver
1333	1333	-0.0488224499681072	-0.034559952660775	500268	HGDP00729.HO	Palestinian.HO	silver
1334	1334	-0.0534487516957023	-0.0350694323301946	499846	HGDP00730.HO	Palestinian.HO	silver
1335	1335	-0.0462777502909114	-0.0363160455927008	500315	HGDP00731.HO	Palestinian_oAfrican.HO	silver
1336	1336	-0.0572488373974835	-0.0332828644693933	499991	HGDP00732.HO	Palestinian.HO	silver
1337	1337	-0.0518695043511782	-0.0316732193035449	500089	HGDP00733.HO	Palestinian.HO	silver
1338	1338	-0.0497858721527892	-0.0344972417543648	499961	HGDP00734.HO	Palestinian.HO	silver
1339	1339	-0.0506473909718206	-0.033465257923866	500074	HGDP00735.HO	Palestinian.HO	silver
1340	1340	-0.0512448883025167	-0.0383529843339511	499912	HGDP00736.HO	Palestinian.HO	silver
1341	1341	-0.0525038389716564	-0.0330337089024042	499930	HGDP00737.HO	Palestinian.HO	silver
1342	1342	-0.0437780083067377	-0.0374045679133966	499976	HGDP00738.HO	Ignore_Palestinian.HO	silver
1343	1343	-0.0475430328057261	-0.033911217789149	500247	HGDP00739.HO	Palestinian.HO	silver
1344	1344	-0.0517088577810548	-0.0309229838875165	499988	HGDP00740.HO	Palestinian.HO	silver
1345	1345	-0.0503666045091129	-0.0328352214304001	499953	HGDP00741.HO	Ignore_Palestinian.HO	silver
1346	1346	-0.0465713209749667	-0.0348338815290254	499816	HGDP00744.HO	Ignore_Palestinian.HO	silver
1347	1347	-0.0443467862002327	-0.0326357396994243	499966	HGDP00745.HO	Palestinian.HO	silver
1348	1348	0.2415147675020627	-0.0507030160941225	497041	HGDP00747.HO	Japanese.HO	orange
1349	1349	0.2420584990978831	-0.0565701695624541	499346	HGDP00748.HO	Japanese.HO	orange
1350	1350	0.2414002334915389	-0.0496892330057554	499451	HGDP00749.HO	Japanese.HO	orange
1351	1351	0.2415914621513231	-0.0499178030928539	499520	HGDP00750.HO	Japanese.HO	orange
1352	1352	0.2351612029012259	-0.0566727632243388	499185	HGDP00751.HO	Japanese.HO	orange
1353	1353	0.2421034038269179	-0.0546859957553002	499441	HGDP00752.HO	Japanese.HO	orange
1354	1354	0.2400346844350039	-0.0540445544332704	497923	HGDP00753.HO	Japanese.HO	orange
1355	1355	0.2389917760402453	-0.0530183953748111	499203	HGDP00754.HO	Japanese.HO	orange
1356	1356	0.2400599456564142	-0.0546769317232052	499705	HGDP00755.HO	Japanese.HO	orange
1357	1357	0.2402433966899421	-0.0488975208940246	498687	HGDP00756.HO	Japanese.HO	orange
1358	1358	0.239347805793089	-0.0511342341989497	499483	HGDP00757.HO	Japanese.HO	orange
1359	1359	0.2385816317811434	-0.0514364873771603	499962	HGDP00758.HO	Japanese.HO	orange
1360	1360	0.2480518519233737	-0.0558980656363564	499814	HGDP00759.HO	Japanese.HO	orange
1361	1361	0.2465535309811763	-0.0513405476060828	498807	HGDP00760.HO	Japanese.HO	orange
1362	1362	0.2395833811082698	-0.0533711726970307	494110	HGDP00761.HO	Japanese.HO	orange
1363	1363	0.2402628816467838	-0.050100249085213	499926	HGDP00762.HO	Japanese.HO	orange
1364	1364	0.2416733534696795	-0.0538639949869273	499375	HGDP00763.HO	Japanese.HO	orange
1365	1365	0.2383675313165964	-0.0532168919339268	499666	HGDP00764.HO	Japanese.HO	orange
1366	1366	0.2401949521952675	-0.0534002954529842	497447	HGDP00765.HO	Japanese.HO	orange
1367	1367	0.2407495899589492	-0.0528003508962693	499969	HGDP00766.HO	Japanese.HO	orange
1368	1368	0.239489440076152	-0.0520421213139929	497589	HGDP00767.HO	Japanese.HO	orange
1369	1369	0.242992290849139	-0.0507760001565684	499875	HGDP00768.HO	Japanese.HO	orange
1370	1370	0.2416945109203289	-0.0566575151404766	499308	HGDP00769.HO	Japanese.HO	orange
1371	1371	0.2441319139211542	-0.0511235382643222	499744	HGDP00771.HO	Japanese.HO	orange
1372	1372	0.2378968584015938	-0.0533561466668586	498867	HGDP00772.HO	Japanese.HO	orange
1373	1373	0.2380919404362696	-0.0564324919957995	499406	HGDP00773.HO	Japanese.HO	orange
1374	1374	0.2422764423830475	-0.0845491441403056	499765	HGDP00774.HO	Han.HO	plum
1375	1375	0.2419525872669926	-0.0781761350420719	499433	HGDP00775.HO	Han.HO	plum
1376	1376	0.2414113107793204	-0.0880582448069062	500147	HGDP00776.HO	Han.HO	plum
1377	1377	0.2369347345520386	-0.0641253501166079	500241	HGDP00777.HO	Han.HO	plum
1378	1378	0.243001597577564	-0.0719579468510218	499303	HGDP00779.HO	Han.HO	plum
1379	1379	0.2377307147419113	-0.0793610856453726	500239	HGDP00780.HO	Han.HO	plum
1380	1380	0.2386311676143297	-0.0907121704962151	500093	HGDP00781.HO	Han.HO	plum
1381	1381	0.2411426984612496	-0.0717735896820864	499322	HGDP00782.HO	Han.HO	plum
1382	1382	0.2390088789849162	-0.068895080336149	500208	HGDP00783.HO	Han.HO	plum
1383	1383	0.239167424746228	-0.0782541009483339	499985	HGDP00784.HO	Han.HO	plum
1384	1384	0.2397417627435876	-0.085468537790705	500126	HGDP00785.HO	Han.HO	plum
1385	1385	0.2446848610134414	-0.0775116734540758	500328	HGDP00786.HO	Han.HO	plum
1386	1386	0.1364518730364458	-0.0534877068723029	500266	HGDP00787.HO	Nasioi.HO	silver
1387	1387	0.1360857507705838	-0.0577086192587391	500252	HGDP00788.HO	Nasioi.HO	silver
1388	1388	0.2413125573989779	-0.0485548848292676	497938	HGDP00790.HO	Japanese.HO	orange
1389	1389	0.2392551857197369	-0.052734758358353	499840	HGDP00791.HO	Japanese.HO	orange
1390	1390	-0.0602061233690906	0.0018468233122345	499396	HGDP00794.HO	Orcadian.HO	black
1391	1391	-0.0597826899295714	0.0050198019363012	497266	HGDP00796.HO	Orcadian.HO	black
1392	1392	-0.0629633154806009	0.0061863002391213	499641	HGDP00797.HO	Orcadian.HO	black
1393	1393	-0.0635697137282866	0.0041371423655663	499641	HGDP00798.HO	Orcadian.HO	black
1394	1394	-0.0649740017179984	0.0056853167105225	497589	HGDP00799.HO	Orcadian.HO	black
1395	1395	-0.0611648489371088	0.0032034968719255	499546	HGDP00800.HO	Orcadian.HO	black
1396	1396	-0.0638444104398212	0.0104255635028066	498734	HGDP00802.HO	Orcadian.HO	black
1397	1397	-0.0646017131791899	-0.0004694627803075	498405	HGDP00803.HO	Orcadian.HO	black
1398	1398	-0.0617772734071748	0.0028697997307037	499793	HGDP00805.HO	Orcadian.HO	black
1399	1399	-0.0668346223347661	0.0083589366493943	500158	HGDP00806.HO	Orcadian.HO	black
1400	1400	-0.0617924138116587	0.0004070426514618	500288	HGDP00807.HO	Orcadian.HO	black
1401	1401	-0.0610863172892848	0.0008579640198355	500132	HGDP00808.HO	Orcadian.HO	black
1402	1402	-0.064896075263976	0.0026674236959712	499160	HGDP00810.HO	Orcadian.HO	black
1403	1403	0.2478952759243863	-0.0827171864225764	500028	HGDP00811.HO	Han.HO	plum
1404	1404	0.2376844324640347	-0.0814899939966753	499795	HGDP00812.HO	Han.HO	plum
1405	1405	0.2468425809377832	-0.0837365351143762	499440	HGDP00813.HO	Han.HO	plum
1406	1406	0.2428340299577228	-0.067033777872829	500231	HGDP00814.HO	Han.HO	plum
1407	1407	0.242740761824951	-0.0761774276546494	499902	HGDP00815.HO	Han.HO	plum
1408	1408	0.2376796956354795	-0.086356465741424	499206	HGDP00817.HO	Han.HO	plum
1409	1409	0.2455320440472599	-0.0777097977962898	500250	HGDP00818.HO	Han.HO	plum
1410	1410	0.245038961359818	-0.0866026075143428	500294	HGDP00819.HO	Han.HO	plum
1411	1411	0.2395738796800989	-0.0848594619684455	498566	HGDP00820.HO	Han.HO	plum
1412	1412	0.2399805691494075	-0.0880636078305811	499842	HGDP00821.HO	Han.HO	plum
1413	1413	0.243927957270201	-0.0793477778510669	500011	HGDP00822.HO	Han.HO	plum
1414	1414	0.2405972576662796	-0.0517500991578934	498778	HGDP00828.HO	Japanese.HO	orange
1415	1415	0.1660445374764365	0.0277644251140494	499772	HGDP00832.HO	Surui.HO	silver
1416	1416	0.1635844871964731	0.0283336211568644	491343	HGDP00837.HO	Surui.HO	silver
1417	1417	0.167775113686291	0.0280988911524262	496376	HGDP00838.HO	Surui.HO	silver
1418	1418	0.1640597503616181	0.0299550052703784	493800	HGDP00843.HO	Surui.HO	silver
1419	1419	0.1697730267853759	0.0241610691507848	494910	HGDP00845.HO	Surui.HO	silver
1420	1420	0.1707714737836181	0.0270543954494674	496479	HGDP00846.HO	Surui.HO	silver
1421	1421	0.16704103648869	0.028282577729395	496263	HGDP00849.HO	Surui.HO	silver
1422	1422	0.1666041102210429	0.0286437834549073	496232	HGDP00852.HO	Surui.HO	silver
1423	1423	0.1467091823607514	0.0245730652267806	499433	HGDP00854.HO	Mayan.HO	silver
1424	1424	0.162621507045235	0.029033995705663	499715	HGDP00855.HO	Mayan.HO	silver
1425	1425	0.1535945348691393	0.02370624993451	499951	HGDP00856.HO	Mayan.HO	silver
1426	1426	0.1642637383415334	0.024240347928771	499769	HGDP00857.HO	Mayan.HO	silver
1427	1427	0.1540406715115423	0.0232900767392772	499649	HGDP00858.HO	Mayan.HO	silver
1428	1428	0.1527437048052447	0.0284068394104403	499773	HGDP00859.HO	Mayan.HO	silver
1429	1429	0.09436981079566	0.0138587502166619	499124	HGDP00860.HO	Ignore_Mayan.HO	silver
1430	1430	0.1293180945867211	0.0252389503089621	500222	HGDP00861.HO	Mayan.HO	silver
1431	1431	0.1443276480046989	0.0223242185212939	500062	HGDP00862.HO	Mayan.HO	silver
1432	1432	0.1497405623773336	0.0233038646814288	496291	HGDP00863.HO	Mayan.HO	silver
1433	1433	0.153664103420669	0.0293427678310302	498905	HGDP00864.HO	Mayan.HO	silver
1434	1434	0.1597472166419712	0.0226530290735525	500129	HGDP00865.HO	Mayan.HO	silver
1435	1435	0.1368264712881897	0.0203041989245313	497658	HGDP00868.HO	Mayan.HO	silver
1436	1436	0.1281115085021896	0.0193121254043644	500034	HGDP00869.HO	Mayan.HO	silver
1437	1437	0.1547012385229183	0.0279377161894918	500328	HGDP00870.HO	Mayan.HO	silver
1438	1438	0.1010859765821955	0.0195877862109364	500128	HGDP00871.HO	Ignore_Mayan.HO	silver
1439	1439	0.1549524710299362	0.0306073892100862	499174	HGDP00872.HO	Mayan.HO	silver
1440	1440	0.1550027527918405	0.0288408846483352	500093	HGDP00873.HO	Mayan.HO	silver
1441	1441	0.1477875838849789	0.0222693295185533	499364	HGDP00875.HO	Mayan.HO	silver
1442	1442	0.1012620729176509	0.0171571911953096	500345	HGDP00876.HO	Ignore_Mayan.HO	silver
1443	1443	0.1381443527153682	0.0225720051707392	500286	HGDP00877.HO	Mayan.HO	silver
1444	1444	-0.0366048693010273	0.0220152738464222	500306	HGDP00879.HO	Russian.HO	blue
1445	1445	-0.0393900034425339	0.0156163861501911	500387	HGDP00880.HO	Russian.HO	blue
1446	1446	-0.0322980200892468	0.018302600876265	500228	HGDP00881.HO	Ignore_Russian.HO	blue
1447	1447	-0.0308197412791581	0.01914429240836	498968	HGDP00882.HO	Russian.HO	blue
1448	1448	-0.0360308828837092	0.0237335274037209	500261	HGDP00883.HO	Russian.HO	blue
1449	1449	-0.0446687932336314	0.0174357127039541	499725	HGDP00884.HO	Russian.HO	blue
1450	1450	-0.0367432965599107	0.0189771951220305	491776	HGDP00887.HO	Russian.HO	blue
1451	1451	-0.0410757461120932	0.0189956244551669	499140	HGDP00888.HO	Russian.HO	blue
1452	1452	-0.0399643339218212	0.0211402960599256	499817	HGDP00889.HO	Russian.HO	blue
1453	1453	-0.0369724956707354	0.0211331919608733	499130	HGDP00890.HO	Russian.HO	blue
1454	1454	-0.0346694563592378	0.020105191735824	500062	HGDP00891.HO	Russian.HO	blue
1455	1455	-0.0388837480742059	0.018217679413572	500241	HGDP00892.HO	Russian.HO	blue
1456	1456	-0.0332642014987767	0.020680422254964	500148	HGDP00893.HO	Russian.HO	blue
1457	1457	-0.0312263814693057	0.0193806857534041	499051	HGDP00894.HO	Russian.HO	blue
1458	1458	-0.0274536302036025	0.0218938738849182	493339	HGDP00895.HO	Russian.HO	blue
1459	1459	-0.033998328045684	0.0219637457432451	500317	HGDP00896.HO	Russian.HO	blue
1460	1460	-0.0369169475772223	0.0198734182766239	499827	HGDP00897.HO	Russian.HO	blue
1461	1461	-0.0296542400294785	0.0210099040328954	500419	HGDP00898.HO	Russian.HO	blue
1462	1462	-0.0372811915203905	0.0202754579119509	499856	HGDP00899.HO	Russian.HO	blue
1463	1463	-0.0447931826811729	0.0157168829679183	499214	HGDP00900.HO	Russian.HO	blue
1464	1464	-0.0320686856543292	0.0243469583861329	500388	HGDP00901.HO	Russian.HO	blue
1465	1465	-0.036410960170162	0.0137915940099021	500186	HGDP00902.HO	Russian.HO	blue
1466	1466	-0.0380077653833797	0.0189959475442878	499440	HGDP00903.HO	Russian.HO	blue
1467	1467	0.0329374528890918	-0.0482229830659295	498454	HGDP00904.HO	Mandenka.HO	silver
1468	1468	0.0305670446687225	-0.0449690747274227	498072	HGDP00905.HO	Mandenka.HO	silver
1469	1469	0.0310678415947554	-0.0477283357121466	499900	HGDP00906.HO	Mandenka.HO	silver
1470	1470	0.0297333822065451	-0.0456925527327904	496012	HGDP00907.HO	Mandenka.HO	silver
1471	1471	0.0317226322776063	-0.0488253665121006	498290	HGDP00908.HO	Mandenka.HO	silver
1472	1472	0.0319969195910807	-0.0455256482497216	497994	HGDP00909.HO	Mandenka.HO	silver
1473	1473	0.0286740830525983	-0.0439296934068703	497349	HGDP00910.HO	Mandenka.HO	silver
1474	1474	0.0302330857752796	-0.0491568141661335	497844	HGDP00911.HO	Ignore_Mandenka.HO	silver
1475	1475	0.033611254731376	-0.047333384615581	498441	HGDP00912.HO	Mandenka.HO	silver
1476	1476	0.0307857781036741	-0.0464878990845739	497776	HGDP00913.HO	Mandenka.HO	silver
1477	1477	0.0299005800582532	-0.0454845137944952	498727	HGDP00915.HO	Mandenka.HO	silver
1478	1478	0.0357643229083558	-0.046498238348652	499531	HGDP00917.HO	Mandenka.HO	silver
1479	1479	0.0310256952344513	-0.0468125638216054	499223	HGDP00918.HO	Ignore_Mandenka.HO	silver
1480	1480	0.0336607856627898	-0.0498116503345416	497950	HGDP00920.HO	Yoruba.HO	silver
1481	1481	0.0321063364770573	-0.0460264743854497	498566	HGDP00924.HO	Yoruba.HO	silver
1482	1482	0.0333228033441933	-0.0471354076433708	496861	HGDP00925.HO	Yoruba.HO	silver
1483	1483	0.0329602954179466	-0.0464118592188031	498763	HGDP00926.HO	Yoruba.HO	silver
1484	1484	0.0322376081789766	-0.0491535807385555	498109	HGDP00928.HO	Yoruba.HO	silver
1485	1485	0.0336332216490168	-0.0457948633576969	498558	HGDP00929.HO	Yoruba.HO	silver
1486	1486	0.0324690997648354	-0.0459121927982991	497659	HGDP00930.HO	Yoruba.HO	silver
1487	1487	0.0336638619349123	-0.0482661540711427	493246	HGDP00931.HO	Yoruba.HO	silver
1488	1488	0.0364253127543209	-0.0521477893181124	499024	HGDP00932.HO	Yoruba.HO	silver
1489	1489	0.0356409994474569	-0.0516561778244579	498532	HGDP00933.HO	Yoruba.HO	silver
1490	1490	0.0318456078851001	-0.0452144575064621	498522	HGDP00934.HO	Yoruba.HO	silver
1491	1491	0.0322522171579104	-0.0486429565625913	498249	HGDP00935.HO	Yoruba.HO	silver
1492	1492	0.0323243399881754	-0.0502686796820827	498081	HGDP00936.HO	Yoruba.HO	silver
1493	1493	0.0326561906310165	-0.045260218382124	498045	HGDP00937.HO	Yoruba.HO	silver
1494	1494	0.0342759582154495	-0.0445732511963091	498176	HGDP00938.HO	Yoruba.HO	silver
1495	1495	0.0318293009809616	-0.0448702101863103	498193	HGDP00939.HO	Yoruba.HO	silver
1496	1496	0.0356025329750946	-0.0501797182460303	498423	HGDP00940.HO	Yoruba.HO	silver
1497	1497	0.0330493199199397	-0.0477038449452945	498574	HGDP00941.HO	Yoruba.HO	silver
1498	1498	0.0336777066726677	-0.0504048260468407	498988	HGDP00942.HO	Yoruba.HO	silver
1499	1499	0.0327953681831833	-0.0466050809794112	498695	HGDP00943.HO	Yoruba.HO	silver
1500	1500	0.0336218662694632	-0.0503559708212467	498320	HGDP00944.HO	Yoruba.HO	silver
1501	1501	0.2083596152429632	0.0481718089966733	499242	HGDP00945.HO	Yakut.HO	silver
1502	1502	0.2102184958291914	0.0561297997150657	500065	HGDP00946.HO	Yakut.HO	silver
1503	1503	0.1974335258476109	0.0535866736976266	499783	HGDP00947.HO	Yakut.HO	silver
1504	1504	0.1879284173564236	0.0493571646366353	499376	HGDP00948.HO	Yakut.HO	silver
1505	1505	0.1421100655898143	0.0375423779188973	500090	HGDP00949.HO	Ignore_Yakut.HO	silver
1506	1506	0.1827971226517482	0.049529392283879	499484	HGDP00950.HO	Yakut.HO	silver
1507	1507	0.2071965821750581	0.0568254610622945	500120	HGDP00951.HO	Yakut.HO	silver
1508	1508	0.2041259467996946	0.0497602721061485	499740	HGDP00952.HO	Yakut.HO	silver
1509	1509	0.1323357391381699	0.0466357525925657	499287	HGDP00953.HO	Ignore_Yakut.HO	silver
1510	1510	0.207038534403575	0.0480645194288082	498204	HGDP00954.HO	Yakut.HO	silver
1511	1511	0.2087852114695757	0.0589647296691831	499727	HGDP00955.HO	Yakut.HO	silver
1512	1512	0.2099807136063075	0.0524270215058718	499713	HGDP00956.HO	Yakut.HO	silver
1513	1513	0.2140555725021748	0.0543244354378313	499610	HGDP00957.HO	Ignore_Yakut.HO	silver
1514	1514	0.1938146455660807	0.053068870381124	500150	HGDP00958.HO	Yakut.HO	silver
1515	1515	0.2380754112033406	0.0804011181129309	499485	HGDP00959.HO	Ignore_Yakut.HO	silver
1516	1516	0.2126150845755085	0.0600100525526447	500284	HGDP00960.HO	Yakut.HO	silver
1517	1517	0.2066613511642399	0.0492458776674109	498886	HGDP00961.HO	Yakut.HO	silver
1518	1518	0.2112717541681537	0.0583945123965419	500140	HGDP00962.HO	Yakut.HO	silver
1519	1519	0.2095848584899824	0.0490771096271679	499399	HGDP00963.HO	Yakut.HO	silver
1520	1520	0.2009632600313362	0.052415438891015	498908	HGDP00964.HO	Yakut.HO	silver
1521	1521	0.2064101126644155	0.0554605490356748	499717	HGDP00965.HO	Yakut.HO	silver
1522	1522	0.1953961649282612	0.0498243031411432	498859	HGDP00966.HO	Yakut.HO	silver
1523	1523	0.2058414508242431	0.0524805938685311	500181	HGDP00967.HO	Yakut.HO	silver
1524	1524	0.1904194229261976	0.0489047907167081	499390	HGDP00968.HO	Yakut.HO	silver
1525	1525	0.1626391960573258	0.0433963496120438	499860	HGDP00969.HO	Ignore_Yakut.HO	silver
1526	1526	0.16749417415077	0.0230614556067074	500268	HGDP00970.HO	Piapoco.HO	silver
1527	1527	0.2398724308459835	-0.0695409829751173	499759	HGDP00971.HO	Han.HO	plum
1528	1528	0.2416997726593752	-0.0808757951040066	499446	HGDP00972.HO	Han.HO	plum
1529	1529	0.2470881288069604	-0.0796228037266553	499653	HGDP00973.HO	Han.HO	plum
1530	1530	0.2374033452309613	-0.0856529016866045	500229	HGDP00974.HO	Han.HO	plum
1531	1531	0.2411312490520727	-0.0915948312364624	499626	HGDP00975.HO	Han.HO	plum
1532	1532	0.2432893274511731	-0.0736307511790269	499800	HGDP00976.HO	Han.HO	plum
1533	1533	0.2441163615645279	-0.0819822943158429	498554	HGDP00977.HO	Han.HO	plum
1534	1534	0.0363947213279433	-0.0484665582359225	497672	HGDP00982.HO	Mbuti.HO	silver
1535	1535	0.0385908881537116	-0.0479276660165015	497514	HGDP00984.HO	Mbuti.HO	silver
1536	1536	0.034577386885943	-0.0454875619687551	497958	HGDP00985.HO	Biaka.HO	silver
1537	1537	0.0359871255095421	-0.0469556692596736	498045	HGDP00986.HO	Biaka.HO	silver
1538	1538	0.0357208809122651	-0.047108565506523	497279	HGDP00987.HO	Ju_hoan_North.HO	silver
1539	1539	0.0304457792989657	-0.0456013630712899	497892	HGDP00991.HO	Ju_hoan_North.HO	silver
1540	1540	0.0355124424646102	-0.0465159781558958	497711	HGDP00992.HO	Ju_hoan_North.HO	silver
1541	1541	0.0356205782570243	-0.0478023083957316	497473	HGDP00993.HO	BantuSA.HO	silver
1542	1542	0.033733382820417	-0.0475600298051204	497269	HGDP00994.HO	BantuSA.HO	silver
1543	1543	0.168937686258469	0.0269373913239642	496870	HGDP00995.HO	Karitiana.HO	silver
1544	1544	0.1666752071916076	0.0252161893257739	496700	HGDP00999.HO	Karitiana.HO	silver
1545	1545	0.165116359248812	0.0326461705998987	495516	HGDP01001.HO	Karitiana.HO	silver
1546	1546	0.1691774348328191	0.0261098695516636	499357	HGDP01003.HO	Karitiana.HO	silver
1547	1547	0.1643897606205271	0.0255744061075449	498537	HGDP01006.HO	Karitiana.HO	silver
1548	1548	0.1685824362754108	0.0279895179096107	497026	HGDP01010.HO	Karitiana.HO	silver
1549	1549	0.1630067801385903	0.029098086978595	498957	HGDP01012.HO	Karitiana.HO	silver
1550	1550	0.170140511793418	0.0263118227129957	496764	HGDP01013.HO	Karitiana.HO	silver
1551	1551	0.1656956174185852	0.0279007883650594	498546	HGDP01014.HO	Karitiana.HO	silver
1552	1552	0.1653501784265708	0.0275797875022029	499260	HGDP01015.HO	Karitiana.HO	silver
1553	1553	0.1707242784828884	0.0261996959306693	499206	HGDP01018.HO	Karitiana.HO	silver
1554	1554	0.1679307862117492	0.0272192290568043	498279	HGDP01019.HO	Karitiana.HO	silver
1555	1555	0.2470202758398716	-0.0852005990841678	499103	HGDP01021.HO	Han.HO	plum
1556	1556	0.2420843338461086	-0.0678644404180484	500372	HGDP01023.HO	Han.HO	plum
1557	1557	0.2384542442821952	-0.0728577001275399	497951	HGDP01024.HO	Han.HO	plum
1558	1558	0.1376814034538005	-0.0559849105551708	500003	HGDP01027.HO	Nasioi.HO	silver
1559	1559	0.0337748013284519	-0.0473983533904776	497538	HGDP01028.HO	Namibia_Bantu_Herero.HO	silver
1560	1560	0.0366244165598206	-0.0454178854544227	498403	HGDP01030.HO	BantuSA.HO	silver
1561	1561	0.0341236396428037	-0.0455584044610257	494442	HGDP01031.HO	BantuSA_Ovambo.HO	silver
1562	1562	0.0340167184291091	-0.0463721873265178	496860	HGDP01032.HO	Ju_hoan_North.HO	silver
1563	1563	0.033533594822657	-0.0457813638464156	498193	HGDP01033.HO	BantuSA.HO	silver
1564	1564	0.0321656966467145	-0.0455804143593739	497864	HGDP01034.HO	BantuSA.HO	silver
1565	1565	0.0307854419689441	-0.0482759412771921	497776	HGDP01035.HO	Namibia_Bantu_Herero.HO	silver
1566	1566	0.0339632433576769	-0.0448394209120428	496200	HGDP01036.HO	Ju_hoan_North.HO	silver
1567	1567	0.1604381121612305	0.0286125642811987	500326	HGDP01037.HO	Pima.HO	silver
1568	1568	0.1650485716728556	0.0263098415197481	498911	HGDP01041.HO	Pima.HO	silver
1569	1569	0.1665064617988742	0.0270005146442749	499864	HGDP01043.HO	Pima.HO	silver
1570	1570	0.1670123799852492	0.0297533877477312	500140	HGDP01044.HO	Pima.HO	silver
1571	1571	0.1672509289923661	0.0305145680782468	498942	HGDP01047.HO	Pima.HO	silver
1572	1572	0.1553444564183169	0.0295673560629606	500301	HGDP01050.HO	Pima.HO	silver
1573	1573	0.1608433444286341	0.0309333847282649	499564	HGDP01051.HO	Pima.HO	silver
1574	1574	0.1676239385297872	0.029491479679454	500012	HGDP01053.HO	Pima.HO	silver
1575	1575	0.1531726490695859	0.0270416133159165	499820	HGDP01055.HO	Pima.HO	silver
1576	1576	0.1655203632798013	0.0309546920320222	499878	HGDP01056.HO	Pima.HO	silver
1577	1577	0.1654676451828755	0.0304409730055094	500314	HGDP01057.HO	Pima.HO	silver
1578	1578	0.1496621396944297	0.028310139688802	499620	HGDP01058.HO	Pima.HO	silver
1579	1579	0.1596342900508151	0.0313365304598297	500391	HGDP01059.HO	Pima.HO	silver
1580	1580	0.1571104771021105	0.0300399343373065	499936	HGDP01060.HO	Pima.HO	silver
1581	1581	-0.0746005497531105	-0.022353837808944	500119	HGDP01062.HO	Italian_Sardinian.HO	brown
1582	1582	-0.0773716496773381	-0.0224380900172454	500189	HGDP01063.HO	Sardinian.HO	brown
1583	1583	-0.0737642229306699	-0.0201015127060148	499218	HGDP01064.HO	Sardinian.HO	brown
1584	1584	-0.0767542384692511	-0.0180562122805926	500352	HGDP01065.HO	Sardinian.HO	brown
1585	1585	-0.0771214730861618	-0.0214362564543221	500436	HGDP01066.HO	Sardinian.HO	brown
1586	1586	-0.0700157357200237	-0.0245485882770209	498030	HGDP01067.HO	Sardinian.HO	brown
1587	1587	-0.0743145537404627	-0.0209704039158731	499313	HGDP01068.HO	Sardinian.HO	brown
1588	1588	-0.0723441364012307	-0.0229566134460006	499777	HGDP01069.HO	Sardinian.HO	brown
1589	1589	-0.074451957117706	-0.0211105135635148	499457	HGDP01070.HO	Sardinian.HO	brown
1590	1590	-0.0698764435364679	-0.0177719949925224	497790	HGDP01071.HO	Sardinian.HO	brown
1591	1591	-0.0709751098732401	-0.0190841218153896	499198	HGDP01072.HO	Sardinian.HO	brown
1592	1592	-0.0751131334561263	-0.0186821029044666	500358	HGDP01073.HO	Sardinian.HO	brown
1593	1593	-0.0739554597879782	-0.0188441433306034	499067	HGDP01074.HO	Sardinian.HO	brown
1594	1594	-0.0767017002221233	-0.0187810602209508	499947	HGDP01075.HO	Sardinian.HO	brown
1595	1595	-0.0770711363469177	-0.0188358235289591	496441	HGDP01076.HO	Sardinian.HO	brown
1596	1596	-0.0765410189244275	-0.0184522791365957	500390	HGDP01077.HO	Sardinian.HO	brown
1597	1597	-0.0726314483850977	-0.014712259544871	497023	HGDP01078.HO	Sardinian.HO	brown
1598	1598	-0.0711118010588664	-0.0159495106684057	500411	HGDP01079.HO	Sardinian.HO	brown
1599	1599	0.0357339437261422	-0.0447162173620357	496902	HGDP01081.HO	Mbuti.HO	silver
1600	1600	0.0346795961166339	-0.0473783402301715	497252	HGDP01086.HO	Biaka.HO	silver
1601	1601	0.0352858889124317	-0.0443034792510621	498486	HGDP01090.HO	Biaka.HO	silver
1602	1602	0.0319193871432106	-0.0449284543121973	496380	HGDP01094.HO	Biaka.HO	silver
1603	1603	0.2402236122198654	-0.0798121219099723	499805	HGDP01095.HO	Tujia.HO	silver
1604	1604	0.2420011891310678	-0.0717329219840767	499347	HGDP01096.HO	Tujia.HO	silver
1605	1605	0.2406077244540933	-0.0830276182630372	500179	HGDP01097.HO	Tujia.HO	silver
1606	1606	0.2378484833380945	-0.074270894771713	497326	HGDP01098.HO	Tujia.HO	silver
1607	1607	0.2383550846547849	-0.0714033043314299	497053	HGDP01099.HO	Tujia.HO	silver
1608	1608	0.2403195346232629	-0.0767352756343373	499954	HGDP01100.HO	Tujia.HO	silver
1609	1609	0.2393850371502363	-0.0778219942939421	498664	HGDP01101.HO	Tujia.HO	silver
1610	1610	0.2443179883752605	-0.0791232609276056	499603	HGDP01102.HO	Tujia.HO	silver
1611	1611	0.2407154405502248	-0.0814579403622563	499035	HGDP01103.HO	Tujia.HO	silver
1612	1612	0.2453549253944608	-0.0720816734093121	499982	HGDP01104.HO	Tujia.HO	silver
1613	1613	-0.0711475612565854	-0.0085322164369802	500139	HGDP01147.HO	Italian_North.HO	orange
1614	1614	-0.0620780496594384	-0.0094697964490621	499693	HGDP01149.HO	Ignore_Italian_North.HO	orange
1615	1615	-0.0669681770285521	-0.0097105665627542	499541	HGDP01151.HO	Italian_North.HO	orange
1616	1616	-0.0675319433488175	-0.0126422881982721	496575	HGDP01152.HO	Italian_North.HO	orange
1617	1617	-0.0675741638030834	-0.0127922802176711	500280	HGDP01153.HO	Italian_North.HO	orange
1618	1618	-0.0668478304011939	-0.0113611859216369	500011	HGDP01155.HO	Italian_North.HO	orange
1619	1619	-0.0681799110016987	-0.0119201809493243	500228	HGDP01156.HO	Italian_North.HO	orange
1620	1620	-0.0660277848017985	-0.0107375623504725	499826	HGDP01157.HO	Italian_North.HO	orange
1621	1621	-0.0675841036112261	-0.0143539601908517	499826	HGDP01161.HO	Italian_North.HO	orange
1622	1622	-0.0671632070592893	-0.0207633564189431	500277	HGDP01162.HO	Italian_North.HO	orange
1623	1623	-0.0656150109414597	-0.0155215814287682	500079	HGDP01163.HO	Italian_North.HO	orange
1624	1624	-0.0676362472921407	-0.0155359702333789	499584	HGDP01164.HO	Italian_North.HO	orange
1625	1625	-0.067811198813343	-0.0143172039471029	499982	HGDP01166.HO	Italian_North.HO	orange
1626	1626	-0.0599114821550033	-0.0166686800036701	500366	HGDP01167.HO	Italian_North.HO	orange
1627	1627	-0.0670164065495877	-0.0193133129312935	500309	HGDP01168.HO	Italian_North.HO	orange
1628	1628	-0.0667385323345705	-0.0178108135431648	499692	HGDP01169.HO	Italian_North.HO	orange
1629	1629	-0.0691124759663517	-0.0138827132244302	500217	HGDP01171.HO	Italian_North.HO	orange
1630	1630	-0.0629335689613636	-0.0142602200061632	499182	HGDP01172.HO	Italian_North.HO	orange
1631	1631	-0.0656539534361038	-0.0141446260845045	499891	HGDP01173.HO	Italian_North.HO	orange
1632	1632	-0.0688093484806377	-0.0132020106708725	499677	HGDP01174.HO	Italian_North.HO	orange
1633	1633	-0.0669704685649909	-0.0113241776147804	500368	HGDP01177.HO	Italian_North.HO	orange
1634	1634	0.2345171914037568	-0.0631338165346362	497429	HGDP01179.HO	Yi.HO	silver
1635	1635	0.2388717488592746	-0.0677537826521101	500156	HGDP01180.HO	Yi.HO	silver
1636	1636	0.2330372180233583	-0.0657533879983685	500125	HGDP01181.HO	Yi.HO	silver
1637	1637	0.2294847908031193	-0.0501783052635066	499099	HGDP01182.HO	Yi.HO	silver
1638	1638	0.2337408640903039	-0.0586877636309287	500012	HGDP01183.HO	Yi.HO	silver
1639	1639	0.2315617178136638	-0.0652857075991324	500217	HGDP01184.HO	Yi.HO	silver
1640	1640	0.2343334852647546	-0.0665005561779412	500164	HGDP01185.HO	Yi.HO	silver
1641	1641	0.2341562154178867	-0.0673911866766437	499877	HGDP01186.HO	Yi.HO	silver
1642	1642	0.2399568784688577	-0.0754412181646762	499600	HGDP01187.HO	Yi.HO	silver
1643	1643	0.2363235907872407	-0.0596235532317227	498769	HGDP01188.HO	Yi.HO	silver
1644	1644	0.2371362398312904	-0.0799333914355336	499691	HGDP01189.HO	Miao.HO	silver
1645	1645	0.2398579507650317	-0.0795458403381586	499561	HGDP01190.HO	Miao.HO	silver
1646	1646	0.2412380709196237	-0.0875018712724796	499718	HGDP01191.HO	Miao.HO	silver
1647	1647	0.2441057992335668	-0.0801637224182166	499945	HGDP01192.HO	Miao.HO	silver
1648	1648	0.2416865261977208	-0.0839332428013289	499849	HGDP01193.HO	Miao.HO	silver
1649	1649	0.2365109208959379	-0.0839557221779446	500115	HGDP01194.HO	Miao.HO	silver
1650	1650	0.2390225959057114	-0.0803100292206697	499817	HGDP01195.HO	Miao.HO	silver
1651	1651	0.2429648310268315	-0.0761389516986954	499665	HGDP01196.HO	Miao.HO	silver
1652	1652	0.2397921443922416	-0.0802859836388278	499606	HGDP01197.HO	Miao.HO	silver
1653	1653	0.2384834681140664	-0.0809044085674774	498557	HGDP01198.HO	Miao.HO	silver
1654	1654	0.033331818785729	-0.0500104388239766	498830	HGDP01199.HO	Mandenka.HO	silver
1655	1655	0.0328929099495919	-0.0432409615667894	499668	HGDP01200.HO	Mandenka.HO	silver
1656	1656	0.0329753285403438	-0.0501902731808554	499515	HGDP01202.HO	Mandenka.HO	silver
1657	1657	0.2422255835934725	0.0456186078825169	499891	HGDP01203.HO	Oroqen.HO	silver
1658	1658	0.235299678463259	-0.017015833084934	499644	HGDP01204.HO	Oroqen.HO	silver
1659	1659	0.2335775222919761	0.007883321519727	497095	HGDP01205.HO	Oroqen.HO	silver
1660	1660	0.2336880172824348	0.0350434695733928	499875	HGDP01206.HO	Oroqen.HO	silver
1661	1661	0.226998719261451	0.0096951451787594	496775	HGDP01207.HO	Oroqen.HO	silver
1662	1662	0.2360312305409685	0.0070278927117426	498839	HGDP01208.HO	Oroqen.HO	silver
1663	1663	0.2339994464667843	0.0215643635136568	500320	HGDP01209.HO	Oroqen.HO	silver
1664	1664	0.2359658315779425	0.0554243076718262	498887	HGDP01211.HO	Oroqen.HO	silver
1665	1665	0.2275650245424818	-0.0102985427066939	499469	HGDP01212.HO	Oroqen.HO	silver
1666	1666	0.2365390903464808	-0.0080264496568647	499804	HGDP01213.HO	Daur.HO	silver
1667	1667	0.2249474944806747	-0.0157924528486966	499377	HGDP01214.HO	Daur.HO	silver
1668	1668	0.2265903803396932	-0.0115742517782417	497688	HGDP01215.HO	Daur.HO	silver
1669	1669	0.2307351158631667	-0.0056850733331869	498578	HGDP01216.HO	Daur.HO	silver
1670	1670	0.2266626449689897	-0.0116968579145931	498297	HGDP01217.HO	Daur.HO	silver
1671	1671	0.234031874541807	-0.0136705057487626	498192	HGDP01218.HO	Daur.HO	silver
1672	1672	0.2341374591975407	-0.0101737348958513	499873	HGDP01220.HO	Daur.HO	silver
1673	1673	0.2346015020176961	-0.0127532206512115	499245	HGDP01221.HO	Daur.HO	silver
1674	1674	0.2308356895345297	-0.0130534197765846	498016	HGDP01222.HO	Daur.HO	silver
1675	1675	0.2256527959916533	-0.0320479260429669	499504	HGDP01223.HO	Mongola.HO	silver
1676	1676	0.2290060045265814	-0.0454097727414077	500288	HGDP01225.HO	Mongola.HO	silver
1677	1677	0.2018855339470119	0.0214547160206261	499688	HGDP01226.HO	Ignore_Mongola.HO	silver
1678	1678	0.2206856313198172	-0.0378483016230822	500358	HGDP01227.HO	Mongola.HO	silver
1679	1679	0.2251848121610611	-0.0384588109432851	497806	HGDP01228.HO	Mongola.HO	silver
1680	1680	0.2036820789889818	0.0102068958915784	498638	HGDP01229.HO	Ignore_Mongola.HO	silver
1681	1681	0.2100593657912388	0.0208152420870321	499669	HGDP01230.HO	Ignore_Mongola.HO	silver
1682	1682	0.2321713219550035	-0.0358854581450572	498952	HGDP01231.HO	Mongola.HO	silver
1683	1683	0.2271394754881487	-0.0462363181861505	499143	HGDP01232.HO	Mongola.HO	silver
1684	1684	0.2392158213468524	-0.0229970245656391	500269	HGDP01233.HO	Hezhen.HO	silver
1685	1685	0.2337752944789925	0.0110274416500157	497908	HGDP01234.HO	Hezhen.HO	silver
1686	1686	0.2415418696592191	-0.0295298965017675	500351	HGDP01236.HO	Ignore_Hezhen.HO	silver
1687	1687	0.2420987949101209	0.0151267242630211	499968	HGDP01237.HO	Hezhen.HO	silver
1688	1688	0.2297158837137533	-0.0210876840609372	498773	HGDP01238.HO	Hezhen.HO	silver
1689	1689	0.2321338931303021	-0.0247630097105434	499764	HGDP01239.HO	Hezhen.HO	silver
1690	1690	0.2360582546776338	0.0158133328650098	499176	HGDP01240.HO	Hezhen.HO	silver
1691	1691	0.2372114098760072	-0.0273668111853145	500319	HGDP01241.HO	Hezhen.HO	silver
1692	1692	0.2382210150834689	-0.0063429603358031	499301	HGDP01242.HO	Hezhen.HO	silver
1693	1693	0.1743885821440639	-0.0224787222860451	499405	HGDP01243.HO	Ignore_Xibo.HO	silver
1694	1694	0.2302944649256364	-0.0325942436898787	498714	HGDP01244.HO	Xibo.HO	silver
1695	1695	0.2353216114093391	-0.0254557686756435	499888	HGDP01245.HO	Xibo.HO	silver
1696	1696	0.2352233208284522	-0.0291980393179355	499004	HGDP01246.HO	Xibo.HO	silver
1697	1697	0.2080725812077987	-0.0329412613867754	500306	HGDP01247.HO	Ignore_Xibo.HO	silver
1698	1698	0.2201511856441622	-0.0311417011701933	500017	HGDP01248.HO	Xibo.HO	silver
1699	1699	0.2308924317090038	-0.0324222445880159	500331	HGDP01249.HO	Xibo.HO	silver
1700	1700	0.2246446923669738	-0.0311225670962982	499698	HGDP01250.HO	Xibo.HO	silver
1701	1701	0.2338048255881537	-0.0353844790999213	498351	HGDP01251.HO	Xibo.HO	silver
1702	1702	-0.0440825752374256	-0.0297603572569231	498786	HGDP01253.HO	Mozabite.HO	silver
1703	1703	-0.0423806157082536	-0.0256521467688522	497025	HGDP01254.HO	Mozabite.HO	silver
1704	1704	-0.0472404442520618	-0.0226563755657729	498002	HGDP01255.HO	Mozabite.HO	silver
1705	1705	-0.0439421426239089	-0.0303190332624846	500120	HGDP01256.HO	Mozabite.HO	silver
1706	1706	-0.0412220976696157	-0.0333114482359561	500378	HGDP01257.HO	Mozabite.HO	silver
1707	1707	-0.0424932811501303	-0.0300236527223304	500251	HGDP01258.HO	Mozabite.HO	silver
1708	1708	-0.0363026265910546	-0.0312975369314819	499831	HGDP01259.HO	Mozabite.HO	silver
1709	1709	-0.0390478055760977	-0.0317394409852375	499452	HGDP01260.HO	Ignore_Mozabite.HO	silver
1710	1710	-0.0226872135032631	-0.0336409955874327	499681	HGDP01261.HO	Ignore_Mozabite.HO	silver
1711	1711	-0.0389110394481758	-0.0315643555081311	500065	HGDP01262.HO	Mozabite.HO	silver
1712	1712	-0.0472851066226181	-0.030448448509158	500134	HGDP01263.HO	Mozabite.HO	silver
1713	1713	-0.0438913209473839	-0.0301623916814445	500248	HGDP01264.HO	Mozabite.HO	silver
1714	1714	-0.0451596067150686	-0.0287596184527224	499646	HGDP01265.HO	Mozabite.HO	silver
1715	1715	-0.0441837117486999	-0.0332521060220832	499902	HGDP01268.HO	Mozabite.HO	silver
1716	1716	-0.0436059278412397	-0.0273698544790484	500101	HGDP01269.HO	Ignore_Mozabite.HO	silver
1717	1717	0.0123338186563743	-0.044947623642493	499577	HGDP01270.HO	Ignore_Mozabite.HO	silver
1718	1718	-0.0050733959432619	-0.0385517239540008	500088	HGDP01271.HO	Ignore_Mozabite.HO	silver
1719	1719	-0.0435494866266459	-0.0320519930433921	499959	HGDP01272.HO	Mozabite.HO	silver
1720	1720	-0.0421282106141803	-0.0310629527658163	499758	HGDP01273.HO	Ignore_Mozabite.HO	silver
1721	1721	-0.036233777935205	-0.0287097713694573	499502	HGDP01274.HO	Mozabite.HO	silver
1722	1722	-0.0452006115804142	-0.0308280761562444	499491	HGDP01275.HO	Mozabite.HO	silver
1723	1723	-0.0424320007403147	-0.0325123165660714	500321	HGDP01276.HO	Mozabite.HO	silver
1724	1724	-0.0411133695700967	-0.032445039757116	499952	HGDP01277.HO	Mozabite.HO	silver
1725	1725	-0.043698758766429	-0.0282842942693362	500068	HGDP01278.HO	Mozabite.HO	silver
1726	1726	-0.0409031123659444	-0.0325341395837555	499992	HGDP01279.HO	Mozabite.HO	silver
1727	1727	-0.0470408783014104	-0.0272205446931598	499632	HGDP01280.HO	Mozabite.HO	silver
1728	1728	-0.0465412054993346	-0.0303320576618944	500164	HGDP01282.HO	Mozabite.HO	silver
1729	1729	0.0294322203624791	-0.0467656692170294	499445	HGDP01283.HO	Mandenka.HO	silver
1730	1730	0.0332566561368689	-0.047387685218217	499327	HGDP01284.HO	Mandenka.HO	silver
1731	1731	0.0294978545042832	-0.0455398894106479	499783	HGDP01286.HO	Mandenka.HO	silver
1732	1732	0.2331009336496378	-0.062643832781749	499846	HGDP01287.HO	Han.HO	plum
1733	1733	0.233934153333962	-0.0614276065017643	499584	HGDP01288.HO	Han.HO	plum
1734	1734	0.2352862963198599	-0.0632760331721501	499755	HGDP01289.HO	Han.HO	plum
1735	1735	0.234181830274971	-0.0599168605435216	500340	HGDP01290.HO	Han.HO	plum
1736	1736	0.234458875962758	-0.0637711374334257	499474	HGDP01291.HO	Han.HO	plum
1737	1737	0.2382702195300698	-0.0598470534672284	500345	HGDP01292.HO	Han.HO	plum
1738	1738	0.2345704785575828	-0.0653822038279995	500133	HGDP01293.HO	Han.HO	plum
1739	1739	0.2354433094341727	-0.0686201124877829	499830	HGDP01294.HO	Han.HO	plum
1740	1740	0.2346042865114254	-0.0562505653449589	500012	HGDP01295.HO	Han.HO	plum
1741	1741	0.2323706004633196	-0.0643119464573916	498559	HGDP01296.HO	Han.HO	plum
1742	1742	0.0873497725127659	-0.0173397013549967	499137	HGDP01297.HO	Uyghur.HO	silver
1743	1743	0.0780859804619665	-0.0188027733602721	500215	HGDP01298.HO	Uyghur.HO	silver
1744	1744	0.0996141726116606	-0.0193964601796904	498301	HGDP01299.HO	Uyghur.HO	silver
1745	1745	0.0890945519965182	-0.0132920644255142	500353	HGDP01300.HO	Uyghur.HO	silver
1746	1746	0.0965664679403006	-0.0155560426790776	499993	HGDP01301.HO	Uyghur.HO	silver
1747	1747	0.1316440313936497	-0.0003551297716347	497123	HGDP01302.HO	Uyghur.HO	silver
1748	1748	0.0817833035729991	-0.0180092972293607	499255	HGDP01303.HO	Uyghur.HO	silver
1749	1749	0.1158975136870286	-0.019727090664043	499338	HGDP01304.HO	Uyghur.HO	silver
1750	1750	0.1141083395593509	-0.0124757844671296	498761	HGDP01305.HO	Uyghur.HO	silver
1751	1751	0.1036080209190737	-0.0158526556651622	498011	HGDP01306.HO	Uyghur.HO	silver
1752	1752	0.2328555668109236	-0.094589989638797	499655	HGDP01307.HO	Dai.HO	silver
1753	1753	0.2277384899115312	-0.0952886955770929	500172	HGDP01308.HO	Dai.HO	silver
1754	1754	0.2335050423337258	-0.099257792244784	499802	HGDP01309.HO	Dai.HO	silver
1755	1755	0.2310771019710166	-0.098368937295227	500205	HGDP01310.HO	Dai.HO	silver
1756	1756	0.2306433844171665	-0.0956588306384637	499881	HGDP01311.HO	Dai.HO	silver
1757	1757	0.2335955841987207	-0.0962208482044399	500215	HGDP01312.HO	Dai.HO	silver
1758	1758	0.2313833110299674	-0.0953729313753119	498919	HGDP01313.HO	Dai.HO	silver
1759	1759	0.2359641183592256	-0.0938592120635245	499940	HGDP01314.HO	Dai.HO	silver
1760	1760	0.2322848547636925	-0.095215315899955	499854	HGDP01315.HO	Dai.HO	silver
1761	1761	0.2317796082591381	-0.0988823714353024	498293	HGDP01316.HO	Dai.HO	silver
1762	1762	0.2346180237148288	-0.0862341096334625	500169	HGDP01317.HO	China_Lahu.HO	silver
1763	1763	0.2298746780217843	-0.0898113099793525	499956	HGDP01318.HO	China_Lahu.HO	silver
1764	1764	0.2254864610057173	-0.0850586738962067	499493	HGDP01319.HO	China_Lahu.HO	silver
1765	1765	0.2319026619829296	-0.0894654121494135	500176	HGDP01320.HO	China_Lahu.HO	silver
1766	1766	0.2306511959912317	-0.0847353498596975	500019	HGDP01321.HO	China_Lahu.HO	silver
1767	1767	0.2283053903086054	-0.0901872586829356	498787	HGDP01322.HO	China_Lahu.HO	silver
1768	1768	0.2300277349182561	-0.0848216828653483	500288	HGDP01323.HO	China_Lahu.HO	silver
1769	1769	0.2318213758231308	-0.0826172874423513	500310	HGDP01326.HO	China_Lahu.HO	silver
1770	1770	0.2407240119836517	-0.0895830245316387	499247	HGDP01327.HO	She.HO	silver
1771	1771	0.2433781664387306	-0.0823182647578907	500071	HGDP01328.HO	She.HO	silver
1772	1772	0.2417196603653226	-0.0797930915734273	500434	HGDP01329.HO	She.HO	silver
1773	1773	0.2448106428423032	-0.0859079296701681	500299	HGDP01330.HO	She.HO	silver
1774	1774	0.2431772085796026	-0.0866029878986198	499633	HGDP01331.HO	She.HO	silver
1775	1775	0.2440510126346837	-0.0843869619419618	499887	HGDP01332.HO	She.HO	silver
1776	1776	0.2402380157495367	-0.081768566808376	499604	HGDP01333.HO	She.HO	silver
1777	1777	0.2396424523872215	-0.0826118707962981	499808	HGDP01334.HO	She.HO	silver
1778	1778	0.2397596594879542	-0.0839089359810132	499835	HGDP01335.HO	She.HO	silver
1779	1779	0.240271822904088	-0.0805005396556756	499687	HGDP01336.HO	She.HO	silver
1780	1780	0.2343089258918365	-0.063975744976716	497706	HGDP01337.HO	Naxi.HO	silver
1781	1781	0.2359218055855802	-0.0642826985628775	499783	HGDP01338.HO	Naxi.HO	silver
1782	1782	0.2343136584811903	-0.0686867167952812	500399	HGDP01339.HO	Naxi.HO	silver
1783	1783	0.2316728711096981	-0.0620526272655727	500351	HGDP01340.HO	Naxi.HO	silver
1784	1784	0.2315847739130022	-0.0592744762951491	499852	HGDP01341.HO	Naxi.HO	silver
1785	1785	0.2358326842217742	-0.0633717045645391	500340	HGDP01342.HO	Naxi.HO	silver
1786	1786	0.2346632069441412	-0.0655528893474219	497636	HGDP01344.HO	Naxi.HO	silver
1787	1787	0.2335088572995456	-0.0635922938703022	497494	HGDP01345.HO	Naxi.HO	silver
1788	1788	0.2317354809703291	-0.0625947039505222	500160	HGDP01346.HO	Naxi.HO	silver
1789	1789	0.2213732983953728	-0.0517359537065233	500093	HGDP01347.HO	Tu.HO	silver
1790	1790	0.2136457973673486	-0.0513164318326211	499412	HGDP01348.HO	Tu.HO	silver
1791	1791	0.2251374309587375	-0.0492389243248863	498413	HGDP01349.HO	Tu.HO	silver
1792	1792	0.210704724839281	-0.0429048504371314	499716	HGDP01350.HO	Tu.HO	silver
1793	1793	0.2190699221628512	-0.0502061010293062	499977	HGDP01351.HO	Tu.HO	silver
1794	1794	0.2218687336101163	-0.0535475088976681	499548	HGDP01352.HO	Tu.HO	silver
1795	1795	0.2110909359320797	-0.0473451322729596	499616	HGDP01353.HO	Tu.HO	silver
1796	1796	0.2218121018935766	-0.0553558960627827	500000	HGDP01354.HO	Tu.HO	silver
1797	1797	0.2244789447646432	-0.0531147926545502	500100	HGDP01355.HO	Tu.HO	silver
1798	1798	0.2162720649192666	-0.0490762054453221	500269	HGDP01356.HO	Tu.HO	silver
1799	1799	-0.0722040866892965	-0.0081810978921723	500401	HGDP01357.HO	Basque.HO	silver
1800	1800	-0.0688938887852699	-0.0033148833723123	499249	HGDP01358.HO	Basque.HO	silver
1801	1801	-0.0686325398160296	-0.0041018838109959	495990	HGDP01359.HO	Basque.HO	silver
1802	1802	-0.0686455902593295	0.0020709768382592	499261	HGDP01360.HO	Basque.HO	silver
1803	1803	-0.0711782271060875	-0.004546032809786	500336	HGDP01362.HO	Basque.HO	silver
1804	1804	-0.0713191177011546	-0.0052268513966191	499178	HGDP01363.HO	Basque.HO	silver
1805	1805	-0.071274577655326	-0.0064807362188201	498803	HGDP01364.HO	Basque.HO	silver
1806	1806	-0.0698615111461927	-0.0063394296291155	498987	HGDP01365.HO	Basque.HO	silver
1807	1807	-0.0702081371739454	-0.0054472015734234	499276	HGDP01366.HO	Basque.HO	silver
1808	1808	-0.0692219562455872	-0.0040287674575138	500028	HGDP01367.HO	Basque.HO	silver
1809	1809	-0.0703223696994327	-0.0092417847264964	500030	HGDP01368.HO	Basque.HO	silver
1810	1810	-0.0680605660394099	-0.0019313723022325	493446	HGDP01369.HO	Ignore_Basque.HO	silver
1811	1811	-0.070430191602296	-0.00403563158793	498776	HGDP01370.HO	Basque.HO	silver
1812	1812	-0.0617934779178572	-0.0050257495443579	496632	HGDP01371.HO	Basque.HO	silver
1813	1813	-0.0700458972660831	-0.0076155352882512	498421	HGDP01372.HO	Ignore_Basque.HO	silver
1814	1814	-0.0670263019385684	-0.0044803248615334	495423	HGDP01373.HO	Basque.HO	silver
1815	1815	-0.0670578568163723	-0.0027954419866059	499579	HGDP01374.HO	Basque.HO	silver
1816	1816	-0.0708431407396155	-0.0042272933202554	499852	HGDP01375.HO	Basque.HO	silver
1817	1817	-0.0715608023391119	-0.0058986581945473	497646	HGDP01377.HO	Basque.HO	silver
1818	1818	-0.073543296208086	-0.0060532859168553	499921	HGDP01378.HO	Basque.HO	silver
1819	1819	-0.0693022488620279	-0.0013514801667565	494936	HGDP01379.HO	Basque.HO	silver
1820	1820	-0.0710528778819985	-0.0040873191147918	499472	HGDP01380.HO	Basque.HO	silver
1821	1821	-0.033017405288392	-0.0153742375195753	499561	HGDP01381.HO	Adygei.HO	silver
1822	1822	-0.050772099312874	-0.0206637615290704	500376	HGDP01382.HO	Adygei.HO	silver
1823	1823	-0.0477288013535438	-0.0228073139794343	500046	HGDP01383.HO	Adygei.HO	silver
1824	1824	-0.0216293844084045	-0.0147461461127798	499127	HGDP01384.HO	Ignore_Adygei.HO	silver
1825	1825	-0.0395692549804553	-0.0212283444944437	500204	HGDP01385.HO	Adygei.HO	silver
1826	1826	-0.0444744698464027	-0.0255562381471941	499822	HGDP01386.HO	Adygei.HO	silver
1827	1827	-0.0478915754575396	-0.019228493046983	499623	HGDP01387.HO	Adygei.HO	silver
1828	1828	-0.0274279961778084	-0.0032803063774302	500382	HGDP01388.HO	Ignore_Adygei.HO	silver
1829	1829	-0.0330164821846771	-0.0133774334191085	497793	HGDP01396.HO	Adygei.HO	silver
1830	1830	-0.0351511495758505	-0.0132591321407939	499523	HGDP01397.HO	Adygei.HO	silver
1831	1831	-0.0475329765971247	-0.0284318277060413	500335	HGDP01398.HO	Adygei.HO	silver
1832	1832	-0.0467358601157578	-0.0225690805570168	499591	HGDP01399.HO	Adygei.HO	silver
1833	1833	-0.0430147949636053	-0.0165983647272799	499817	HGDP01400.HO	Adygei.HO	silver
1834	1834	-0.0425757079196828	-0.0229609167791681	500315	HGDP01401.HO	Adygei.HO	silver
1835	1835	-0.0435992154979735	-0.0209966616088395	499824	HGDP01402.HO	Adygei.HO	silver
1836	1836	-0.0503371446593171	-0.0210205841755379	494618	HGDP01403.HO	Adygei.HO	silver
1837	1837	-0.029808594897539	-0.0184661394129075	500234	HGDP01404.HO	Adygei.HO	silver
1838	1838	0.0341692955023939	-0.0453530450759107	498077	HGDP01405.HO	BantuKenya.HO	silver
1839	1839	0.0291843661923538	-0.0445984122871211	495666	HGDP01408.HO	BantuKenya.HO	silver
1840	1840	0.0295797190683535	-0.0444272845465549	494233	HGDP01411.HO	Ignore_BantuKenya.HO	silver
1841	1841	0.0346959075450619	-0.0436681750035402	497989	HGDP01414.HO	BantuKenya.HO	silver
1842	1842	0.0278882885578786	-0.0460926556762285	498633	HGDP01415.HO	Ignore_BantuKenya.HO	silver
1843	1843	0.022057712773706	-0.0473414143889656	499005	HGDP01416.HO	Ignore_BantuKenya.HO	silver
1844	1844	0.0323052489164952	-0.0473916781336726	498135	HGDP01417.HO	BantuKenya.HO	silver
1845	1845	0.034058508490086	-0.0460547077935566	494820	HGDP01418.HO	BantuKenya.HO	silver
1846	1846	0.0324926104189195	-0.049406048573449	496699	HGDP01419.HO	BantuKenya.HO	silver
1847	1847	0.0383585116748433	-0.0409410506097729	500692	Chimp_HO.HO	Primate_Chimp.HO	silver
1848	1848	0.0380727455603656	-0.0366330442855977	457368	Vindija_light.HO	Vindija_light.HO	silver
1849	1849	0.0375203986836632	-0.0394354599833153	419920	Macaque.HO	Macaque.HO	silver
1850	1850	0.0364746411303713	-0.0378040723067529	380987	Marmoset.HO	Marmoset.HO	silver
1851	1851	0.1872794018694391	0.0556169769870024	499883	ADR00090.HO	Eskimo_Naukan.HO	silver
1852	1852	0.1926641570935972	0.0574966120277125	499926	ADR00092.HO	Eskimo_Naukan.HO	silver
1853	1853	0.1940641345547448	0.057803435861306	499475	ADR00089.HO	Eskimo_Naukan.HO	silver
1854	1854	0.1939495389410566	0.0510559059835502	499943	ADR00093.HO	Eskimo_Naukan.HO	silver
1855	1855	0.1953361927607209	0.0584149618217405	499799	ADR00098.HO	Eskimo_Naukan.HO	silver
1856	1856	0.1981514753252043	0.0618399885508426	499762	ADR00064.HO	Chukchi.HO	silver
1857	1857	0.2213607421310824	0.1292849911265637	499948	ADR00514.HO	Nganasan.HO	maroon
1858	1858	0.2081771952604386	0.0661319958691938	499316	ADR00074.HO	Chukchi.HO	silver
1859	1859	0.2287469888436835	0.140585893642183	499083	ADR00513.HO	Nganasan.HO	maroon
1860	1860	0.2017313752403727	0.0633424322655864	498901	ADR00066.HO	Chukchi.HO	silver
1861	1861	0.1962059489031788	0.054687594791313	499004	ADR00102.HO	Eskimo_Naukan.HO	silver
1862	1862	0.2030370159150343	0.0661217643372701	498515	ADR00065.HO	Chukchi.HO	silver
1863	1863	0.1976624089850163	0.0639414628433507	499538	ADR00079.HO	Chukchi.HO	silver
1864	1864	0.224553085147494	0.1310003539631686	497325	ADR00509.HO	Nganasan.HO	maroon
1865	1865	0.2030630621552783	0.0625523529466191	499527	ADR00061.HO	Chukchi.HO	silver
1866	1866	0.1917805392998142	0.0558265515414708	498827	ADR00096.HO	Eskimo_Naukan.HO	silver
1867	1867	0.1969194898602218	0.0631731225544514	498694	ADR00068.HO	Chukchi.HO	silver
1868	1868	0.2087139519451966	0.0702682993332535	499929	ADR00060.HO	Chukchi.HO	silver
1869	1869	0.2007683768855387	0.0592172394999378	499046	ADR00059.HO	Chukchi.HO	silver
1870	1870	0.225287852564743	0.1359398893369268	499687	ADR00512.HO	Nganasan.HO	maroon
1871	1871	0.1975049307178706	0.0609548273950085	499831	ADR00057.HO	Chukchi.HO	silver
1872	1872	0.2246362264633609	0.1382160940439762	499277	ADR00504.HO	Nganasan.HO	maroon
1873	1873	0.2262903931342419	0.1347781531929811	497682	ADR00507.HO	Nganasan.HO	maroon
1874	1874	0.2248509619399781	0.1396357584712606	499793	ADR00511.HO	Nganasan.HO	maroon
1875	1875	0.2287500357599633	0.1332242334426966	500018	ADR00510.HO	Nganasan.HO	maroon
1876	1876	0.2214961020039469	0.1354170326844331	499935	ADR00508.HO	Nganasan.HO	maroon
1877	1877	0.2276098688352928	0.1416047021234478	499473	ADR00515.HO	Nganasan.HO	maroon
1878	1878	-0.0006267305433992	-0.0439906632967193	496381	Ayodo_21S.HO	Somali.HO	silver
1879	1879	0.0205999987600661	-0.0475805966145449	500211	Ayodo_47K.HO	Kikuyu.HO	silver
1880	1880	0.170654640368707	0.0276654315742318	499158	mixe0029.HO	Mixe.HO	silver
1881	1881	-0.0012086379663046	-0.0441507418536346	499572	Ayodo_23S.HO	Somali.HO	silver
1882	1882	0.0200588098812828	-0.0447924637470327	498956	Ayodo_67K.HO	Kikuyu.HO	silver
1883	1883	0.1668991115927592	0.0290620940272929	499396	mixe0030.HO	Mixe.HO	silver
1884	1884	0.000652101876568	-0.0434395572735503	497671	Ayodo_69S.HO	Somali.HO	silver
1885	1885	0.1170076077419287	-0.0461143694918658	495049	IHW9118(BUR,E).HO	Australian.HO	silver
1886	1886	-0.0045842164483617	-0.0438870951260383	499713	Ayodo_90S.HO	Somali.HO	silver
1887	1887	0.022857466582326	-0.0195392681738439	498488	IHW9124(IHL,AD036).HO	Ignore_Australian.HO	silver
1888	1888	0.1706453316390747	0.0333212182780548	499853	mixe0015.HO	Mixe.HO	silver
1889	1889	0.0176254519340982	-0.0437614913287932	499441	Ayodo_61K.HO	Kikuyu.HO	silver
1890	1890	0.0170819920986281	-0.0463839427486491	494132	Ayodo_83K.HO	Kikuyu.HO	silver
1891	1891	0.0174000614925528	-0.0443912355242217	499224	Ayodo_103M.HO	Masai.HO	silver
1892	1892	0.0152181053169733	-0.0492645629923763	499490	Ayodo_101M.HO	Masai.HO	silver
1893	1893	0.1649494819010988	0.0267594038155198	500182	mixe0035.HO	Mixe.HO	silver
1894	1894	0.0318327436586568	-0.045999842320761	489635	Bar08.HO	Hadza1.HO	silver
1895	1895	0.1665500761127622	0.0308745387582323	499828	mixe0018.HO	Mixe.HO	silver
1896	1896	0.0280481737007091	-0.0455639324993028	489694	Bar10.HO	Hadza1.HO	silver
1897	1897	0.0151405401781094	-0.0410518126828079	498637	AD_066.HO	AfricanAmericans.HO	silver
1898	1898	0.1679969981908114	0.0298035236644334	498788	mixe0026.HO	Mixe.HO	silver
1899	1899	0.023006756670517	-0.0429887068970311	498400	AD_064.HO	AfricanAmericans.HO	silver
1900	1900	0.0233827223128373	-0.0383454130321222	499903	AD_505.HO	AfricanAmericans.HO	silver
1901	1901	0.1653539198702301	0.029733805062687	499803	mixe0027.HO	Mixe.HO	silver
1902	1902	0.0307550694531587	-0.0447042029346264	486791	Bar13.HO	Hadza1.HO	silver
1903	1903	0.0161944706323379	-0.0401201446290684	498307	AD_523.HO	AfricanAmericans.HO	silver
1904	1904	0.0291281948524401	-0.0373407258138204	499036	AD_500.HO	AfricanAmericans.HO	silver
1905	1905	0.1649366303443593	0.0318375207846014	499317	mixe0028.HO	Mixe.HO	silver
1906	1906	0.0287311798625024	-0.0487461022000565	495058	End08.HO	Hadza1.HO	silver
1907	1907	0.0216977640596521	-0.0396197085227568	499658	AD_510.HO	AfricanAmericans.HO	silver
1908	1908	0.0213133405886379	-0.0425017473242044	498470	AD_015.HO	AfricanAmericans.HO	silver
1909	1909	0.1693033592399581	0.0275917565661865	499264	mixe0007.HO	Mixe.HO	silver
1910	1910	0.0302958009139704	-0.04742804930272	490625	Bar04.HO	Hadza1_outlier.HO	silver
1911	1911	0.0209431105242234	-0.039055633869848	499880	AD_061.HO	AfricanAmericans.HO	silver
1912	1912	0.1659992637989322	0.0350730802862402	499017	mixe0009.HO	Mixe.HO	silver
1913	1913	0.0169852358519516	-0.0407209610667483	498958	AD_076.HO	AfricanAmericans.HO	silver
1914	1914	-0.0139138549425857	-0.0239561303880844	499170	AD_512.HO	AfricanAmericans.HO	silver
1915	1915	0.0275390463149323	-0.0418322731940855	498955	AD_006.HO	AfricanAmericans.HO	silver
1916	1916	0.0238152723067216	-0.0403510888579533	499536	AD_511.HO	AfricanAmericans.HO	silver
1917	1917	0.0060164111157873	0.0379274317995995	496325	SD60_297.HO	Saami.WGA.HO	silver
1918	1918	-0.0119723391217191	-0.0426056281626959	498492	EAF4646.HO	Afar.WGA.HO	silver
1919	1919	-0.0099698776207462	-0.0411423034946803	499127	EAF4648.HO	Afar.WGA.HO	silver
1920	1920	-0.012001868047969	-0.0404593220405061	499083	EAF4644.HO	Afar.WGA.HO	silver
1921	1921	-0.008520690149077	-0.0421915188116396	499125	EAF4683.HO	Afar.WGA.HO	silver
1922	1922	-0.0138369230940784	-0.0405490180626048	497829	EAF4700.HO	Afar.WGA.HO	silver
1923	1923	-0.0390052940774082	-0.029176731096493	496675	BBR030.HO	Berber.WGA.HO	silver
1924	1924	-0.041357832959646	-0.0340608542462265	494359	BBR031.HO	Berber.WGA.HO	silver
1925	1925	-0.038784798379981	-0.0318392362994568	497343	BBR032.HO	Berber.WGA.HO	silver
1926	1926	-0.0418489200177407	-0.0321408415053363	494729	BBR033.HO	Berber.WGA.HO	silver
1927	1927	-0.0528376121050559	-0.0287427410490546	493587	ARM012.HO	Armenian.WGA.HO	silver
1928	1928	-0.0549944674966263	-0.0286212224779541	493567	ARM013.HO	Armenian.WGA.HO	silver
1929	1929	-0.0616443847139012	-0.0326062114204755	495675	ARM014.HO	Armenian.WGA.HO	silver
1930	1930	-0.0161628239075264	-0.0414004229705603	489371	ALG_LN_200.HO	Ain_Touta.WGA.HO	silver
1931	1931	-0.0484162297799355	-0.0308188642727925	494882	ALG_LN_203.HO	Ain_Touta.WGA.HO	silver
1932	1932	-0.0457393318080689	-0.0294848453890964	493886	ALG_LN_204.HO	Ain_Touta.WGA.HO	silver
1933	1933	-0.0450701704853238	-0.0314723305934439	494735	Baku01.HO	Azeri.WGA.HO	silver
1934	1934	-0.0458746380113918	-0.0280440619630748	494317	Baku02.HO	Azeri.WGA.HO	silver
1935	1935	-0.0427137469486872	-0.0254716576986458	489296	Baku03.HO	Azeri.WGA.HO	silver
1936	1936	-0.0421295062886965	-0.0304688295522435	489616	KHN_065.HO	Shaigi.WGA.HO	silver
1937	1937	-0.0487754490472173	-0.0309916057285479	497662	KHN_069.HO	Shaigi.WGA.HO	silver
1938	1938	-0.0480725780502493	-0.0275090615717667	496202	KHN_074.HO	Shaigi.WGA.HO	silver
1939	1939	-0.0449479268548993	-0.0298777040450916	496791	KRD_010.HO	Kurd.WGA.HO	silver
1940	1940	-0.0439515317230856	-0.0304761105888097	497834	KRD_011.HO	Kurd.WGA.HO	silver
1941	1941	-0.0272425472781775	-0.027156806540559	494595	Tash02.HO	Uzbek_outlier.WGA.HO	silver
1942	1942	-0.0562345867711497	-0.0301297167713449	495855	GEO013.HO	Georgian.WGA.HO	silver
1943	1943	-0.0519854895484065	-0.0328294206949697	489120	GEO014.HO	Georgian.WGA.HO	silver
1944	1944	-0.0570118476172159	-0.0279538124689409	495080	ASR_001.HO	Assyrian.WGA.HO	silver
1945	1945	-0.0564289996913961	-0.034204845595806	497041	ASR_002.HO	Assyrian.WGA.HO	silver
1946	1946	-0.0558010566516356	-0.0347630402488525	495289	ASR_003.HO	Assyrian.WGA.HO	silver
1947	1947	-0.0562380126960075	-0.0337779180322816	490038	ASR_004.HO	Assyrian.WGA_outlier.HO	silver
1948	1948	-0.0549370489565642	-0.0277677610357544	493740	ASR_005.HO	Assyrian.WGA.HO	silver
1949	1949	-0.0649774507634557	-0.0207971741310182	497125	TLA010.HO	Greek.WGA.HO	violet
1950	1950	-0.0592175586316952	-0.0166840494335626	498604	TLA011.HO	Greek_outlier.WGA.HO	violet
1951	1951	-0.0667529067034523	-0.0197498924627799	493896	TLA012.HO	Greek.WGA.HO	violet
1952	1952	-0.0592173993873668	-0.0313986522220549	496949	TLA013.HO	Greek_outlier.WGA.HO	violet
1953	1953	-0.0600911203676642	-0.0157710862937851	489308	TLA015.HO	Greek.WGA.HO	violet
1954	1954	-0.0599242604526423	-0.0189690048333969	494349	TLA017.HO	Greek.WGA.HO	violet
1955	1955	-0.0642718956770437	-0.0193456296454271	493403	TLA018.HO	Greek.WGA.HO	violet
1956	1956	-0.0652117331554787	-0.0155722160529638	496308	TLA019.HO	Greek.WGA.HO	violet
1957	1957	-0.0639302003141407	-0.0164551996113972	496832	TLA020.HO	Greek.WGA.HO	violet
1958	1958	-0.059153717141713	-0.0185352371593888	496550	TLA021.HO	Greek.WGA.HO	violet
1959	1959	-0.0636883486983816	-0.0227357110240792	495678	TLA022.HO	Greek.WGA.HO	violet
1960	1960	-0.0613878860887967	-0.0146471086524961	493803	TLA023.HO	Greek.WGA.HO	violet
1961	1961	-0.0639186007585988	-0.0212027259691747	493839	TLA024.HO	Greek.WGA.HO	violet
1962	1962	-0.0607662717446514	-0.0149972968049758	495152	TLA025.HO	Greek.WGA.HO	violet
1963	1963	-0.0597181208808625	-0.0214590158321413	495238	TLA026.HO	Greek.WGA.HO	violet
1964	1964	-0.0646372180244903	-0.0156958146471853	492992	TLA027.HO	Greek.WGA.HO	violet
1965	1965	-0.0625796758602259	-0.0182796185939418	496329	TLA028.HO	Greek.WGA.HO	violet
1966	1966	-0.0605937485459577	-0.0149251986376655	496550	TLA029.HO	Greek.WGA.HO	violet
1967	1967	0.0312363242002094	-0.0458705360916273	494703	NA18500.HO	Ignore_YRI_relative.HO	silver
1968	1968	0.0326365065288519	-0.0473173804480738	498796	NA18501.HO	YRI.HO	silver
1969	1969	0.0321573048979131	-0.0447336555048881	487127	NA18503.HO	Ignore_YRI_relative.HO	silver
1970	1970	0.0344427221421634	-0.0446082398638009	497867	NA18504.HO	YRI.HO	silver
1971	1971	0.0305286941279437	-0.0467279907549352	497853	NA18505.HO	YRI.HO	silver
1972	1972	0.0328744679862	-0.0496328840684857	499172	NA18506.HO	Ignore_YRI_relative.HO	silver
1973	1973	0.0328323818776873	-0.050368693857266	498479	NA18507.HO	YRI.HO	silver
1974	1974	0.0334681267150294	-0.0499767917416862	499277	NA18508.HO	YRI.HO	silver
1975	1975	0.0310802484229033	-0.047882476027904	497676	NA18515.HO	Ignore_YRI_relative.HO	silver
1976	1976	0.031673857518052	-0.0480318137109782	497023	NA18516.HO	YRI.HO	silver
1977	1977	0.03210176085693	-0.0499429403875387	497655	NA18517.HO	YRI.HO	silver
1978	1978	0.0323040722304242	-0.0467760441739079	498697	NA18521.HO	Ignore_YRI_relative.HO	silver
1979	1979	0.0299381937464672	-0.0472963513919133	498401	NA18522.HO	YRI.HO	silver
1980	1980	0.0311221844547765	-0.0477022699324099	493340	NA18523.HO	YRI_o.HO	silver
1981	1981	0.0315545056306128	-0.0452374584939801	498291	NA18852.HO	YRI.HO	silver
1982	1982	0.0330398323540818	-0.0472942460375198	497595	NA18853.HO	YRI_o.HO	silver
1983	1983	0.0324966630223233	-0.0454700861233485	499048	NA18854.HO	Ignore_YRI_relative.HO	silver
1984	1984	0.0315079213565334	-0.0478784100426481	496227	NA18855.HO	YRI.HO	silver
1985	1985	0.0330404080376738	-0.046647032952477	498171	NA18856.HO	YRI.HO	silver
1986	1986	0.0326254596662137	-0.0480796536124732	496218	NA18857.HO	Ignore_YRI_relative.HO	silver
1987	1987	0.032904044810599	-0.047029088980118	497687	NA18858.HO	YRI.HO	silver
1988	1988	0.0347056917503655	-0.0474890866736131	499707	NA18859.HO	YRI.HO	silver
1989	1989	0.0357793056006253	-0.0474895500608289	496641	NA18860.HO	Ignore_YRI_relative.HO	silver
1990	1990	0.03558850645777	-0.0482009718163606	496975	NA18861.HO	YRI.HO	silver
1991	1991	0.0352952032420615	-0.0495939724200712	497471	NA18862.HO	YRI.HO	silver
1992	1992	0.0371895594400215	-0.0487667231931699	496106	NA18863.HO	Ignore_YRI_relative.HO	silver
1993	1993	0.0310111532103529	-0.0476269661392726	499266	NA18870.HO	YRI.HO	silver
1994	1994	0.0333845933667758	-0.0459445188419316	499790	NA18871.HO	YRI.HO	silver
1995	1995	0.0302785895518033	-0.0473405214851108	494083	NA18872.HO	Ignore_YRI_relative.HO	silver
1996	1996	0.0339272185472565	-0.0477233842669682	494948	NA18912.HO	YRI_o.HO	silver
1997	1997	0.0326431003216347	-0.046285273752631	499704	NA18913.HO	Ignore_YRI_relative.HO	silver
1998	1998	0.0338218262958947	-0.047665363914299	497833	NA18914.HO	Ignore_YRI_relative.HO	silver
1999	1999	0.035109256920039	-0.0444261754936551	495767	NA19092.HO	YRI_o.HO	silver
2000	2000	0.0350516561793124	-0.0477850954591179	497686	NA19093.HO	YRI.HO	silver
2001	2001	0.0357623064448976	-0.0470825458814622	498862	NA19094.HO	Ignore_YRI_relative.HO	silver
2002	2002	0.0350605325125831	-0.0470371861390301	498082	NA19098.HO	YRI.HO	silver
2003	2003	0.0332205318570673	-0.0450055395858984	498112	NA19099.HO	YRI.HO	silver
2004	2004	0.0360172612448224	-0.0472165404003946	499361	NA19100.HO	Ignore_YRI_relative.HO	silver
2005	2005	0.0336301213449632	-0.0468618301130178	497169	NA19101.HO	YRI.HO	silver
2006	2006	0.0317840803097084	-0.0451799228470165	498649	NA19102.HO	YRI.HO	silver
2007	2007	0.0318557776484283	-0.0445139204012697	497534	NA19103.HO	Ignore_YRI_relative.HO	silver
2008	2008	0.0318615462520827	-0.0467815763296031	498563	NA19116.HO	YRI.HO	silver
2009	2009	0.0330024658924531	-0.0487248665226302	499564	NA19119.HO	YRI.HO	silver
2010	2010	0.0349312661760786	-0.0495448977910879	493229	NA19120.HO	Ignore_YRI_relative.HO	silver
2011	2011	0.034891597273067	-0.0502664972928656	498241	NA19127.HO	YRI.HO	silver
2012	2012	0.0318131912828479	-0.0495425980666219	499819	NA19128.HO	YRI.HO	silver
2013	2013	0.0331265789089821	-0.0481237175298416	498787	NA19129.HO	YRI_relative.HO	silver
2014	2014	0.0342583706917808	-0.0463102366500943	499510	NA19130.HO	YRI.HO	silver
2015	2015	0.0314699878593945	-0.0493915637183468	499109	NA19131.HO	YRI.HO	silver
2016	2016	0.0334581931046672	-0.0475448685672686	497030	NA19132.HO	Ignore_YRI_relative.HO	silver
2017	2017	0.0306761464630526	-0.0484873800803865	498933	NA19137.HO	YRI.HO	silver
2018	2018	0.0294695700277543	-0.0500834276614494	498783	NA19138.HO	YRI.HO	silver
2019	2019	0.0312669610792679	-0.0504669508655776	496622	NA19139.HO	Ignore_YRI_relative.HO	silver
2020	2020	0.0319316146430446	-0.0464430705367289	496985	NA19140.HO	Ignore_YRI.HO	silver
2021	2021	0.0331090811062541	-0.0498016737058588	498326	NA19141.HO	YRI.HO	silver
2022	2022	0.0324961941759235	-0.0479168076057203	497760	NA19142.HO	Ignore_YRI_relative.HO	silver
2023	2023	0.0305326596916454	-0.047373947564552	498931	NA19143.HO	YRI.HO	silver
2024	2024	0.0339903278827086	-0.0467196733803211	499010	NA19144.HO	YRI.HO	silver
2025	2025	0.0339196519375816	-0.0486355402205323	497562	NA19154.HO	Ignore_YRI_relative.HO	silver
2026	2026	0.034716245140971	-0.0513140712529205	499653	NA19159.HO	YRI.HO	silver
2027	2027	0.0310348528414831	-0.0461980526054008	497056	NA19160.HO	YRI.HO	silver
2028	2028	0.0354062655868741	-0.045085916765913	498372	NA19161.HO	Ignore_YRI_relative.HO	silver
2029	2029	0.0326648291863683	-0.0452484129814135	497527	NA19171.HO	YRI.HO	silver
2030	2030	0.032066943579108	-0.0462935924789725	491119	NA19172.HO	YRI_o.HO	silver
2031	2031	0.0335339694048669	-0.0441664801691395	499285	NA19173.HO	Ignore_YRI_relative.HO	silver
2032	2032	0.0336649230248688	-0.0457221862657894	497691	NA19192.HO	Ignore_YRI.HO	silver
2033	2033	0.0327257935137266	-0.0484853148671783	497661	NA19193.HO	YRI.HO	silver
2034	2034	0.0327068934398352	-0.0461640984861811	498191	NA19194.HO	Ignore_YRI_relative.HO	silver
2035	2035	0.0329674031446113	-0.0496150831086031	496366	NA19200.HO	YRI_o.HO	silver
2036	2036	0.0319172189628959	-0.0475322359659231	496347	NA19201.HO	YRI.HO	silver
2037	2037	0.0328165931513475	-0.0496828308207875	498093	NA19202.HO	Ignore_YRI_relative.HO	silver
2038	2038	0.0342402756403946	-0.0492063658977206	497595	NA19203.HO	YRI.HO	silver
2039	2039	0.0321515291064944	-0.0463821830511232	498094	NA19204.HO	YRI.HO	silver
2040	2040	0.0316853991047548	-0.0451912385083872	499160	NA19206.HO	YRI.HO	silver
2041	2041	0.0371030233806513	-0.0455341151479164	496303	NA19207.HO	YRI.HO	silver
2042	2042	0.0352426699613665	-0.0452682366074967	497784	NA19208.HO	Ignore_YRI_relative.HO	silver
2043	2043	0.0327922422918671	-0.0469666070964165	498333	NA19209.HO	YRI.HO	silver
2044	2044	0.0313608861698901	-0.0474967941520152	499909	NA19210.HO	YRI.HO	silver
2045	2045	0.0328726819108907	-0.0459512420517884	498070	NA19211.HO	Ignore_YRI_relative.HO	silver
2046	2046	0.0337605945691875	-0.0501564164527188	497535	NA19221.HO	Ignore_YRI_relative.HO	silver
2047	2047	0.0344143702637424	-0.0470267964459464	499810	NA19222.HO	YRI.HO	silver
2048	2048	0.0348481692295237	-0.0491632565662856	498870	NA19223.HO	YRI.HO	silver
2049	2049	0.0344432623752225	-0.0467463579102763	500148	NA19238.HO	YRI.HO	silver
2050	2050	0.0330100649823007	-0.0456130434401636	499418	NA19239.HO	YRI.HO	silver
2051	2051	0.0351610524163533	-0.0467698858282532	491497	NA19240.HO	YRI_o.HO	silver
2052	2052	-0.0595869342995575	-0.0067588692672961	484253	BulgarianD6.HO	Bulgarian.HO	silver
2053	2053	-0.0601214565144584	-0.0066872120155063	499560	BulgarianA4.HO	Bulgarian.HO	silver
2054	2054	-0.061701452978306	-0.0008300664460282	500208	hungary3.HO	Hungarian.HO	magenta
2055	2055	-0.0606835821424843	0.0166426741260515	500347	LithuanianF1.HO	Lithuanian.HO	silver
2056	2056	-0.0407185083685446	-0.0256816149928834	499672	iran19.HO	Iranian.HO	fuchsia
2057	2057	-0.034780642067786	-0.0287450663919805	500191	iran14.HO	Iranian.HO	fuchsia
2058	2058	-0.0434038848779964	-0.033831787824912	499829	syria464.HO	Syrian.HO	silver
2059	2059	-0.0516266199114011	-0.034079427182057	499733	Lebanon5.HO	Lebanese.HO	silver
2060	2060	-0.0126158118469421	-0.0382294959773563	499914	SaudiA2.HO	Ignore_Saudi.HO	silver
2061	2061	-0.0504099463784055	-0.0299775630820376	498744	Jordan543.HO	Jordanian.HO	silver
2062	2062	-0.0632110174094455	-0.0088730498955685	499903	BulgarianE2.HO	Bulgarian.HO	silver
2063	2063	-0.0575198695849977	-0.0084610096624837	496549	BulgarianB4.HO	Bulgarian.HO	silver
2064	2064	-0.0620450713467897	-0.0031056041139781	500055	hungary6.HO	Hungarian.HO	magenta
2065	2065	-0.0613059749737841	0.0130958647292069	498303	lithuania3.HO	Lithuanian.HO	silver
2066	2066	-0.0366713267634747	-0.0272132509931522	500072	iran2.HO	Iranian.HO	fuchsia
2067	2067	-0.0319331804302816	-0.0336887202314593	499652	iran20.HO	Iranian.HO	fuchsia
2068	2068	-0.0659904263996813	-0.0279239388573193	500046	syria361.HO	Syrian.HO	silver
2069	2069	-0.0392455909775515	-0.0283671302426721	498565	Lebanon6.HO	Lebanese.HO	silver
2070	2070	-0.0553419791799409	-0.0346536664093918	499399	SaudiA5.HO	Saudi.HO	silver
2071	2071	-0.0475913469806287	-0.0260530047467862	500223	Jordan214.HO	Jordanian.HO	silver
2072	2072	-0.0267847441387723	-0.0395699608708987	499593	Yemen2.HO	Yemeni.HO	silver
2073	2073	-0.0606339808364683	-0.007013817567358	494762	BulgarianA1.HO	Bulgarian.HO	silver
2074	2074	-0.0582455794092018	0.0048397571564024	499970	HungarianC5.HO	Hungarian.HO	magenta
2075	2075	-0.0589011988051613	0.0019368070493175	498942	hungary7.HO	Hungarian.HO	magenta
2076	2076	-0.0544256101093953	0.0150317732177022	499981	lithuania10.HO	Lithuanian.HO	silver
2077	2077	-0.0448507634867117	-0.0366663060050244	500057	Egypt7.HO	Egyptian.HO	silver
2078	2078	-0.0396598031209181	-0.0300424614794506	499730	iran3.HO	Iranian.HO	fuchsia
2079	2079	-0.0482283715626476	-0.0320973487456373	499962	syria485.HO	Syrian.HO	silver
2080	2080	-0.0532107529166206	-0.0307649634368751	499856	Lebanon7.HO	Lebanese.HO	silver
2081	2081	-0.0489747205390212	-0.0353774168353034	499834	SaudiA6.HO	Saudi.HO	silver
2082	2082	-0.0534620453912818	-0.0319892327130602	500223	Jordan445.HO	Jordanian.HO	silver
2083	2083	-0.0222675443116311	-0.0399390565898745	500016	Yemen3.HO	Yemeni.HO	silver
2084	2084	-0.0655165133923246	-0.008174171418691	500001	BulgarianB1.HO	Bulgarian.HO	silver
2085	2085	-0.0591099449748939	0.004298107509542	500196	HungarianE5.HO	Hungarian.HO	magenta
2086	2086	-0.0617084730527839	0.000557981030871	499773	HungarianH3.HO	Hungarian.HO	magenta
2087	2087	-0.0611167842322974	0.0177361546445755	500251	lithuania9.HO	Lithuanian.HO	silver
2088	2088	-0.0252581922730577	-0.0369660039474785	500016	Egypt8.HO	Ignore_Egyptian.HO	silver
2089	2089	-0.0271107309594707	-0.0317281340069197	500256	iran7.HO	Ignore_Iranian.HO	fuchsia
2090	2090	-0.0479281305165833	-0.0298155394585451	499096	syria520.HO	Syrian.HO	silver
2091	2091	-0.054558605882843	-0.0293763970956702	499825	syria4.HO	Syrian.HO	silver
2092	2092	-0.0434818353814009	-0.0271629280870052	500324	Lebanon8.HO	Lebanese.HO	silver
2093	2093	-0.0566745564811223	-0.0327387241858068	499992	SaudiA7.HO	Saudi.HO	silver
2094	2094	-0.0504157594639307	-0.0301490577805039	499961	Jordan62.HO	Jordanian.HO	silver
2095	2095	-0.0634714950276219	-0.0082983730602274	499373	BulgarianC1.HO	Bulgarian.HO	silver
2096	2096	-0.0559907276910535	0.0019511153400934	500115	hungary15.HO	Hungarian.HO	magenta
2097	2097	-0.059321894516816	0.0168419499452724	499442	LithuanianA1.HO	Lithuanian.HO	silver
2098	2098	-0.0591263172879626	0.013251906298039	498313	LithuanianE2.HO	Lithuanian.HO	silver
2099	2099	-0.0495820201435132	-0.0332834771344192	499719	Egypt9.HO	Egyptian.HO	silver
2100	2100	-0.0403405402436523	-0.0314896404664834	499585	iran11.HO	Iranian.HO	fuchsia
2101	2101	-0.0394766121383023	-0.0361108017784259	500213	syria461.HO	Syrian.HO	silver
2102	2102	-0.059141780488374	-0.0313066302232148	500181	Lebanon1.HO	Lebanese.HO	silver
2103	2103	-0.0550361531399024	-0.0362810711602816	499657	saudi1434.HO	Saudi.HO	silver
2104	2104	-0.0485639277200756	-0.0305344072270374	499689	Jordan603.HO	Jordanian.HO	silver
2105	2105	-0.0370579393207155	-0.0368695786431642	499795	Yemen5.HO	Yemeni.HO	silver
2106	2106	-0.0587333164388287	-0.0076970130252379	500265	BulgarianF1.HO	Bulgarian.HO	silver
2107	2107	-0.0599949630986611	1.8314908632498287e-05	500204	hungary20.HO	Hungarian.HO	magenta
2108	2108	-0.0584642250729005	0.0142576701574784	499883	lithuania1.HO	Lithuanian.HO	silver
2109	2109	-0.0596904864071389	0.0134052578521123	495843	lithuania8.HO	Lithuanian.HO	silver
2110	2110	-0.0487133878488318	-0.0382311644058328	499801	Egypt10.HO	Egyptian.HO	silver
2111	2111	-0.0359337795211454	-0.0286259549377807	498309	iran16.HO	Iranian.HO	fuchsia
2112	2112	-0.051740948935282	-0.0292682092463326	499699	Lebanon2.HO	Lebanese.HO	silver
2113	2113	-0.0539106093747173	-0.0364037724344759	500136	saudi1424.HO	Saudi.HO	silver
2114	2114	-0.052543589155578	-0.0338301538963367	500281	SaudiA9.HO	Saudi.HO	silver
2115	2115	-0.0459867935796666	-0.0308388905562881	498151	Jordan307.HO	Jordanian.HO	silver
2116	2116	-0.0630043856174722	-0.0151232106613944	500173	BulgarianH2.HO	Bulgarian.HO	silver
2117	2117	-0.0559699380344339	0.0013308450746738	500248	hungary2.HO	Hungarian.HO	magenta
2118	2118	-0.0630360848967537	0.0163468212171263	499788	lithuania2.HO	Lithuanian.HO	silver
2119	2119	-0.0408116990372499	-0.036684380180057	500079	Egypt3.HO	Egyptian.HO	silver
2120	2120	-0.0416828027304822	-0.0300816190555985	495072	Egypt11.HO	Egyptian.HO	silver
2121	2121	-0.0351249137738192	-0.0309855832850729	498035	iran17.HO	Iranian.HO	fuchsia
2122	2122	-0.0437555358692729	-0.0308002780174795	499052	syria6.HO	Syrian.HO	silver
2123	2123	-0.0572756054261412	-0.0334455891754868	497916	Lebanon3.HO	Lebanese.HO	silver
2124	2124	-0.0307792015975307	-0.0323224437695482	499098	saudi1436.HO	Ignore_Saudi.HO	silver
2125	2125	-0.0079157901310044	-0.0415728895813097	500038	Jordan444.HO	Ignore_Jordanian.HO	silver
2126	2126	-0.0415504935388627	-0.0267621273197667	500035	Jordan503.HO	Jordanian.HO	silver
2127	2127	-0.0460162190774762	-0.0322878079119633	500162	Yemen9.HO	Yemeni.HO	silver
2128	2128	-0.062275129690613	-0.0078596662106527	499702	BulgarianF2.HO	Bulgarian.HO	silver
2129	2129	-0.0602618593861492	-0.0024412980051883	499991	HungarianD1.HO	Hungarian.HO	magenta
2130	2130	-0.0638988855187979	0.0111137216971234	500289	LithuanianD1.HO	Lithuanian.HO	silver
2131	2131	-0.0386419932888619	-0.0410657302598436	499644	Egypt1.HO	Egyptian.HO	silver
2132	2132	-0.0425947727003219	-0.0349433148663913	500009	Egypt12.HO	Egyptian.HO	silver
2133	2133	-0.0459681187230967	-0.0311783566490972	499594	syria7.HO	Syrian.HO	silver
2134	2134	-0.0486409551179045	-0.0373831658238661	498458	Lebanon4.HO	Lebanese.HO	silver
2135	2135	-0.0504722303114512	-0.0427440008879279	499545	SaudiA1.HO	Saudi.HO	silver
2136	2136	-0.0446404421251254	-0.0337427561775952	496370	Jordan646.HO	Jordanian.HO	silver
2137	2137	-0.0456681763463158	-0.0311257597216492	498477	Jordan384.HO	Jordanian.HO	silver
2138	2138	-0.0498371533931948	-0.0341600204255022	500201	Yemen10.HO	Yemeni.HO	silver
2139	2139	-0.0356289566279925	-0.0186968973491161	499724	bal102.HO	Balkar.HO	silver
2140	2140	-0.0254631331041117	-0.0206148818540854	500017	bal64.HO	Balkar.HO	silver
2141	2141	-0.0550823603768221	-0.0320091519743858	499357	mg43.HO	Georgian.HO	silver
2142	2142	-0.034523316395577	-0.0220417386063948	499920	NorthOssetia19.HO	Ossetian.HO	silver
2143	2143	-0.0448892378650624	-0.0211093141253103	499603	ch126.HO	Chechen.HO	silver
2144	2144	-0.0535842233925274	-0.027683970505832	500031	abh27.HO	Abkhasian.HO	silver
2145	2145	-0.057396318820752	-0.0314120419112365	499809	armenia176.HO	Armenian.HO	silver
2146	2146	-0.0434644361752563	-0.0161068469288951	485722	lez38.HO	Lezgin.HO	silver
2147	2147	0.0022354262576479	-0.0113205402947713	499903	nogay42.HO	Nogai_Karachay_Cherkessia.HO	silver
2148	2148	-0.0385273346358944	-0.0184686202033724	497763	bal124.HO	Balkar.HO	silver
2149	2149	-0.0292797926169047	-0.0215704844433541	499998	bal97.HO	Balkar.HO	silver
2150	2150	-0.0553389359082194	-0.034124509471631	500242	mg47.HO	Georgian.HO	silver
2151	2151	-0.0349849701544542	-0.0197212140542126	500199	NorthOssetia2.HO	Ossetian.HO	silver
2152	2152	-0.0428307036845152	-0.015601349921392	500197	ch16.HO	Chechen.HO	silver
2153	2153	-0.0499070584443408	-0.0279675471214397	499316	abh107.HO	Russia_Abkhasian.HO	silver
2154	2154	-0.0494061432025453	-0.0299843071685381	495505	abh41.HO	Abkhasian.HO	silver
2155	2155	-0.056908207589349	-0.0290211250423165	499978	armenia191.HO	Armenian.HO	silver
2156	2156	-0.0467073739480006	-0.0152522681556084	499522	lez40.HO	Lezgin.HO	silver
2157	2157	-0.0359297823831486	-0.0209754433317679	499069	kumyks44.HO	Kumyk.HO	silver
2158	2158	0.0238364731051706	-0.0095565878464147	499381	nogay35.HO	Nogai_Karachay_Cherkessia.HO	silver
2159	2159	-0.0006517590300299	-0.0191004926603672	499755	nogay34.HO	Nogai_Karachay_Cherkessia.HO	silver
2160	2160	-0.0344672469265798	-0.0218154240185175	500080	bal136.HO	Balkar.HO	silver
2161	2161	-0.0570833988769989	-0.0332862747172003	499990	mg22.HO	Georgian.HO	silver
2162	2162	-0.0595465853158641	-0.032221164877367	499697	mg49.HO	Georgian.HO	silver
2163	2163	-0.0284114907385994	-0.0136032002284048	499580	NorthOssetia3.HO	Ossetian.HO	silver
2164	2164	-0.0470219343196353	-0.0159282336491967	499403	ch174.HO	Chechen.HO	silver
2165	2165	-0.0508098398158726	-0.0296718770206222	498972	abh119.HO	Abkhasian.HO	silver
2166	2166	-0.0591332044361044	-0.0308842791916318	499917	armenia86.HO	Armenian.HO	silver
2167	2167	-0.0590059248787038	-0.0353990448989351	498616	armenia279.HO	Armenian.HO	silver
2168	2168	0.0107378052202964	-0.0356539029460742	316062	lez42.HO	Ignore_Lezgin.HO	silver
2169	2169	-0.040753433181966	-0.0163054410971135	469795	kumyks92.HO	Ignore_Kumyk.HO	silver
2170	2170	0.0250996643378592	-0.0093724459012619	495705	nogay24.HO	Nogai_Karachay_Cherkessia.HO	silver
2171	2171	0.1791633608965792	0.0098455619906939	497962	kalmyk11.HO	Kalmyk.HO	silver
2172	2172	-0.0335249694650213	-0.0222077587316377	500044	bal22.HO	Balkar.HO	silver
2173	2173	-0.0590702613371095	-0.0353640558431473	500339	mg23.HO	Georgian.HO	silver
2174	2174	-0.0607873303800555	-0.0315509371425675	499597	mg62.HO	Georgian.HO	silver
2175	2175	-0.0343788289871257	-0.0185257635016028	499807	NorthOssetia5.HO	Russia_NorthOssetian.HO	silver
2176	2176	-0.0463008943191661	-0.0175201658824812	498184	ch179.HO	Chechen.HO	silver
2177	2177	-0.0501825325938685	-0.0278319954580147	500168	abh122.HO	Abkhasian.HO	silver
2178	2178	-0.0551948007358895	-0.0343377389988253	499976	armenia91.HO	Armenian.HO	silver
2179	2179	-0.0548478608441741	-0.034273867287453	496828	armenia293.HO	Armenian.HO	silver
2180	2180	-0.0490057402745309	-0.01916907555888	500002	lez49.HO	Lezgin.HO	silver
2181	2181	-0.035895218607139	-0.0218119422735977	499769	kumyks93.HO	Kumyk.HO	silver
2182	2182	0.0446627493065391	-0.0026432867861997	500135	nogay25.HO	Nogai_Karachay_Cherkessia.HO	silver
2183	2183	0.1801917420308525	0.0110011791326711	499710	kalmyk32.HO	Kalmyk.HO	silver
2184	2184	-0.0327816994078351	-0.0183569581489208	498067	bal41.HO	Balkar.HO	silver
2185	2185	-0.0542498874786862	-0.0315678334265959	499384	mg27.HO	Georgian.HO	silver
2186	2186	-0.0323011568732696	-0.0207886105800668	500115	NorthOssetia11.HO	Ossetian.HO	silver
2187	2187	-0.0317185547713122	-0.0182493425012557	500246	NorthOssetia8.HO	Ossetian.HO	silver
2188	2188	-0.0468764107643427	-0.0199957694465464	500292	ch193.HO	Chechen.HO	silver
2189	2189	-0.0535726522059787	-0.0347747911538936	498630	abh133.HO	Abkhasian.HO	silver
2190	2190	-0.0539927209791509	-0.0304767400776723	497545	armenia102.HO	Armenian.HO	silver
2191	2191	-0.043966378472833	-0.018808389718232	500071	lez31.HO	Lezgin.HO	silver
2192	2192	-0.0471668107933458	-0.0211529296235797	499994	lez7.HO	Lezgin.HO	silver
2193	2193	-0.0433769808286471	-0.0171614018109334	495130	kumyks98.HO	Kumyk.HO	silver
2194	2194	0.0124686626663453	-0.0060251545337668	499962	nogay33.HO	Nogai_Karachay_Cherkessia.HO	silver
2195	2195	0.1723504240927005	0.0101232295722204	498188	kalmyk9.HO	Kalmyk.HO	silver
2196	2196	-0.0292873264782064	-0.0169744714126691	500322	bal42.HO	Balkar.HO	silver
2197	2197	-0.0602496521019275	-0.0305172641791255	499195	mg31.HO	Georgian.HO	silver
2198	2198	-0.0338617799566125	-0.0185647051998104	499812	NorthOssetia12.HO	Russia_NorthOssetian.HO	silver
2199	2199	-0.0350105936591303	-0.0207772358219384	499764	NorthOssetia9.HO	Ossetian.HO	silver
2200	2200	-0.0416551950115488	-0.016956216499173	498218	ch21.HO	Chechen.HO	silver
2201	2201	-0.055400057210684	-0.0259680048104688	500045	abh147.HO	Abkhasian.HO	silver
2202	2202	-0.0543860182892074	-0.03370430349501	500009	armenia106.HO	Armenian.HO	silver
2203	2203	-0.0504207488298454	-0.0124224676054512	500016	lez33.HO	Lezgin.HO	silver
2204	2204	-0.0450064695062644	-0.014837768290062	498960	lez9.HO	Lezgin.HO	silver
2205	2205	-0.0424943079557259	-0.0147828398856815	499269	kumyks90.HO	Kumyk.HO	silver
2206	2206	0.0115751480930927	-0.0105928744938297	498557	nogay44.HO	Nogai_Karachay_Cherkessia.HO	silver
2207	2207	0.1880440224290108	0.0077403637869213	500002	kalmyk14.HO	Kalmyk.HO	silver
2208	2208	-0.0384458593883869	-0.0214992716397638	499913	bal45.HO	Balkar.HO	silver
2209	2209	-0.0587141366586421	-0.0310218630975385	500378	mg34.HO	Georgian.HO	silver
2210	2210	-0.0341439297990836	-0.0180200906570846	499902	NorthOssetia14.HO	Ossetian.HO	silver
2211	2211	-0.0455409814093886	-0.0150270456548535	497512	ch3.HO	Chechen.HO	silver
2212	2212	-0.0543750210199773	-0.0310094309907688	500237	abh154.HO	Abkhasian.HO	silver
2213	2213	-0.0600191224862843	-0.0355594192983421	500037	armenia139.HO	Armenian.HO	silver
2214	2214	-0.0452129057409299	-0.0148014074663879	493821	lez36.HO	Lezgin.HO	silver
2215	2215	-0.0542984864411712	-0.0210678531838835	500034	kumyks40.HO	Kumyk.HO	silver
2216	2216	-0.0334882899939067	-0.0233164510083018	499789	kumyks94.HO	Kumyk.HO	silver
2217	2217	0.0039545170838502	-0.0052273947334407	499358	nogay45.HO	Nogai_Karachay_Cherkessia.HO	silver
2218	2218	0.182085579961906	0.0137441475621435	500266	kalmyk67.HO	Kalmyk.HO	silver
2219	2219	-0.0417521323677233	-0.0152872921004412	499962	bal50.HO	Balkar.HO	silver
2220	2220	-0.0585825597948387	-0.0314153819682888	499156	mg40.HO	Georgian.HO	silver
2221	2221	-0.0372674512268437	-0.0211412917267914	499780	NorthOssetia17.HO	Ossetian.HO	silver
2222	2222	-0.0434034318695782	-0.0206870981243688	499941	ch113.HO	Chechen.HO	silver
2223	2223	-0.0496953174911658	-0.0193018054078777	500189	ch31.HO	Chechen.HO	silver
2224	2224	-0.0520184893900419	-0.0314511859343781	499665	abh24.HO	Abkhasian.HO	silver
2225	2225	-0.0591446789113498	-0.0362435460188198	497688	armenia162.HO	Armenian.HO	silver
2226	2226	-0.045399936777425	-0.0154468954301279	500104	lez37.HO	Lezgin.HO	silver
2227	2227	-0.0337312861902464	-0.01483444860944	498333	kumyks41.HO	Kumyk.HO	silver
2228	2228	-0.0375138095966198	-0.0131774318681538	500075	kumyks97.HO	Kumyk.HO	silver
2229	2229	0.0165050339664104	-0.0101006970607853	498662	nogay46.HO	Nogai_Karachay_Cherkessia.HO	silver
2230	2230	0.1855904028444743	0.0186508877800399	499860	kalmyk13.HO	Kalmyk.HO	silver
2231	2231	0.1934383342616907	0.0166692107795528	499969	kalmyk39.HO	Kalmyk.HO	silver
2232	2232	0.1666860954222873	0.022383122759529	500187	altai363p.HO	Altaian.HO	silver
2233	2233	0.1884677475412576	0.0380833481726955	499696	Tuvinians86.HO	Tuvinian.HO	silver
2234	2234	0.2158060354020321	0.076384434690026	500150	Dolgan1708.HO	Dolgan.HO	silver
2235	2235	0.1395013272673474	0.0992826020102734	500196	Selkup38.HO	Selkup.HO	silver
2236	2236	-0.0587427259278484	0.0097374169211354	499408	bel43s.HO	Belarusian.HO	silver
2237	2237	-0.0603172463858287	0.00780883256875	499397	UkrBel618.HO	Ukrainian.HO	pink
2238	2238	-0.0626342361085887	0.0030883498291097	493457	UkrLv240.HO	Ukrainian.HO	pink
2239	2239	-0.0530822179703538	0.0162429271705447	499834	Est393.HO	Estonian.HO	silver
2240	2240	-0.0336081402033043	0.0157236744615131	499656	Mordovians27.HO	Mordovian.HO	silver
2241	2241	0.0104401015368309	0.0306263960460533	499848	Chuvash33.HO	Chuvash.HO	silver
2242	2242	0.0702526446446197	-0.0062968832172727	499567	usb24.HO	Uzbek.HO	silver
2243	2243	0.1873411510716624	0.0055752824021439	499942	kalmyk55.HO	Kalmyk.HO	silver
2244	2244	0.1577178326178681	0.0290621379077115	499563	altai380k.HO	Altaian.HO	silver
2245	2245	0.1831379090456245	0.0383259360656664	499891	Tuvinians111.HO	Tuvinian.HO	silver
2246	2246	0.2066556562491775	0.047109677494275	499955	Dolgan3185.HO	Dolgan.HO	silver
2247	2247	0.1752818076545651	0.0942338672144424	497586	Selkup83.HO	Selkup.HO	silver
2248	2248	-0.0590004663808726	0.0103159864616173	500045	bel30s.HO	Belarusian.HO	silver
2249	2249	-0.057006336283353	0.0077429165371316	499946	UkrBel620.HO	Ukrainian.HO	pink
2250	2250	-0.0562502285197142	0.0133184417900544	499816	Est375.HO	Estonian.HO	silver
2251	2251	-0.0480055339200322	0.0220348031184473	500225	Est380.HO	Estonian.HO	silver
2252	2252	-0.0365171526054426	0.0155542813612244	499347	Mordovians28.HO	Mordovian.HO	silver
2253	2253	0.0182823632657438	0.0292578802110738	499666	Chuvash37.HO	Chuvash.HO	silver
2254	2254	0.0846970641076996	-0.0049395724376846	493551	usb25.HO	Uzbek.HO	silver
2255	2255	0.1839307674850086	0.0081439251090921	499544	kalmyk22.HO	Kalmyk.HO	silver
2256	2256	0.1616954786733834	0.0223209184533587	500084	altai280p.HO	Altaian.HO	silver
2257	2257	0.1961967257302061	0.0258334323880809	500153	Tuvinians66.HO	Tuvinian.HO	silver
2258	2258	0.1760215687228223	0.0614844630028488	465374	Dolgan3865.HO	Ignore_Dolgan.HO	silver
2259	2259	0.1959902828304026	0.0981069508578687	492307	Selkup87.HO	Selkup.HO	silver
2260	2260	-0.0543150736234962	0.0097558014125348	498914	bel72c.HO	Belarusian.HO	silver
2261	2261	-0.0545192286608488	0.0098765041329159	500174	UkrBel622.HO	Ukrainian.HO	pink
2262	2262	-0.054736464586312	0.0153239744846975	499653	Est391.HO	Estonian.HO	silver
2263	2263	-0.0552218516310912	0.0159333494422896	500078	Est377.HO	Estonian.HO	silver
2264	2264	-0.0353902821546912	0.0166669905424862	498495	Mordovians30.HO	Mordovian.HO	silver
2265	2265	0.0175269219080372	0.0339634285514398	499703	Chuvash13.HO	Chuvash.HO	silver
2266	2266	0.0704686356336245	-0.0050830504792292	497164	usb35.HO	Uzbek.HO	silver
2267	2267	0.1804160151441392	0.0099706837671429	499899	kalmyk44.HO	Kalmyk.HO	silver
2268	2268	0.1828610867125873	0.0513128385912358	500191	Tuvinians64.HO	Tuvinian.HO	silver
2269	2269	0.1046885843996762	0.0787341935433936	500233	Selkup220.HO	Selkup.HO	silver
2270	2270	0.1429279391699074	0.0904040180225187	500186	Selkup121.HO	Selkup.HO	silver
2271	2271	-0.0558958445348089	0.0082703153798195	497418	bel93c.HO	Belarusian.HO	silver
2272	2272	-0.0584613054218296	0.0076678308345216	499896	UkrBel733.HO	Ukrainian.HO	pink
2273	2273	-0.0521592477914682	0.0138025320288079	500054	Est372.HO	Estonian.HO	silver
2274	2274	-0.0366677937470352	0.019592193627425	500043	Mordovians4.HO	Mordovian.HO	silver
2275	2275	-0.0401868501461554	0.0118393842717977	499538	Mordovians31.HO	Mordovian.HO	silver
2276	2276	0.0105203323535541	0.0313327521483529	499292	Chuvash20.HO	Chuvash.HO	silver
2277	2277	0.1028110074085936	-0.0022031803081232	499789	usb40.HO	Uzbek.HO	silver
2278	2278	0.153815410488312	0.0255384129213679	499574	altai431k.HO	Altaian.HO	silver
2279	2279	0.194721632846029	0.0369399814584597	499094	Tuvinians51.HO	Tuvinian.HO	silver
2280	2280	0.1851278149219966	0.0482622880061336	498290	Tuvinians67.HO	Tuvinian.HO	silver
2281	2281	0.0473238021412912	0.0532670322528828	499684	Selkup105.HO	Selkup.HO	silver
2282	2282	0.1359118494611778	0.0943361309958739	499709	Selkup82.HO	Selkup.HO	silver
2283	2283	-0.0575632448608924	0.0096627923371702	499580	bel110c.HO	Belarusian.HO	silver
2284	2284	-0.0537502879959468	0.0079385070954439	500060	UkrBel736.HO	Ukrainian.HO	pink
2285	2285	-0.055466275857422	0.0128082301069194	499933	Est358.HO	Estonian.HO	silver
2286	2286	-0.0425855373207844	0.0131387362363157	499988	Mordovians17.HO	Mordovian.HO	silver
2287	2287	-0.0398044408234584	0.0139650630913183	499878	Mordovians1.HO	Mordovian.HO	silver
2288	2288	0.0188046190179966	0.0302396774326563	498798	Chuvash22.HO	Chuvash.HO	silver
2289	2289	0.0708281096173136	-0.0087599302829864	494595	usb6.HO	Uzbek.HO	silver
2290	2290	0.1603344991223351	0.0230897875930724	498683	altai283p.HO	Altaian.HO	silver
2291	2291	0.1964447469320674	0.0302232280634644	499637	Tuvinians56.HO	Tuvinian.HO	silver
2292	2292	0.1898164745536425	0.027120594516849	500017	Tuvinians54.HO	Tuvinian.HO	silver
2293	2293	0.1269673671925252	0.094682208700677	499933	Selkup4.HO	Selkup.HO	silver
2294	2294	-0.0558130831988075	0.0054069115396527	499250	bel8s.HO	Belarusian.HO	silver
2295	2295	-0.0532492923550286	0.0112198793818059	499718	belarusian23vp.HO	Belarusian.HO	silver
2296	2296	-0.055616518626557	0.0111856806390005	499749	Est400.HO	Estonian.HO	silver
2297	2297	-0.0386349430848713	0.0199679626073932	500276	Mordovians22.HO	Mordovian.HO	silver
2298	2298	0.0052071553292544	0.0266682626269185	500013	Chuvash26.HO	Chuvash.HO	silver
2299	2299	0.0149061036763091	0.0292793470323576	499508	Chuvash24.HO	Chuvash.HO	silver
2300	2300	0.0315726677779349	-0.0200053193510868	498091	usb64.HO	Uzbek.HO	silver
2301	2301	0.1491558589745082	0.0227613460360473	499368	altai419A.HO	Altaian.HO	silver
2302	2302	0.1921088265428989	0.0247143748483023	496196	Tuvinians61.HO	Tuvinian.HO	silver
2303	2303	0.1883086596173616	0.0643513409842243	488250	Dolgan3875.HO	Dolgan.HO	silver
2304	2304	0.1130588797886741	0.0835449953628681	500189	Selkup21.HO	Selkup.HO	silver
2305	2305	-0.0571101245856045	0.010797733659929	498575	bel23s.HO	Belarusian.HO	silver
2306	2306	-0.0588993533644128	0.0068052901435487	499521	belarusian47zp.HO	Belarusian.HO	silver
2307	2307	-0.0531365464639583	0.0089185817544845	499538	UkrLv228.HO	Ukrainian.HO	pink
2308	2308	-0.0529506845332784	0.0171045201228406	500150	Est397.HO	Estonian.HO	silver
2309	2309	-0.0345010931234501	0.0152488943679021	500311	Mordovians32.HO	Mordovian.HO	silver
2310	2310	0.0138247505740301	0.0364302906098297	499815	Chuvash29.HO	Chuvash.HO	silver
2311	2311	0.0043380398707028	0.0296063957340485	499801	Chuvash25.HO	Chuvash.HO	silver
2312	2312	0.0302176077049439	-0.0108429656863788	493014	usb72.HO	Uzbek.HO	silver
2313	2313	0.1650925718798387	0.0346340806329369	495640	altai409k.HO	Altaian.HO	silver
2314	2314	0.1823814660168142	0.0403811321842297	498362	Tuvinians85.HO	Tuvinian.HO	silver
2315	2315	0.1706711911393213	0.0621847975086123	486838	Dolgan3857.HO	Dolgan.HO	silver
2316	2316	0.1635784330919657	0.0939578403005572	499663	Selkup4a.HO	Selkup.HO	silver
2317	2317	-0.0598868056390653	0.011868383171657	499875	bel82s.HO	Belarusian.HO	silver
2318	2318	-0.0564655940052308	0.0081855183543453	498517	UkrBel614.HO	Ukrainian.HO	pink
2319	2319	-0.0606185354874462	0.0058521925329764	499803	UkrLv237.HO	Ukrainian.HO	pink
2320	2320	-0.0557889743428714	0.0149921805618483	500000	Est394.HO	Estonian.HO	silver
2321	2321	-0.0418196799068561	0.0167688503458094	499460	Mordovians5.HO	Mordovian.HO	silver
2322	2322	0.0075106621110739	0.0276492578170443	500278	Chuvash31.HO	Chuvash.HO	silver
2323	2323	0.0898073317549629	0.0017437638478444	499532	usb2.HO	Uzbek.HO	silver
2324	2324	0.0385245392603196	-0.0058248134236035	499994	usb78.HO	Uzbek.HO	silver
2325	2325	0.0683767610311563	-0.0085275213331258	499854	usb8.HO	Uzbek.HO	silver
2326	2326	-0.0137172561390761	-0.0114798329760029	498058	tdj508_rushan.HO	Tajik.HO	silver
2327	2327	-0.0199284512517064	-0.0133680960199601	499856	tdj126_shugnan.HO	Tajik.HO	silver
2328	2328	-0.0209123981872438	-0.0111291760295187	499658	tdj868_rushan.HO	Tajik.HO	silver
2329	2329	0.0630431063386719	-0.0040023968115069	498682	UZB178_turkmen.HO	Turkmen.HO	silver
2330	2330	-0.0040320121363473	-0.0125059669292039	500235	tdj252_ishkashim.HO	Tajik.HO	silver
2331	2331	-0.0195011037407149	-0.0133486775112596	500022	tdj979_shugnan.HO	Tajik.HO	silver
2332	2332	0.0460945253629879	-0.0033832913146238	500069	UZB180_turkmen.HO	Turkmen.HO	silver
2333	2333	-0.0112713352294427	-0.0247494734569091	500213	tdj255_ishkashim.HO	Tajik.HO	silver
2334	2334	0.0116488568639322	-0.0173811271623625	499827	UZB101_turkmen.HO	Turkmen_outlier.HO	silver
2335	2335	-0.0533262427450245	-0.035771536938784	500010	saudi1403.HO	Saudi.HO	silver
2336	2336	-0.0096537183582206	-0.0127298762466517	499857	tdj269_ishkashim.HO	Tajik.HO	silver
2337	2337	0.0265748367126247	-0.0093760748017241	500068	UZB102_turkmen.HO	Turkmen.HO	silver
2338	2338	-0.0435429168380661	-0.0366801358705225	489462	Yemenese1529.HO	Yemeni.HO	silver
2339	2339	0.0767560156194785	-0.0008659109678859	499513	UZB105_turkmen.HO	Turkmen.HO	silver
2340	2340	-0.0143455125460804	-0.0096806982091322	498773	tdj305_shugnan.HO	Tajik.HO	silver
2341	2341	0.0294803288130689	-0.0124014284063878	499468	UZB111_turkmen.HO	Turkmen.HO	silver
2342	2342	0.0314442379545772	-0.0181797871151913	499589	UZB150_turkmen.HO	Turkmen.HO	silver
2343	2343	0.2317077544932727	-0.0908366941547902	499905	NA13597.HO	Atayal.HO	silver
2344	2344	0.2350881409526242	-0.0926780823127437	499713	NA13605.HO	Atayal.HO	silver
2345	2345	0.2376333744460219	-0.1069281820363086	499027	NA13613.HO	Ami.HO	red
2346	2346	-0.0597857321911134	0.0009999325706324	499852	NA15202.HO	Hungarian.HO	magenta
2347	2347	-0.0615607586598509	0.0048166330249674	499750	NA15725.HO	Czech.HO	aqua
2348	2348	-0.0566491284279853	0.006012240947496	499675	NA15733.HO	Czech.HO	aqua
2349	2349	-0.0644230500673841	0.0062618678483471	499260	NA15762.HO	Icelandic.HO	dimgray
2350	2350	-0.069234050045006	-0.0168952275100947	499117	NA17373.HO	Greek.HO	violet
2351	2351	0.1617724453600744	0.0307723987347046	499813	NA11200.HO	Quechua.HO	silver
2352	2352	0.0143590588298039	-0.0439357001087949	499697	NA21487.HO	Masai.HO	silver
2353	2353	0.2408756167306905	-0.0649177718612062	499481	ND19394.HO	Korean.HO	silver
2354	2354	0.2332556355310317	-0.0866032155979516	499887	NA13598.HO	Atayal.HO	silver
2355	2355	0.2302156601368558	-0.0907044109617523	497376	NA13606.HO	Atayal.HO	silver
2356	2356	0.2371616572326044	-0.0996818715012342	499800	NA13614.HO	Ami.HO	red
2357	2357	-0.0592207759023378	-0.0005263828162102	500117	NA15203.HO	Hungarian.HO	magenta
2358	2358	-0.064042606798793	0.0047986485504648	499549	NA15726.HO	Czech.HO	aqua
2359	2359	-0.0622951186968438	0.0098004246835399	499993	NA15755.HO	Icelandic.HO	dimgray
2360	2360	-0.060139692501576	0.0059784905077411	499323	NA15763.HO	Icelandic.HO	dimgray
2361	2361	-0.0639956960283928	-0.0334187737181512	499880	NA17374.HO	Greek.HO	violet
2362	2362	0.1495361278394172	0.0274580080713745	497451	NA11201.HO	Quechua_oEuropean.HO	silver
2363	2363	0.0144613792290053	-0.0484362077046148	499202	NA21490.HO	Masai.HO	silver
2364	2364	0.2462418751037448	-0.0544397145695518	499917	ND22219.HO	Korean.HO	silver
2365	2365	0.2355553381910312	-0.0904872598029518	499599	NA13599.HO	Atayal.HO	silver
2366	2366	0.2370379648015006	-0.0978148669815467	499407	NA13607.HO	Ami.HO	red
2367	2367	0.2353710049456565	-0.1018429007707203	499841	NA13615.HO	Ami.HO	red
2368	2368	-0.0585302795454737	0.0022229891500292	500061	NA15204.HO	Hungarian.HO	magenta
2369	2369	-0.0609970485143109	0.0059319199976445	499677	NA15727.HO	Czech.HO	aqua
2370	2370	-0.0627256188846845	0.0082416990100861	499720	NA15756.HO	Icelandic.HO	dimgray
2371	2371	-0.0628846667825576	0.0067662977599027	499498	NA15764.HO	Icelandic.HO	dimgray
2372	2372	-0.0578762653599651	-0.0221535754667937	499823	NA17375.HO	Greek.HO	violet
2373	2373	0.0158054811683992	-0.0433314073373817	499005	NA21514.HO	Masai.HO	silver
2374	2374	0.2432447203922051	-0.0518445595520511	499604	NA00726.HO	Korean.HO	silver
2375	2375	0.2341607193210197	-0.0780187100474609	499123	NA13600.HO	Ignore_Atayal.HO	silver
2376	2376	0.235925176683035	-0.0960889146564068	500084	NA13608.HO	Ami.HO	red
2377	2377	0.2368966432418322	-0.1033465455652619	499820	NA13616.HO	Ami.HO	red
2378	2378	-0.0599812166764858	0.0031122618478079	499799	NA15205.HO	Hungarian.HO	magenta
2379	2379	-0.0645403468095823	0.0075117978802204	499256	NA15728.HO	Czech.HO	aqua
2380	2380	-0.0631920915042114	0.0032888011708139	499901	NA15757.HO	Icelandic.HO	dimgray
2381	2381	-0.0613267327197962	0.0040544527822284	499453	NA15765.HO	Icelandic.HO	dimgray
2382	2382	-0.0636231551678521	-0.0305403233751501	499687	NA17376.HO	Greek.HO	violet
2383	2383	0.0100956897418434	-0.0420369537449614	498764	NA21302.HO	Masai.HO	silver
2384	2384	0.014465091722697	-0.0426832064160853	496768	NA21581.HO	Masai.HO	silver
2385	2385	0.2318433113752642	-0.0884037390635715	499570	NA13601.HO	Atayal.HO	silver
2386	2386	0.2381582667915942	-0.0959562568217559	499717	NA13609.HO	Ami.HO	red
2387	2387	-0.0360520327647797	-0.0232680306498056	499423	NA13626.HO	Adygei.HO	silver
2388	2388	-0.0600446304764226	-1.2599137119898688e-05	499719	NA15206.HO	Hungarian.HO	magenta
2389	2389	-0.0642621765194045	0.003642388827341	500140	NA15729.HO	Czech.HO	aqua
2390	2390	-0.0618398523619924	0.0078645042732677	500031	NA15758.HO	Icelandic.HO	dimgray
2391	2391	-0.0621204340498489	0.0052149370548651	499785	NA15766.HO	Icelandic.HO	dimgray
2392	2392	-0.0641037050660834	-0.0142905897889875	500065	NA17377.HO	Greek.HO	violet
2393	2393	0.0163656470872883	-0.0450844260344892	499240	NA21310.HO	Masai.HO	silver
2394	2394	0.0159741160412645	-0.0437079650245671	499713	NA21648.HO	Masai.HO	silver
2395	2395	0.2293678498933789	-0.0891025056704503	499061	NA13602.HO	Atayal.HO	silver
2396	2396	0.2371318198368662	-0.1017452489339326	499590	NA13610.HO	Ami.HO	red
2397	2397	-0.0617104210030046	0.0074221770894562	499258	NA15199.HO	Hungarian.HO	magenta
2398	2398	-0.0574751062083093	0.0046090157015578	499892	NA15207.HO	Hungarian.HO	magenta
2399	2399	-0.0603223594009874	0.0025494246245445	499987	NA15730.HO	Czech.HO	aqua
2400	2400	-0.0658305637627744	0.007211195656504	500081	NA15759.HO	Icelandic.HO	dimgray
2401	2401	-0.0647465452685834	-0.0256864447718119	499442	NA17370.HO	Ignore_Greek.HO	violet
2402	2402	0.1372885089803534	0.0253457648271942	499506	NA11197.HO	Quechua.HO	silver
2403	2403	0.0147657986805199	-0.0467421485170205	499521	NA21366.HO	Masai.HO	silver
2404	2404	0.2451491311303483	-0.0523828434621098	498875	ND13299.HO	Korean.HO	silver
2405	2405	0.2316131549315047	-0.0922974598791887	499850	NA13603.HO	Atayal.HO	silver
2406	2406	0.2377765683917019	-0.0988180846056152	499160	NA13611.HO	Ami.HO	red
2407	2407	-0.0597046148898034	0.0041728046896138	499361	NA15200.HO	Hungarian.HO	magenta
2408	2408	-0.0627943576781046	0.001279638611593	499926	NA15208.HO	Hungarian.HO	magenta
2409	2409	-0.0598636468801469	0.0034785088145155	499841	NA15731.HO	Czech.HO	aqua
2410	2410	-0.0631299854430324	0.0087610297295469	499523	NA15760.HO	Icelandic.HO	dimgray
2411	2411	-0.0644440215993467	-0.0261258297013245	499831	NA17371.HO	Ignore_Greek.HO	violet
2412	2412	0.1242626325580824	0.0215111369083104	499872	NA11198.HO	Quechua.HO	silver
2413	2413	0.0173800110981126	-0.0478045146130119	499497	NA21425.HO	Masai.HO	silver
2414	2414	0.2487069419397178	-0.0520465757432507	499705	ND14916.HO	Korean.HO	silver
2415	2415	0.2349528800605664	-0.0930385637037213	500088	NA13604.HO	Atayal.HO	silver
2416	2416	0.2367227416587435	-0.0998909286957161	498992	NA13612.HO	Ami.HO	red
2417	2417	-0.0607889737377751	-3.172026553198421e-06	499441	NA15201.HO	Hungarian.HO	magenta
2418	2418	-0.0616978182708133	0.001053292354287	499637	NA15724.HO	Czech.HO	aqua
2419	2419	-0.0618307414434709	0.0065752152211507	499878	NA15732.HO	Czech.HO	aqua
2420	2420	-0.0592875018658058	0.0060391939534864	499951	NA15761.HO	Icelandic.HO	dimgray
2421	2421	-0.0628197842397974	-0.0127145451228828	500040	NA17372.HO	Greek.HO	violet
2422	2422	0.1391187274080714	0.0221978583988744	498615	NA11199.HO	Quechua.HO	silver
2423	2423	0.0169701427755578	-0.0463383299167359	499690	NA21477.HO	Masai.HO	silver
2424	2424	0.2432986505934327	-0.0515399169065374	499873	ND15143.HO	Korean.HO	silver
2425	2425	-0.0622431971213253	0.0026358204236948	498837	HG00103.HO	Scottish.HO	silver
2426	2426	-0.0607842523961098	0.0071654461142573	499775	HG00104.HO	Scottish.HO	silver
2427	2427	-0.0615937851281122	0.0053547896636723	499774	HG00105.HO	Scottish.HO	silver
2428	2428	-0.06039184196623	0.0044047552254282	500064	HG00106.HO	Scottish.HO	silver
2429	2429	-0.0684224691620704	0.0021724638695498	500053	HG00128.HO	English.HO	silver
2430	2430	-0.063906653128009	0.0078882183794095	499436	HG00129.HO	English.HO	silver
2431	2431	-0.0639229198390059	0.0011294853580288	500120	HG00130.HO	English.HO	silver
2432	2432	-0.0641920440724685	0.0011163583588869	499680	HG00131.HO	English.HO	silver
2433	2433	-0.0656869394295379	0.0009160621109195	500140	HG00233.HO	English.HO	silver
2434	2434	-0.0643730163216813	0.0027038940229757	499812	HG00234.HO	English.HO	silver
2435	2435	-0.0674664200196911	0.0040411421120076	500020	HG00232.HO	English.HO	silver
2436	2436	-0.061249145220753	-0.0093035244913332	499918	HG01500.HO	Spanish.HO	red
2437	2437	-0.063321060383588	-0.0126854514455262	499872	HG01501.HO	Spanish.HO	red
2438	2438	-0.067195668006171	-0.0044621046407495	499608	HG01503.HO	Spanish.HO	red
2439	2439	-0.0629700320318015	-0.0139063809155532	500016	HG01504.HO	Spanish.HO	red
2440	2440	-0.0664916482709166	-0.0101438590384419	500054	HG01506.HO	Spanish.HO	red
2441	2441	-0.0636409978933471	-0.0081727633885902	500157	HG01507.HO	Spanish.HO	red
2442	2442	-0.0687289048965642	-0.0108409547606739	499891	HG01509.HO	Spanish.HO	red
2443	2443	-0.0669606757385186	-0.0111289584945653	499638	HG01510.HO	Spanish.HO	red
2444	2444	-0.0678660238171224	-0.0050333639493616	500121	HG01512.HO	Spanish.HO	red
2445	2445	-0.0685577276614786	-0.0078723208167036	499804	HG01513.HO	Spanish.HO	red
2446	2446	-0.0679530821145267	-0.0032516692203548	499541	HG01515.HO	Spanish_North.HO	red
2447	2447	-0.0704310596630737	-0.0036288806903909	499946	HG01516.HO	Spanish_North.HO	red
2448	2448	-0.0694751836452709	-0.0049376377317594	499660	HG01518.HO	Spanish_North.HO	red
2449	2449	-0.065281948349061	-0.0112577386304276	499350	HG01524.HO	Spanish.HO	red
2450	2450	-0.0645212045199604	-0.0088109252509344	499506	HG01527.HO	Spanish.HO	red
2451	2451	-0.0644240495497511	-0.008113521429931	500212	HG01528.HO	Spanish.HO	red
2452	2452	-0.0625290931554662	-0.0075389198054795	500173	HG01530.HO	Spanish.HO	red
2453	2453	-0.0652257758948493	-0.0043555581214908	499860	HG01536.HO	Spanish.HO	red
2454	2454	-0.0678868006287988	-0.0078767553201834	500205	HG01537.HO	Spanish.HO	red
2455	2455	-0.0639554671716166	-0.009988532166302	499974	HG01605.HO	Spanish.HO	red
2456	2456	-0.0678352504814084	-0.0078459918560069	499836	HG01606.HO	Spanish.HO	red
2457	2457	-0.0650327052135577	-0.0114125214998726	499529	HG01607.HO	Spanish.HO	red
2458	2458	-0.0627595684484996	-0.011845656453617	500106	HG01608.HO	Spanish.HO	red
2459	2459	-0.0658795362306763	-0.0090288616891795	500055	HG01613.HO	Spanish.HO	red
2460	2460	-0.0651143982169893	-0.0110509441063841	500246	HG01615.HO	Spanish.HO	red
2461	2461	-0.0617129588932831	-0.012364139850009	500270	HG01617.HO	Spanish.HO	red
2462	2462	-0.0596939646591656	-0.0079909963644612	500103	HG01618.HO	Spanish.HO	red
2463	2463	-0.0689294960768994	-0.0128309442122038	500306	HG01619.HO	Spanish.HO	red
2464	2464	-0.0638040099563983	-0.0073842896394795	500301	HG01620.HO	Spanish.HO	red
2465	2465	-0.0657138417961529	-0.0086892094442107	500145	HG01623.HO	Spanish.HO	red
2466	2466	-0.0636815253853537	-0.0117763027535506	500083	HG01624.HO	Spanish.HO	red
2467	2467	-0.0666862601726396	-0.0078805256641178	500044	HG01625.HO	Spanish.HO	red
2468	2468	-0.0610533174430505	-0.0147968252737463	499961	HG01626.HO	Spanish.HO	red
2469	2469	-0.0607209253644006	-0.0151702748021756	499793	HG01630.HO	Ignore_Spanish.HO	red
2470	2470	-0.033307258124772	0.0326565046291894	499591	HG00171.HO	Finnish.HO	salmon
2471	2471	-0.0445216784666874	0.0170155719327659	500061	HG00174.HO	Finnish.HO	salmon
2472	2472	-0.0424603781740512	0.0175342237888701	500226	HG00190.HO	Finnish.HO	salmon
2473	2473	-0.0395941925671592	0.0209875219899907	500158	HG00266.HO	Finnish.HO	salmon
2474	2474	-0.0617361211046725	-0.0005784237498514	500155	HG00231.HO	English.HO	silver
2475	2475	-0.0350237609705824	0.0211835157572056	499944	HG00183.HO	Finnish.HO	salmon
2476	2476	-0.0687755698222146	0.0023041609758559	500210	HG00126.HO	English.HO	silver
2477	2477	-0.0388495838609687	0.0245969138960052	500070	HG00173.HO	Finnish.HO	salmon
2478	2478	-0.0420431259606935	0.0139360852675252	499957	HG00181.HO	FIN_o.HO	silver
2479	2479	-0.0354996401354308	0.0285004524086459	500061	HG00182.HO	Finnish.HO	salmon
2480	2480	-0.0665511794085177	-0.0101083223620745	499894	HG01747.HO	Spanish.HO	red
2481	2481	-0.0666285669240428	-0.0105070469827038	499962	HG01746.HO	Spanish.HO	red
2482	2482	-0.0656710706643454	-0.0074925676962591	499683	HG01675.HO	Spanish.HO	red
2483	2483	-0.0661304497568302	-0.0098011092270714	500167	HG01680.HO	Spanish.HO	red
2484	2484	-0.0674475714863714	-0.0068504031256487	500348	HG01682.HO	Spanish.HO	red
2485	2485	-0.065475768893342	-0.0018176860969313	500249	HG01700.HO	Spanish_North.HO	red
2486	2486	-0.0669758046539455	-0.0065514543548422	500000	HG01679.HO	Spanish.HO	red
2487	2487	-0.0695120036721776	-0.0029609978178293	500177	HG01702.HO	Spanish_North.HO	red
2488	2488	-0.0692759621502993	-0.0083010870029176	500115	HG01676.HO	Spanish.HO	red
2489	2489	-0.0655017093786497	-0.0068660921788539	500216	HG01684.HO	Spanish.HO	red
2490	2490	-0.0649538612129745	-0.0084057156515176	500163	HG01705.HO	Spanish.HO	red
2491	2491	-0.0637421183536261	-0.0123377172218407	499979	HG01707.HO	Spanish.HO	red
2492	2492	-0.0655200379304645	-0.0109312568202644	500007	HG01685.HO	Spanish.HO	red
2493	2493	-0.0652968610948498	-0.005389848289572	499993	HG01686.HO	Spanish.HO	red
2494	2494	-0.061840482528219	-0.0132470691466957	499675	HG01704.HO	Spanish.HO	red
2495	2495	-0.0670351066119104	-0.0102042228318527	500185	HG01673.HO	Spanish.HO	red
2496	2496	-0.0584573626013193	-0.0131942973675889	500119	HG01695.HO	IBS_CanaryIslands.HO	silver
2497	2497	-0.0638446174819771	-0.0113625788432645	500164	HG01694.HO	IBS_CanaryIslands.HO	silver
2498	2498	-0.0702211798728387	-0.0109840870041383	500348	HG01761.HO	Spanish.HO	red
2499	2499	-0.0644811138057308	-0.008478926553876	500098	HG01770.HO	Spanish.HO	red
2500	2500	-0.0693238019646355	-0.0024565732634021	499977	HG01762.HO	Spanish.HO	red
2501	2501	-0.0664643783110623	-0.0058244687305299	500099	HG01773.HO	Spanish.HO	red
2502	2502	0.2291804576130289	-0.092542484170037	500285	HG01842.HO	Kinh.HO	silver
2503	2503	0.2271801807779864	-0.0869391264269603	500272	HG01844.HO	Kinh.HO	silver
2504	2504	0.2281558446882432	-0.0944419925151232	500132	HG01846.HO	Kinh.HO	silver
2505	2505	0.23427912356583	-0.0927758582931282	500105	HG01600.HO	Kinh.HO	silver
2506	2506	0.2286800497791522	-0.0926955045372895	482909	HG01595.HO	Kinh.HO	silver
2507	2507	0.2290733371121308	-0.0877436818889832	500170	HG01596.HO	Kinh.HO	silver
2508	2508	0.2333243936109262	-0.0910057179802045	500123	HG01597.HO	Kinh.HO	silver
2509	2509	0.2319853266737699	-0.0892883609477882	500108	HG01598.HO	Kinh.HO	silver
2510	2510	-0.0645659151453435	-0.0088655191293025	499920	HG02220.HO	Spanish.HO	red
2511	2511	-0.0693454332567242	-0.0080446361616709	500164	HG02238.HO	Spanish.HO	red
2512	2512	-0.0640387061701231	-0.0100279362330468	500241	HG01678.HO	Spanish.HO	red
2513	2513	-0.0643464544604622	-0.0131641650512908	500221	HG01699.HO	Spanish.HO	red
2514	2514	-0.0626961261886226	-0.0106510652477041	500198	HG01697.HO	Spanish.HO	red
2515	2515	0.0414946532169959	-0.0449054840570623	500222	HG02687.HO	Punjabi.HO	ivory
2516	2516	0.0192015029633795	-0.0404139449805258	500184	HG02491.HO	Punjabi.HO	ivory
2517	2517	0.0418285346993429	-0.049618829158538	500289	HG02783.HO	Punjabi.HO	ivory
2518	2518	0.0410438427536073	-0.0457445314723784	499619	HG02688.HO	Punjabi.HO	ivory
2519	2519	0.0433787906007745	-0.0405380816399897	500180	HG02724.HO	Punjabi.HO	ivory
2520	2520	0.0305387699416261	-0.0481500004436079	500055	NA19027.HO	Luhya.HO	silver
2521	2521	0.0318355770037333	-0.0454682575383875	499886	NA19044.HO	Luhya.HO	silver
2522	2522	0.0343318350226656	-0.0475237470471086	500120	NA20847.HO	GujaratiD.HO	silver
2523	2523	0.0213800815480353	-0.0382321210715916	500146	NA20854.HO	GujaratiB.HO	silver
2524	2524	0.009232911777297	-0.0299187390463037	500304	NA20881.HO	GIH_o.HO	silver
2525	2525	0.017359397455747	-0.0349306998329488	499998	NA20882.HO	GujaratiB.HO	silver
2526	2526	0.032290812661456	-0.0452254523437178	500200	NA20899.HO	GujaratiD.HO	silver
2527	2527	0.0083804913554569	-0.0271411791626092	500179	NA20910.HO	GujaratiA.HO	silver
2528	2528	0.0351595766854198	-0.0425527500984159	500164	NA21125.HO	GujaratiD.HO	silver
2529	2529	0.0046510329012931	-0.0305060657184645	500074	NA20858.HO	GujaratiA.HO	silver
2530	2530	0.0240854870424534	-0.0391332203441889	499959	NA20866.HO	GujaratiC.HO	silver
2531	2531	0.0207157391354593	-0.0360132933103551	500158	NA20873.HO	GujaratiB.HO	silver
2532	2532	0.0265688683847983	-0.0374673352853348	500201	NA20883.HO	GujaratiC.HO	silver
2533	2533	0.0199225071292066	-0.0378853942920756	500178	NA20885.HO	GujaratiB.HO	silver
2534	2534	0.0141583605225094	-0.0351923680855659	500288	NA20898.HO	GujaratiB.HO	silver
2535	2535	0.0260026988837699	-0.0405243549692352	500206	NA20903.HO	GujaratiC.HO	silver
2536	2536	0.0066165770807475	-0.0311426151220797	500102	NA20904.HO	GujaratiA.HO	silver
2537	2537	0.0363417846870037	-0.0455517380285332	500159	NA20911.HO	GujaratiD.HO	silver
2538	2538	0.033396369773976	-0.0417845838477686	500149	NA21116.HO	GujaratiC.HO	silver
2539	2539	0.032550341189997	-0.0392949080668144	500279	NA21123.HO	GujaratiD.HO	silver
2540	2540	0.0263423687425261	-0.042535208959501	500125	NA21097.HO	GujaratiC.HO	silver
2541	2541	0.0087821127469712	-0.0284660118998469	500202	NA20862.HO	GujaratiA.HO	silver
2542	2542	0.0274320238183499	-0.0458941679389834	499573	NA19020.HO	Luhya.HO	silver
2543	2543	-0.0659359637953102	0.0060198565790844	500211	HG00160.HO	English.HO	silver
2544	2544	0.0592004036708111	-0.041783480171644	500003	HG03007.HO	BEB.HO	silver
2545	2545	0.0581479037146684	-0.0473861150185384	500319	HG03006.HO	BEB.HO	silver
2546	2546	0.0581005656502496	-0.0465813199179554	500251	HG03793.HO	BEB.HO	silver
2547	2547	0.0313676927589099	-0.0458107816957647	499945	HG02571.HO	Gambian.HO	silver
2548	2548	0.0347651622598566	-0.0467985086472998	499734	HG03085.HO	Mende.HO	silver
2549	2549	0.0331600220093328	-0.0473174393263419	499649	HG03100.HO	Esan.HO	silver
2550	2550	0.025460594781067	-0.0442537967329123	499747	HG02574.HO	Gambian.HO	silver
2551	2551	0.0324785319112505	-0.0445429875896148	499859	HG02464.HO	Gambian.HO	silver
2552	2552	0.033185529019876	-0.0466820860912104	499761	HG02943.HO	Esan.HO	silver
2553	2553	0.0338189233149753	-0.044000827113802	498239	HG02922.HO	Esan.HO	silver
2554	2554	0.0322989543605322	-0.0495954364853405	499219	HG02974.HO	Esan.HO	silver
2555	2555	0.0339936045156455	-0.046814175044493	497705	HG03109.HO	Esan.HO	silver
2556	2556	0.0296803478283013	-0.0468269913733588	498586	HG02573.HO	Gambian.HO	silver
2557	2557	0.0341735528417878	-0.0464001751570566	499628	HG02923.HO	Esan.HO	silver
2558	2558	0.0304821757667466	-0.047669474779271	498786	HG03078.HO	Mende.HO	silver
2559	2559	0.0332455150205494	-0.0489353439836359	499216	HG03097.HO	Mende.HO	silver
2560	2560	0.0328285374271589	-0.04643745019261	499458	HG03057.HO	Mende.HO	silver
2561	2561	0.0327535228835822	-0.0473692421407341	499472	HG03099.HO	Esan.HO	silver
2562	2562	0.0303619278892368	-0.0448028687442011	499526	HG03108.HO	Esan.HO	silver
2563	2563	0.0335092058949723	-0.0466248551853151	499275	HG02570.HO	Gambian.HO	silver
2564	2564	0.0313283375391661	-0.0474377755004838	498832	HG03052.HO	Mende.HO	silver
2565	2565	0.0318067946066504	-0.0463631639131191	498068	HG03076.HO	Mende.HO	silver
2566	2566	0.0342416383414252	-0.0476275370134505	497265	NA19023.HO	Luhya.HO	silver
2567	2567	0.0291397632973567	-0.0457150163638702	499034	NA19024.HO	Luhya.HO	silver
2568	2568	0.0326973686462288	-0.0463135205280449	498456	NA19017.HO	Luhya.HO	silver
2569	2569	0.0317366335376714	-0.0493928952381576	499124	HG02465.HO	Gambian.HO	silver
2570	2570	0.0318474230966305	-0.0482918679293371	499495	NA19019.HO	Luhya.HO	silver
2571	2571	0.0303534532844158	-0.0446277006381369	499879	NA19026.HO	Luhya.HO	silver
2572	2572	0.0433563497791497	-0.0435614818512437	500100	HG02790.HO	Punjabi.HO	ivory
2573	2573	0.0271631936357453	-0.0387317300215922	499717	HG02601.HO	Punjabi.HO	ivory
2574	2574	0.0332048096129586	-0.0372016363838072	499667	HG02600.HO	Punjabi.HO	ivory
2575	2575	0.0331397774795011	-0.0473128842483935	499178	HG03072.HO	Mende.HO	silver
2576	2576	0.0344309610751765	-0.0456893670528505	499408	HG03069.HO	Mende.HO	silver
2577	2577	0.0618414466663779	-0.0473500995985805	498681	HG03589.HO	BEB.HO	silver
2578	2578	0.0580299906930524	-0.0450404383747278	499574	HG03009.HO	BEB.HO	silver
2579	2579	0.0635149574503495	-0.044135240648705	500238	HG03585.HO	BEB.HO	silver
2580	2580	0.0634398223836262	-0.0443837565140968	499900	HG03012.HO	BEB.HO	silver
2581	2581	0.0332064052106358	-0.0496623676026211	499161	Ayodo_430C.HO	Luo.HO	silver
2582	2582	0.0193729290507763	-0.0409218044008486	434792	Ayodo_468C.HO	Ignore_Luo.HO	silver
2583	2583	0.030581769534156	-0.0473165592441989	497265	Ayodo_460C.HO	Luo.HO	silver
2584	2584	0.0320082802800128	-0.0476289361307417	499937	Ayodo_412C.HO	Luo.HO	silver
2585	2585	0.0315823020898298	-0.0490924453056919	498792	Ayodo_502C.HO	Luo.HO	silver
2586	2586	0.0291807589149357	-0.0495141267429565	499565	Ayodo_438C.HO	Luo.HO	silver
2587	2587	0.0300249328615823	-0.0463401159128343	498164	Ayodo_604C.HO	Luo.HO	silver
2588	2588	0.0318916245283297	-0.0450491257638891	499813	Ayodo_423C.HO	Luo.HO	silver
2589	2589	0.0319582452691826	-0.0474919416053965	498724	Ayodo_458C.HO	Luo.HO	silver
2590	2590	0.0870923420671098	-0.0464160738297993	459251	Ayodo_36M.HO	Ignore_Masai.HO	silver
2591	2591	-0.0032079212020763	-0.0458831708170401	499519	Ayodo_43S.HO	Somali.HO	silver
2592	2592	-0.0017581371222762	-0.0402818224909294	499851	Ayodo_81S.HO	Somali.HO	silver
2593	2593	-0.0028322127349826	-0.0399202054201604	499246	Ayodo_52S.HO	Somali.HO	silver
2594	2594	-0.0022389786561712	-0.044958287387748	499348	Ayodo_61S.HO	Somali.HO	silver
2595	2595	0.0003823079712831	-0.0461661804146561	499663	Ayodo_41S.HO	Somali.HO	silver
2596	2596	-0.0013507105774139	-0.0455501280599085	499362	Ayodo_40S.HO	Somali.HO	silver
2597	2597	-0.0014797736699285	-0.0420025190027733	498823	Ayodo_34S.HO	Somali.HO	silver
2598	2598	-0.0035287899383928	-0.0423613026083071	499284	Ayodo_35S.HO	Somali.HO	silver
2599	2599	-0.0031783988283061	-0.0408092768112816	499763	Ayodo_5S.HO	Somali.HO	silver
2600	2600	0.019141013783991	-0.0214937782754516	499921	IHW9192(NON,L).HO	Ignore_Australian.HO	silver
2601	2601	0.1178714199187519	-0.0465319621528842	499526	IHW9195(WON,C).HO	Australian.HO	silver
2602	2602	0.1188519512589168	-0.0494271102067954	499397	IHW9193(WON,M).HO	Australian.HO	silver
2603	2603	0.084698067779022	-0.0431830620474045	500016	IHW9194(WON,I).HO	Ignore_Australian.HO	silver
2604	2604	0.0206312777721789	-0.0217345254886798	500098	IHW9196(HAY,KJ).HO	Ignore_Australian.HO	silver
2605	2605	0.0301794216038507	-0.0254861179756391	499688	IHW9117(IHL,AD031).HO	Ignore_Australian.HO	silver
2606	2606	0.1986953271876969	-0.0852415654268727	499823	CHI007.HO	Thai.HO	silver
2607	2607	0.224490940085784	-0.0905703158156546	499991	CHI034.HO	Thai.HO	silver
2608	2608	0.1852491974906838	-0.0727319159593324	499369	DCH002.HO	Thai.HO	silver
2609	2609	0.1856626256810597	-0.0831987859752106	499973	DCH006.HO	Thai.HO	silver
2610	2610	0.2164566035196267	-0.0840316608684265	499998	DCH007.HO	Thai.HO	silver
2611	2611	0.1850347317762068	-0.0857265865671924	499666	DCH008.HO	Thai.HO	silver
2612	2612	0.2074947111653024	-0.0830293376379302	500145	DCH009.HO	Thai.HO	silver
2613	2613	0.1872158999940073	-0.0748722932263815	499588	DCH010.HO	Thai.HO	silver
2614	2614	0.188915609412359	-0.078990397601937	500121	DCH011.HO	Thai.HO	silver
2615	2615	0.192970099699102	-0.0832482230601907	499985	DCH012.HO	Thai.HO	silver
2616	2616	0.1593751630431769	0.0306606955676533	499413	Zapo0046.HO	Zapotec.HO	silver
2617	2617	0.1562515857238474	0.0262324669306022	499954	Zapo0097.HO	Zapotec.HO	silver
2618	2618	0.1614885463945847	0.0266492289538153	498681	Zapo0059.HO	Zapotec.HO	silver
2619	2619	0.160986838141329	0.0303032840224441	500127	Zapo0091.HO	Zapotec.HO	silver
2620	2620	0.158094720722936	0.0270568136733634	499885	Zapo0082.HO	Zapotec.HO	silver
2621	2621	0.1617732162032769	0.0300105680989374	499672	Zapo0083.HO	Zapotec.HO	silver
2622	2622	0.1542721556710973	0.0289176693751838	499958	Zapo0095.HO	Zapotec.HO	silver
2623	2623	0.1535984498387704	0.028097282372492	493870	Zapo0076.HO	Zapotec.HO	silver
2624	2624	0.1552880389406379	0.0246641140964711	500066	Zapo0072.HO	Zapotec.HO	silver
2625	2625	0.1567147440934498	0.02666233797463	499911	Zapo0064.HO	Zapotec.HO	silver
2626	2626	0.1608914600660651	0.0267074783266177	499863	Mixa0016.HO	Mixtec.HO	silver
2627	2627	0.1602679167294556	0.0328536375148028	500067	Mixa0001.HO	Mixtec.HO	silver
2628	2628	0.1607519223406897	0.0280420605964567	500048	Mixa0061.HO	Mixtec.HO	silver
2629	2629	0.1615082914923903	0.0297231933154531	499353	Mixa0049.HO	Mixtec.HO	silver
2630	2630	0.1441190314535121	0.0262851371527145	499839	Mixa0002.HO	Mixtec.HO	silver
2631	2631	0.1594815356008113	0.0299840751129001	499972	Mixa0018.HO	Mixtec.HO	silver
2632	2632	0.1567040123146887	0.0256043811755317	500087	Mixa0024.HO	Mixtec.HO	silver
2633	2633	0.1560083458774494	0.0304605609085801	500014	Mixa0078.HO	Mixtec.HO	silver
2634	2634	0.1487801523753895	0.0286913831836965	500132	Mixa0087.HO	Mixtec.HO	silver
2635	2635	0.1557637364364045	0.024435961827258	499954	Mixa0093.HO	Mixtec.HO	silver
2636	2636	-0.0510955765115362	-0.032047369236174	480911	IranianJew1560.HO	Ignore_Jew_Iranian.HO	fuchsia
2637	2637	-0.0566901041910711	-0.0291952131538358	489272	LibyanJew1438.HO	Jew_Libyan.HO	silver
2638	2638	0.0097914532889755	-0.0484940954202065	491813	GOR063.HO	Datog.HO	silver
2639	2639	-0.0599530442015893	-0.019751978333286	488410	Malta4AM91.HO	Maltese.HO	silver
2640	2640	-0.0645480119114831	-0.0195825920386793	490102	Malta8AM91.HO	Maltese.HO	silver
2641	2641	0.1490380705724744	0.0258876011459225	493016	Bolivian41.HO	Bolivian.HO	silver
2642	2642	0.2356796269266363	0.0170380728747869	494429	Ul56.HO	Ulchi.HO	silver
2643	2643	0.1600650862685687	-0.0495594609594954	494876	Kusunda10.HO	Kusunda.HO	silver
2644	2644	-0.0431724955846845	-0.039338630994635	494189	Tunisian200000.HO	Tunisian.HO	silver
2645	2645	-0.0635420579775621	0.0002066563394431	496114	CRO53.HO	Croatian.HO	royalblue
2646	2646	-0.0571689015104252	-0.0233211927068621	496158	AshkenaziJew5779.HO	Jew_Ashkenazi.HO	silver
2647	2647	-0.053621416322878	-0.0315859595290787	496420	SephardiJewTurkey6051.HO	Ignore_Jew_Turkish.HO	silver
2648	2648	-0.0572363986139926	-0.0210105789729317	496553	SephardiJewTurkey4955.HO	Jew_Turkish.HO	silver
2649	2649	0.0351581130659357	-0.0469151288225121	496713	SA047.HO	Khomani.HO	silver
2650	2650	-0.0599066523785398	0.0064886457733294	497346	NOR119.HO	Norwegian.HO	saddlebrown
2651	2651	-0.0400186731550363	-0.0235739400178203	498232	Balikesir16558.HO	Ignore_Turkish.HO	silver
2652	2652	0.1679110290253056	-0.0516951539523563	497228	Kusunda05.HO	Kusunda.HO	silver
2653	2653	-0.0601864718080693	0.0045058016006541	497477	NOR124.HO	Norwegian.HO	saddlebrown
2654	2654	-0.066699115769234	-0.004636291099569	497684	CRO103.HO	Croatian.HO	royalblue
2655	2655	0.1519448870913056	-0.0516794257731664	497680	Kusunda11.HO	Kusunda.HO	silver
2656	2656	0.2412449772851435	0.0381987916395708	497588	Ul55.HO	Ulchi.HO	silver
2657	2657	-0.0640645927984588	-0.0016827616320622	497700	CRO107.HO	Croatian.HO	royalblue
2658	2658	-0.0605602281123504	-0.0250256967499684	497545	TunisianJew1421.HO	Jew_Tunisian.HO	silver
2659	2659	-0.0578475998637508	-0.0234802231450434	497868	SephardiJewTurkey5877.HO	Jew_Turkish.HO	silver
2660	2660	0.1385976692910045	-0.0528807472824518	497916	Kusunda01.HO	Kusunda.HO	silver
2661	2661	0.1979639021587263	0.0657423219239565	497846	Sir50.HO	Chukchi1.HO	silver
2662	2662	-0.0596230076212779	-0.0172967766757279	497888	TP08.HO	Sicilian.HO	deeppink
2663	2663	0.2154234488240791	0.0663449490229807	497937	Ckrd13.HO	Yukagir_Tundra.HO	silver
2664	2664	0.0347743380432842	-0.0452993507460468	497907	SA016.HO	Khomani.HO	silver
2665	2665	-0.0659741477080537	-0.0139325282214274	497424	GREEKGRALPOP18.HO	Greek.HO	violet
2666	2666	0.0089475936244159	-0.046524655011641	497988	GOR067.HO	Datog.HO	silver
2667	2667	-0.0160682945043929	-0.0390190926430337	498233	EthiopianJew1818.HO	Ethiopia_BetaIsrael.HO	silver
2668	2668	-0.0578139396741046	-0.0207348246254457	498272	AshkenaziJew5782.HO	Jew_Ashkenazi.HO	silver
2669	2669	0.1850029287571616	-0.0530570547364375	498279	Kusunda03.HO	Kusunda.HO	silver
2670	2670	0.0309727428532946	-0.0475925406433526	498095	SA018.HO	Khomani.HO	silver
2671	2671	0.1746076302860309	-0.0504600404540564	498369	Kusunda04.HO	Kusunda.HO	silver
2672	2672	-0.0649539537133165	-0.0253401901961993	498216	BEL57.HO	Italian_South.HO	silver
2673	2673	0.1934549241849811	0.0544236027758522	498316	Sir43.HO	Eskimo_ChaplinSireniki.HO	silver
2674	2674	-0.0354214750714579	-0.0330681034641591	497580	Algerian43A22.HO	Algerian.HO	silver
2675	2675	0.2431840739497388	0.0264555292431382	498216	Ul16.HO	Ulchi.HO	silver
2676	2676	-0.0697389658824317	-0.0038244404099425	497310	BAS35.HO	Basque.HO	silver
2677	2677	-0.0330302449121584	-0.0347507386361216	498694	Egypt8BA65.HO	Ignore_Egyptian.HO	silver
2678	2678	0.2415420795728325	0.031088066884603	498437	Ul69.HO	Ulchi.HO	silver
2679	2679	0.1757972890474129	0.0467091289442408	498454	Kor31.HO	Ignore_Koryak.HO	silver
2680	2680	0.196229919768583	0.0590471552943775	498451	Esk22.HO	Eskimo_ChaplinSireniki.HO	silver
2681	2681	-0.0607367986367231	-0.0214215761244313	498548	SR23.HO	Sicilian.HO	deeppink
2682	2682	0.1861883971890033	0.0592124122978954	498434	Kor33.HO	Ignore_Koryak.HO	silver
2683	2683	0.241364190983291	0.0149883686617705	498550	Ul1.HO	Ulchi.HO	silver
2684	2684	0.2070585051916961	0.0608633271622234	498616	Kor2.HO	Koryak.HO	silver
2685	2685	0.2052966641862171	0.061182756829858	498558	Kor22.HO	Koryak.HO	silver
2686	2686	-0.0598251602533261	-5.8020953950153446e-05	498586	CRO47.HO	Croatian.HO	royalblue
2687	2687	-0.0595755248484404	0.0077128656089388	498700	NOR106.HO	Norwegian.HO	saddlebrown
2688	2688	-0.0645653744724091	0.0038274770219197	498797	CRO41.HO	Croatian.HO	royalblue
2689	2689	0.1922954301987308	-0.0555951288078909	498747	Kusunda07.HO	Kusunda.HO	silver
2690	2690	-0.063711082258076	-0.0178438633113052	497884	Malta7AM91.HO	Maltese.HO	silver
2691	2691	-0.0621098924861061	-0.0254462927129099	498810	SephardiJewTurkey4953.HO	Jew_Turkish.HO	silver
2692	2692	-0.062132112568543	-0.0259024516156605	498574	SephardiJewTurkey6077.HO	Jew_Turkish.HO	silver
2693	2693	-0.0570750413246745	0.0041396131174485	498787	NOR101.HO	Norwegian.HO	saddlebrown
2694	2694	-0.0578441424781049	-0.0238964954416204	498756	SephardiJewTurkey5832.HO	Jew_Turkish.HO	silver
2695	2695	-0.0557889039076078	-0.0349192218618784	498796	YemeniteJew4684.HO	Jew_Yemenite.HO	silver
2696	2696	0.1558069882285838	-0.0511860290961693	498879	Kusunda02.HO	Kusunda.HO	silver
2697	2697	0.2064384211303988	0.0611109858609256	498841	Kor60.HO	Itelmen.HO	silver
2698	2698	-0.061458127693224	-0.0216679009391264	498967	TP05.HO	Sicilian.HO	deeppink
2699	2699	-0.0395776050217712	-0.0278858516941099	498734	Kayseri24392.HO	Turkish.HO	silver
2700	2700	-0.0433098220285177	-0.037421403520766	498376	Egypt17AQ176.HO	Egyptian.HO	silver
2701	2701	-0.0534130815305731	-0.0421644600584969	498913	YemeniteJew4695.HO	Jew_Yemenite.HO	silver
2702	2702	-0.0641396606730612	-0.0209321395569943	498900	SR60.HO	Sicilian.HO	deeppink
2703	2703	-0.0420480714363919	-0.0357924200444141	498561	Egypt19AQ172.HO	Ignore_Egyptian.HO	silver
2704	2704	0.2010899858818902	0.0578603071324994	498949	Kor62.HO	Itelmen.HO	silver
2705	2705	-0.0596197433275615	0.0086778060749427	498970	NOR146.HO	Norwegian.HO	saddlebrown
2706	2706	0.2378616916136819	0.0593649349207753	499017	Ul36.HO	Ulchi.HO	silver
2707	2707	0.0104571570080354	-0.0452390906704308	498900	GOR049.HO	Datog.HO	silver
2708	2708	0.1685597169801374	-0.049760140147092	499018	Kusunda15.HO	Kusunda.HO	silver
2709	2709	0.1903340265391718	0.0533501243375388	499088	Nesk8.HO	Eskimo_Naukan.HO	silver
2710	2710	-0.0656098223693907	-0.0226410870481052	499207	TP06.HO	Sicilian.HO	deeppink
2711	2711	-0.050210369735781	-0.0072233109395332	499186	AshkenaziJew5780.HO	Ignore_Jew_Ashkenazi.HO	silver
2712	2712	-0.0609598988267032	0.0055983932103238	499172	NOR108.HO	Norwegian.HO	saddlebrown
2713	2713	0.1994405410931987	0.0644982639811038	499072	Sir41.HO	Chukchi1.HO	silver
2714	2714	0.2274399087058113	0.0840181929908025	499117	Ckrd18.HO	Yukagir_Tundra.HO	silver
2715	2715	-0.0556542499181869	-0.0055802666523601	499131	CRO66.HO	Croatian.HO	royalblue
2716	2716	-0.0513661577689913	-0.0337325232757236	498989	IranianJew1409.HO	Jew_Iranian.HO	fuchsia
2717	2717	-0.0606950108168424	0.0023473646169234	499105	NOR126.HO	Norwegian.HO	saddlebrown
2718	2718	-0.0596816785684231	-0.0231298093854481	499141	SephardiJewTurkey5075.HO	Jew_Turkish.HO	silver
2719	2719	0.2025659423969954	0.0607837198317099	499141	Kor76.HO	Itelmen.HO	silver
2720	2720	0.1694400874342483	0.0317143661748961	498983	Bolivian39.HO	Bolivian.HO	silver
2721	2721	-0.0636130306005848	-0.0156361557113245	498901	GREEKGRALPOP13.HO	Greek.HO	violet
2722	2722	-0.0616690519127486	-0.0233624223187689	499249	TP07.HO	Sicilian.HO	deeppink
2723	2723	-0.072455862842502	0.0016108347754925	498924	BAS31.HO	Basque.HO	silver
2724	2724	-0.0642903107104072	-0.0080309637807153	498407	ALB191.HO	Albanian.HO	silver
2725	2725	-0.0624369655332083	-0.015973456336061	498849	GREEKGRALPOP15.HO	Greek.HO	violet
2726	2726	-0.0603689231631756	-0.0238779439069044	499294	SephardiJewTurkey4950.HO	Jew_Turkish.HO	silver
2727	2727	-0.0588179164329895	0.0075289646797203	499288	NOR107.HO	Norwegian.HO	saddlebrown
2728	2728	-0.0619227039359879	-0.0261199345332336	499340	SephardiJewTurkey5033.HO	Jew_Turkish.HO	silver
2729	2729	0.2418543295965324	0.0256931928925058	499251	Ul25.HO	Ulchi.HO	silver
2730	2730	-0.012971550219474	-0.0457916647813093	499320	EthiopianJew4690.HO	Ethiopia_BetaIsrael.HO	silver
2731	2731	-0.0606994280493539	-0.0205121946205495	498922	GREEKGRALPOP5.HO	Greek.HO	violet
2732	2732	0.1856211887574283	0.0135073689503861	499431	Ul60.HO	Ignore_Ulchi.HO	silver
2733	2733	-0.0487577444636086	-0.0367358500819689	499384	YemeniteJew4675.HO	Jew_Yemenite.HO	silver
2734	2734	-0.0630571002932198	-0.0008036442231302	499410	CRO153.HO	Croatian.HO	royalblue
2735	2735	-0.0670452293785881	0.007347954554169	499334	NOR109.HO	Norwegian.HO	saddlebrown
2736	2736	-0.0126669435632461	-0.0468683848164138	499229	EthiopianJew1574.HO	Ethiopia_BetaIsrael.HO	silver
2737	2737	-0.0640483322701468	-0.0027203860574764	498988	SouthFrench3326.HO	French.HO	yellow
2738	2738	-0.0620639850307716	-0.01429176765262	499037	GREEKGRALPOP9.HO	Greek.HO	violet
2739	2739	0.0825680972601509	0.0659468240492648	499450	Mansi48.HO	Mansi.HO	silver
2740	2740	-0.0642866575630715	-0.0164155947431335	499466	TP04.HO	Sicilian.HO	deeppink
2741	2741	-0.0624427230057874	-0.0037792926397873	499529	CRO31.HO	Croatian.HO	royalblue
2742	2742	0.207503009441915	0.0619415595409747	499445	Kor35.HO	Koryak.HO	silver
2743	2743	0.154917681637005	0.0231738720946721	499249	Bolivian62.HO	Bolivian.HO	silver
2744	2744	-0.0587463096834375	-0.0257514437874094	499450	TP25.HO	Sicilian.HO	deeppink
2745	2745	-0.0654992103569319	-0.0167251129650827	499228	GREEKGRALPOP4.HO	Greek.HO	violet
2746	2746	-0.0571020854412446	-0.0258698553588799	499415	LibyanJew1601.HO	Jew_Libyan.HO	silver
2747	2747	-0.0131390364635438	-0.0421586560121367	499447	EthiopianJew1804.HO	Ethiopia_BetaIsrael.HO	silver
2748	2748	-0.0588645134138696	-0.0290677134250853	499444	MoroccanJew5134.HO	Ignore_Jew_Moroccan.HO	silver
2749	2749	-0.045623160122251	-0.0358151829608822	499261	Egypt20AQ172.HO	Ignore_Egyptian.HO	silver
2750	2750	-0.0614667467612597	-0.0009666984060498	499513	CRO93.HO	Croatian.HO	royalblue
2751	2751	-0.0581120620681299	-0.0210543770210766	498854	Malta17AM91.HO	Maltese.HO	silver
2752	2752	0.2416802525637423	0.0306367260061277	499530	Ul52.HO	Ulchi.HO	silver
2753	2753	0.0232251773082723	-0.0431502066222033	499497	KuchinJew30052.HO	Jew_Cochin.HO	silver
2754	2754	-0.0680788611035908	-9.351189975495292e-05	499308	SouthFrench3947.HO	French.HO	yellow
2755	2755	-0.0660794301469157	-0.0047754100293122	499117	SouthFrench1323.HO	French.HO	yellow
2756	2756	-0.0573531644410931	-0.0216660620636699	499595	SR48R.HO	Sicilian.HO	deeppink
2757	2757	-0.0217394901469075	-0.0133422429365323	499409	Balikesir16675.HO	Turkish_Balikesir.HO	silver
2758	2758	-0.0549005478718249	-0.0414163266276574	499611	YemeniteJew4938.HO	Jew_Yemenite.HO	silver
2759	2759	-0.063116601451242	-0.0202496445235207	499533	SR44.HO	Sicilian.HO	deeppink
2760	2760	0.2033745740072219	0.0583891050014259	499627	Kor78.HO	Itelmen.HO	silver
2761	2761	-0.0435225439604681	-0.033334903881215	499379	Egypt15AQ172.HO	Egyptian.HO	silver
2762	2762	-0.063445992703519	-0.0214932932925357	499568	SR64.HO	Sicilian.HO	deeppink
2763	2763	-0.0584820571688565	0.0087856911527425	499594	NOR148.HO	Norwegian.HO	saddlebrown
2764	2764	0.1900373142231929	-0.0531563527347588	499636	Kusunda12.HO	Kusunda.HO	silver
2765	2765	-0.0619435505462572	-0.0331001186600675	499596	IraqiJew4061.HO	Jew_Iraqi.HO	silver
2766	2766	-0.0624157687084777	-0.0292968199454113	499056	CYP19.HO	Cypriot.HO	silver
2767	2767	-0.0637057334869736	-0.0021115025390541	499748	CRO48.HO	Croatian.HO	royalblue
2768	2768	-0.0637957031486197	-0.0138140940323456	499426	GREEKGRALPOP17.HO	Greek.HO	violet
2769	2769	0.2421762109018665	0.0357544112684587	499593	Ul70.HO	Ulchi.HO	silver
2770	2770	-0.0384648542373749	-0.0291465793080529	499331	Algerian43A21.HO	Algerian.HO	silver
2771	2771	-0.0468013538242158	-0.0345273147163813	499327	Egypt3AQ172.HO	Egyptian.HO	silver
2772	2772	-0.0621571906316725	-0.0161080013603643	499259	ALB213.HO	Albanian.HO	silver
2773	2773	-0.0318530071096477	-0.0172653999646528	499367	Turkish7BA57.HO	Turkish.HO	silver
2774	2774	-0.0685465294291944	-0.0063600798305468	499075	BAS22.HO	Basque.HO	silver
2775	2775	-0.0419673555682942	-0.0348089546874433	499309	Tunisian20C1.HO	Tunisian.HO	silver
2776	2776	-0.0637730217672105	-0.0116025062966553	499442	GREEKGRALPOP16.HO	Greek.HO	violet
2777	2777	0.1307383044733794	0.0237587687528909	499486	Bolivian72.HO	Bolivian.HO	silver
2778	2778	-0.0557545837635871	-0.0289459653063481	499577	LibyanJew1104.HO	Jew_Libyan.HO	silver
2779	2779	-0.0189120092914933	-0.0197419831560123	499574	Balikesir16790.HO	Turkish_Balikesir.HO	silver
2780	2780	-0.0676106329307143	0.0050934918500016	499805	NOR111.HO	Norwegian.HO	saddlebrown
2781	2781	-0.0674868939669047	-0.0072070065936079	499367	SouthFrench3951.HO	French.HO	yellow
2782	2782	0.1654929163354797	0.0301365575272076	499464	Bolivian46.HO	Bolivian.HO	silver
2783	2783	-0.0705836451641921	-0.005967757620811	499172	BAS25.HO	Basque.HO	silver
2784	2784	-0.0757607198487708	-0.0039644196582023	499415	BAS32.HO	Basque.HO	silver
2785	2785	-0.064888602951331	-0.0144536981595592	499281	GREEKGRALPOP11.HO	Greek.HO	violet
2786	2786	-0.0376656001783227	-0.0352513276647823	499405	SAH27.HO	Saharawi.HO	silver
2787	2787	-0.0390967494536576	-0.0315657458713738	499511	Tunisian20F4.HO	Tunisian.HO	silver
2788	2788	-0.0582599133423634	-0.015004458198927	499375	GREEKGRALPOP10.HO	Greek.HO	violet
2789	2789	0.1341918847022856	0.0245489896323603	499617	Bolivian71.HO	Bolivian.HO	silver
2790	2790	-0.0095473754307897	-0.0445962213090324	499769	EthiopianJew1822.HO	Ethiopia_BetaIsrael.HO	silver
2791	2791	-0.054014201413522	-0.0328247236397541	499668	IraqiJew1524.HO	Ignore_Jew_Iraqi.HO	silver
2792	2792	-0.0598171110353511	-0.0233401659701594	499440	Malta2AM91.HO	Maltese.HO	silver
2793	2793	-0.0615307015560793	-0.0122323162301179	499620	GREEKGRALPOP3.HO	Greek.HO	violet
2794	2794	-0.0590162940081768	-0.0223185312652842	499593	Malta16AM91.HO	Maltese.HO	silver
2795	2795	-0.065303143327626	-0.012113874012632	499596	GREEKGRALPOP8.HO	Greek.HO	violet
2796	2796	-0.0543145618072642	-0.0323235573634623	499801	IranianJew1132.HO	Jew_Iranian.HO	fuchsia
2797	2797	-0.0573508914359754	-0.0246206589435968	499791	MoroccanJew5126.HO	Jew_Moroccan.HO	silver
2798	2798	-0.0307734951943692	-0.0135253873569257	499645	Turkish8BA62.HO	Turkish.HO	silver
2799	2799	-0.0570054703414572	-0.0301808420183703	499800	LibyanJew1462.HO	Jew_Libyan.HO	silver
2800	2800	-0.0604269500033833	-0.0275302502405587	499533	CYP5.HO	Cypriot.HO	silver
2801	2801	-0.0581484868615048	-0.0239456316341697	499819	IraqiJew4077.HO	Ignore_Jew_Iraqi.HO	silver
2802	2802	-0.0706399270476144	-0.0048608070598108	499647	SouthFrench3068.HO	French.HO	yellow
2803	2803	-0.0432201580875703	-0.0367110722943783	499534	Egypt1AQ172.HO	Egyptian.HO	silver
2804	2804	-0.0613250166942829	-0.0246164340709496	499696	Cyprus13AJ19.HO	Cypriot.HO	silver
2805	2805	-0.0464859275162156	-0.0305174673733739	499598	Algerian43A34.HO	Algerian.HO	silver
2806	2806	-0.0426595078499712	-0.0281666731496125	499721	Algerian43A13.HO	Algerian.HO	silver
2807	2807	-0.0583013082496144	-0.0308745159445514	499926	TunisianJew1763.HO	Jew_Tunisian.HO	silver
2808	2808	-0.059953732268079	-0.0235383727488865	499737	Malta15AM91.HO	Maltese.HO	silver
2809	2809	-0.0411248811197424	-0.0288866234604072	499697	SAH21.HO	Saharawi.HO	silver
2810	2810	-0.0572052334320907	-0.0252379074103061	499934	MoroccanJew4634.HO	Jew_Moroccan.HO	silver
2811	2811	-0.05431271477523	-0.0345236466526128	499855	IraqiJew1424.HO	Ignore_Jew_Iraqi.HO	silver
2812	2812	-0.060022545553526	-0.0281473123984277	499887	LibyanJew1263.HO	Jew_Libyan.HO	silver
2813	2813	-0.0381379630665974	-0.0252603733411365	499839	Istanbul20010.HO	Turkish.HO	silver
2814	2814	-0.0656853036500112	-0.0041580630570761	499750	BAS30.HO	Basque.HO	silver
2815	2815	-0.0364234231978458	-0.0339081144135563	499790	SAH24.HO	Saharawi.HO	silver
2816	2816	-0.062598495715906	-0.0305689398629549	499722	Cyprus24AJ19.HO	Cypriot.HO	silver
2817	2817	-0.0507934292666484	-0.0380945901013798	499924	YemeniteJew4667.HO	Jew_Yemenite.HO	silver
2818	2818	-0.0564120053278255	-0.0321850677243741	499973	TunisianJew1507.HO	Jew_Tunisian.HO	silver
2819	2819	-0.0546933251021266	-0.0358186181887121	499985	IraqiJew4241.HO	Jew_Iraqi.HO	silver
2820	2820	-0.0382419671612972	-0.0314242478303226	499786	Tunisian20D4.HO	Tunisian.HO	silver
2821	2821	-0.0551250256806115	-0.0280492960608657	500074	TunisianJew1544.HO	Jew_Tunisian.HO	silver
2822	2822	-0.0578037525445384	-0.0198218112217419	499904	AshkenaziJew5783.HO	Jew_Ashkenazi.HO	silver
2823	2823	-0.0369712286028494	-0.0294812556399545	499813	SAH34.HO	Saharawi.HO	silver
2824	2824	-0.023444066784058	-0.0164323901411647	499847	Turkish4BA57.HO	Turkish.HO	silver
2825	2825	-0.0588009490252023	-0.0237737727249892	500044	AshkenaziJew5704.HO	Jew_Ashkenazi.HO	silver
2826	2826	-0.0395046892211232	-0.034747476698167	499853	Tunisian20A5.HO	Tunisian.HO	silver
2827	2827	-0.0564732415497029	-0.0278659818052166	499977	MoroccanJew4789.HO	Jew_Moroccan.HO	silver
2828	2828	-0.05465900189795	-0.033147843524688	500007	IranianJew1159.HO	Jew_Iranian.HO	fuchsia
2829	2829	-0.0445625718493571	-0.0368517453721627	499878	Egypt5AQ172.HO	Egyptian.HO	silver
2830	2830	-0.0539670228908659	-0.0243462091375336	500007	MoroccanJew5168.HO	Jew_Moroccan.HO	silver
2831	2831	-0.0528512464285305	-0.0338812114946654	499978	IranianJew1513.HO	Jew_Iranian.HO	fuchsia
2832	2832	-0.0579719818475868	-0.0230749945210901	500035	AshkenaziJew5728.HO	Jew_Ashkenazi.HO	silver
2833	2833	-0.0603055248518974	-0.0151142422409607	499876	ALB202.HO	Albanian.HO	silver
2834	2834	-0.0697413508388992	-0.0075900807088099	499856	BAS29.HO	Ignore_Basque.HO	silver
2835	2835	-0.0417652887671934	-0.0273478057902603	499863	Algerian43A24.HO	Algerian.HO	silver
2836	2836	-0.0542315480137248	-0.037451349602022	499933	YemeniteJew4960.HO	Jew_Yemenite.HO	silver
2837	2837	-0.0587458163806981	-0.0119559260410865	499892	GREEKGRALPOP12.HO	Greek.HO	violet
2838	2838	-0.0676712847369654	-0.0086759069425407	499943	SouthFrench1112.HO	French.HO	yellow
2839	2839	-0.0569709243456942	-0.0198811986090675	500110	AshkenaziJew5790.HO	Jew_Ashkenazi.HO	silver
2840	2840	-0.0378291866901801	-0.0223607353109221	499917	Trabzon21529.HO	Ignore_Turkish.HO	silver
2841	2841	-0.0402865409610914	-0.0350677227893966	499925	SAH18.HO	Saharawi.HO	silver
2842	2842	-0.0112325945639132	-0.0440055189740466	500094	EthiopianJew1570.HO	Ethiopia_BetaIsrael.HO	silver
2843	2843	-0.0611969479007255	-0.0293996769431846	499876	CYP2.HO	Cypriot.HO	silver
2844	2844	0.1019218126416626	0.0778678720209391	499898	Mansi76.HO	Mansi.HO	silver
2845	2845	-0.0467060045115942	-0.0337611012101098	500103	GeorgianJew1607.HO	Jew_Georgian.HO	silver
2846	2846	-0.0562123751127683	-0.0339237086019236	500111	GeorgianJew1671.HO	Jew_Georgian.HO	silver
2847	2847	-0.0605694332166028	-0.0393625693695822	499904	Cyprus2AJ19.HO	Cypriot.HO	silver
2848	2848	-0.0469083837559449	-0.0311865540333919	500024	Tunisian20C4.HO	Tunisian.HO	silver
2849	2849	-0.0428682584074614	-0.0227472178778494	500024	Adana23114.HO	Turkish.HO	silver
2850	2850	-0.0644042468460655	-0.0142196057672552	499927	GREEKGRALPOP14.HO	Greek.HO	violet
2851	2851	-0.0467058904502431	-0.0359979813563637	500026	Egypt8AT113.HO	Egyptian.HO	silver
2852	2852	-0.0543500197864197	-0.0339463942084155	500136	IranianJew1556.HO	Jew_Iranian.HO	fuchsia
2853	2853	-0.0615405261495003	-0.0291716560471273	500215	TunisianJew1170.HO	Jew_Tunisian.HO	silver
2854	2854	-0.0615912893269137	-0.0272858333765023	500047	TunisianJew1531.HO	Jew_Tunisian.HO	silver
2855	2855	-0.0559172053252679	-0.0186127275401205	499958	Balikesir16563.HO	Ignore_Turkish.HO	silver
2856	2856	-0.0646509626050471	-0.0078379607606936	500028	SouthFrench4018.HO	French.HO	yellow
2857	2857	-0.0398622376158059	-0.0349301779599305	500023	SAH9.HO	Saharawi.HO	silver
2858	2858	-0.0585389416564494	-0.0349902194971441	500003	Trabzon21177.HO	Turkish.HO	silver
2859	2859	-0.0587724106032747	-0.0331212593310077	499993	GeorgianJew1577.HO	Jew_Georgian.HO	silver
2860	2860	-0.0351100434817473	-0.0335694730517763	499960	Algerian43A32.HO	Algerian.HO	silver
2861	2861	-0.0713289406621766	-0.0043354516863264	500017	BAS28.HO	Basque.HO	silver
2862	2862	-0.0205732283534906	-0.0176890380495922	500063	Aydin18784.HO	Turkish.HO	silver
2863	2863	-0.0598036681730819	-0.0343687310541552	500184	IraqiJew1417.HO	Jew_Iraqi.HO	silver
2864	2864	-0.0394226551329201	-0.027760566642918	500067	Istanbul19810.HO	Turkish.HO	silver
2865	2865	-0.0593437353629181	-0.0317269847076051	500064	Trabzon21557.HO	Turkish.HO	silver
2866	2866	-0.057372520355534	-0.0303399799179284	500146	LibyanJew1611.HO	Jew_Libyan.HO	silver
2867	2867	-0.0539668857257778	-0.0284944172804781	500192	IranianJew1557.HO	Jew_Iranian.HO	fuchsia
2868	2868	-0.0549381627003153	-0.0293668303016701	500181	GeorgianJew1971.HO	Jew_Georgian.HO	silver
2869	2869	-0.0558714903054753	-0.0349242561330621	500175	GeorgianJew1594.HO	Jew_Georgian.HO	silver
2870	2870	-0.0311693185632246	-0.0343256440288533	500044	SAH20.HO	Ignore_Saharawi.HO	silver
2871	2871	-0.0582611498021343	-0.0295246917594957	500194	MoroccanJew4692.HO	Jew_Moroccan.HO	silver
2872	2872	-0.0652887811266954	-0.017371314114623	499983	ALB212.HO	Albanian.HO	silver
2873	2873	-0.0200980565294613	-0.0356762156384085	500165	KuchinJew20551.HO	Jew_Cochin.HO	silver
2874	2874	-0.0442284941906532	-0.0352736581786942	499983	Egypt12AQ172.HO	Egyptian.HO	silver
2875	2875	-0.0431547290314727	-0.0374765927250602	500142	Egypt9AQ177.HO	Egyptian.HO	silver
2876	2876	-0.0538479621825347	0.013730245282357	500161	GeorgianJew1961.HO	Ignore_Jew_Georgian.HO	silver
2877	2877	-0.055740511542619	-0.0351515185603398	500144	IraqiJew1771.HO	Jew_Iraqi.HO	silver
2878	2878	-0.0542364642599974	-0.0408979674916406	500164	YemeniteJew5433.HO	Jew_Yemenite.HO	silver
2879	2879	0.0973844669490771	0.0762941397754339	500061	Mansi94.HO	Mansi.HO	silver
2880	2880	-0.0415696901880662	-0.0304910497185719	500026	Algerian43A23.HO	Algerian.HO	silver
2881	2881	-0.0639406242892818	-0.0163764843293385	499988	ALB220.HO	Albanian.HO	silver
2882	2882	-0.0625847393205549	-0.0327551158207485	499999	Cyprus22AJ19.HO	Cypriot.HO	silver
2883	2883	-0.0515013946702676	-0.0382358800832558	500161	YemeniteJew4937.HO	Jew_Yemenite.HO	silver
2884	2884	0.1394366241346677	0.0034006697701866	500076	Bishkek28452.HO	Kyrgyz_Kyrgyzstan.HO	silver
2885	2885	-0.0443620516257827	-0.032061785434141	500082	Egypt9AQ172.HO	Egyptian.HO	silver
2886	2886	-0.0649000336582722	-0.0229926434276781	500073	Malta12AM91.HO	Maltese.HO	silver
2887	2887	-0.0542284615598863	-0.0315049311747526	500146	Trabzon21534.HO	Turkish.HO	silver
2888	2888	-0.0584739702482028	-0.0266812519766371	500185	LibyanJew1605.HO	Jew_Libyan.HO	silver
2889	2889	-0.0709991724678988	-0.0032194501621958	500109	BAS27.HO	Basque.HO	silver
2890	2890	-0.058753639938369	-0.0303776369263921	500030	Cyprus21AJ19.HO	Cypriot.HO	silver
2891	2891	-0.0168467305015322	-0.0415187653693916	500204	EthiopianJew1831.HO	Ethiopia_BetaIsrael.HO	silver
2892	2892	-0.0549669383343022	-0.028813158787254	500225	TunisianJew1511.HO	Jew_Tunisian.HO	silver
2893	2893	-0.0262119641273608	-0.0212338482525984	500113	Turkish9BA57.HO	Turkish.HO	silver
2894	2894	-0.0383434645192951	-0.0347640398895082	500082	Tunisian20D1.HO	Tunisian.HO	silver
2895	2895	-0.0401941978328906	-0.030209933502017	500112	Tunisian20B4.HO	Tunisian.HO	silver
2896	2896	-0.0460996761089757	-0.0281479404896646	500139	Kayseri24075.HO	Turkish.HO	silver
2897	2897	-0.045182414302129	-0.0333659570172795	500063	Egypt7AQ172.HO	Egyptian.HO	silver
2898	2898	0.1417808805360476	0.0287692432728246	500188	Bolivian81.HO	Bolivian.HO	silver
2899	2899	-0.0561419874837166	-0.0423581716377246	500237	IraqiJew4291.HO	Jew_Iraqi.HO	silver
2900	2900	-0.0627805615294705	-0.0128685258946964	500144	ALB230.HO	Albanian.HO	silver
2901	2901	-0.0588307126429862	-0.0176996813425523	500212	AshkenaziJew5775.HO	Ignore_Jew_Ashkenazi.HO	silver
2902	2902	-0.056470026876242	-0.033855826701151	500162	Adana23108.HO	Turkish.HO	silver
2903	2903	-0.055619919466655	-0.0329540711473965	500236	IranianJew1143.HO	Jew_Iranian.HO	fuchsia
2904	2904	-0.0595725499415043	-0.0258549850112558	500306	MoroccanJew4683.HO	Jew_Moroccan.HO	silver
2905	2905	-0.0052084316140324	-0.0422473168147351	500322	KuchinJew20622.HO	Jew_Cochin.HO	silver
2906	2906	0.0048681082645022	0.0270256313513676	500150	Ale33.HO	Aleut.HO	silver
2907	2907	-0.0166424388215585	-0.0166677717100704	500203	Balikesir16887.HO	Turkish_Balikesir.HO	silver
2908	2908	-0.0515597030866406	-0.0308766669079551	500263	IranianJew1832.HO	Jew_Iranian.HO	fuchsia
2909	2909	-0.0538887240994864	-0.0344641188396602	500333	GeorgianJew1654.HO	Jew_Georgian.HO	silver
2910	2910	0.1447467721832915	0.0071602630247476	500197	Bishkek28442.HO	Kyrgyz_Kyrgyzstan.HO	silver
2911	2911	-0.0693357605550542	-0.0060808723861179	500201	BAS33.HO	Basque.HO	silver
2912	2912	0.0236648620076851	-0.0427536065349932	500220	KuchinJew20851.HO	Jew_Cochin.HO	silver
2913	2913	-0.0620830748789872	-0.0211215948380658	500255	GeorgianJew1972.HO	Ignore_Jew_Georgian.HO	silver
2914	2914	0.0700020415390266	0.0617215498781479	500197	Mansi43.HO	Mansi.HO	silver
2915	2915	0.0252900834875045	-0.0436492808159932	500300	KuchinJew20320.HO	Jew_Cochin.HO	silver
2916	2916	-0.0538659174467008	-0.0299358442993673	500335	GeorgianJew1883.HO	Jew_Georgian.HO	silver
2917	2917	-0.0584883363518731	-0.0269764562774678	500288	LibyanJew1639.HO	Jew_Libyan.HO	silver
2918	2918	-0.0587793693876384	-0.0261700626583698	500358	LibyanJew1659.HO	Jew_Libyan.HO	silver
2919	2919	-0.0375526246899846	-0.0220918738999652	500245	Kayseri24266.HO	Turkish.HO	silver
2920	2920	-0.0200911409256945	-0.0158111045082517	500250	Balikesir16653.HO	Turkish_Balikesir.HO	silver
2921	2921	-0.0384095241076254	-0.008287081783554	500280	Istanbul25095.HO	Turkish.HO	silver
2922	2922	-0.02132473934023	-0.0186987501183508	500257	Aydin18112.HO	Turkish.HO	silver
2923	2923	-0.0586621205996462	-0.0042194026754039	500212	Aydin18414.HO	Ignore_Turkish.HO	silver
2924	2924	-0.0381318517741899	-0.0233501281423274	500290	Kayseri24402.HO	Turkish.HO	silver
2925	2925	-0.0572499284998465	-0.0214960262603885	500264	Balikesir16577.HO	Ignore_Turkish.HO	silver
2926	2926	-0.0366233767464362	-0.0197307350481997	500299	Istanbul25081.HO	Turkish.HO	silver
2927	2927	-0.0104421237195303	-0.0168115900618135	500294	Aydin18596.HO	Turkish.HO	silver
2928	2928	0.0984852071678374	0.0329852320063471	500239	Ale20.HO	Aleut.HO	silver
2929	2929	0.0261256665822643	0.0295343424392628	500323	Ale35.HO	Aleut.HO	silver
2930	2930	-0.0266029132957771	-0.0227827162825398	500232	Istanbul17778.HO	Turkish.HO	silver
2931	2931	-0.0557641814377826	-0.034581453072126	500384	IraqiJew1430.HO	Jew_Iraqi.HO	silver
2932	2932	0.1435133814617451	0.0005365002091411	500327	Bishkek28443.HO	Kyrgyz_Kyrgyzstan.HO	silver
2933	2933	-0.0488688063323279	-0.0136465013209086	500322	Istanbul15781.HO	Turkish.HO	silver
2934	2934	0.1444407736846888	0.0082708706820083	500335	Bishkek28445.HO	Kyrgyz_Kyrgyzstan.HO	silver
2935	2935	-0.0617543943269058	-0.0316696788907643	500326	Adana23136.HO	Turkish.HO	silver
2936	2936	0.2390367453576421	0.0310424519097858	500316	Ul51.HO	Ulchi.HO	silver
2937	2937	0.0100162931056992	0.0230906858738907	500297	Ale37.HO	Aleut.HO	silver
2938	2938	0.1044891253753998	0.0714025414286455	500298	Mansi79.HO	Mansi.HO	silver
2939	2939	-0.060429806365944	-0.0239330325808141	500424	AshkenaziJew5788.HO	Jew_Ashkenazi.HO	silver
2940	2940	0.0935813051549183	0.0738825159327039	500325	Mansi91.HO	Mansi.HO	silver
2941	2941	-0.0473944421830386	-0.0290771691876755	500370	Adana23113.HO	Turkish.HO	silver
2942	2942	0.1442811177948615	0.0129910484718137	500389	Bishkek28451.HO	Kyrgyz_Kyrgyzstan.HO	silver
2943	2943	-0.0526675517645034	-0.0322065646962782	500346	Trabzon21575.HO	Turkish.HO	silver
2944	2944	-0.0267368272652571	-0.0148924300542077	500387	Aydin18636.HO	Turkish.HO	silver
2945	2945	-0.0429151573197091	-0.0300460751194967	500382	Istanbul20040.HO	Turkish.HO	silver
2946	2946	-0.0202672152860266	-0.0176628719691505	500371	Aydin18587.HO	Ignore_Turkish.HO	silver
2947	2947	-0.0144816463282221	-0.0226350949292426	500358	Adana23144.HO	Turkish.HO	silver
2948	2948	0.0717823627262768	0.0342330582022097	500380	Ale34.HO	Aleut.HO	silver
2949	2949	-0.0349552539493382	-0.0229687576022595	500360	Kayseri23967.HO	Turkish.HO	silver
2950	2950	-0.0500303128646967	-0.0346799392144805	500466	IranianJew1845.HO	Jew_Iranian.HO	fuchsia
2951	2951	-0.0604113380977187	-0.0305952035091891	500387	Trabzon21174.HO	Turkish.HO	silver
2952	2952	-0.0277121606970277	-0.0146147280764565	500386	Aydin18873.HO	Turkish.HO	silver
2953	2953	0.1467234647806051	0.0030452321663753	500378	Bishkek28449.HO	Kyrgyz_Kyrgyzstan.HO	silver
2954	2954	-0.0349971942325668	-0.0265310833010396	500407	Kayseri23892.HO	Turkish.HO	silver
2955	2955	-0.0343433421175729	-0.0203514681310329	500438	Istanbul19185.HO	Turkish.HO	silver
2956	2956	-0.0578731578881955	-0.0088101531216313	500417	Istanbul25098.HO	Turkish.HO	silver
2957	2957	-0.0388222517421649	-0.0252152528151758	500411	Adana23133.HO	Turkish.HO	silver
2958	2958	-0.0447514150646066	-0.0235143835764428	500411	Aydin18948.HO	Ignore_Turkish.HO	silver
2959	2959	-0.0648099267840158	-0.0318772090981267	500413	Trabzon21515.HO	Turkish.HO	silver
2960	2960	-0.0345117234440279	-0.0207812408945861	500420	Kayseri24032.HO	Turkish.HO	silver
2961	2961	0.1050679529838452	0.0789709574394393	500398	Mansi84.HO	Mansi.HO	silver
2962	2962	-0.0310566249377694	-0.0243189687314233	500412	Kayseri23549.HO	Turkish.HO	silver
2963	2963	0.1059343122247987	0.0007939692196319	500403	Bishkek28444.HO	Ignore_Kyrgyz_Kyrgyzstan.HO	silver
2964	2964	-0.062491044562537	-0.0306173838574689	500440	Trabzon21544.HO	Turkish.HO	silver
2965	2965	-0.0383409648710633	-0.0155733201481079	500439	Adana23150.HO	Turkish.HO	silver
2966	2966	-0.0488033454610727	-0.0278001167356723	500451	Kayseri23271.HO	Turkish.HO	silver
2967	2967	-0.0571118212274906	-0.0306468931091684	500454	Trabzon21645.HO	Turkish.HO	silver
2968	2968	-0.0434845421388631	-0.0244230864029652	500456	Adana23147.HO	Turkish.HO	silver
2969	2969	-0.0317383804496494	-0.0260959876150418	500427	Balikesir16514.HO	Ignore_Turkish.HO	silver
2970	2970	0.1380594793983879	0.0035842300269886	500445	Bishkek28456.HO	Kyrgyz_Kyrgyzstan.HO	silver
2971	2971	-0.0423788152796502	-0.0340599967364699	500447	Egypt22TD21.HO	Egyptian.HO	silver
2972	2972	0.2402863900274031	0.0300183845099562	500434	Ul39.HO	Ulchi.HO	silver
2973	2973	-0.0124147306607332	-0.0186048198325004	500515	Aydin18483.HO	Turkish.HO	silver
2974	2974	0.1064464137024698	0.0353854207765441	500462	Ale22.HO	Aleut.HO	silver
2975	2975	-0.0196485154731971	-0.0162863703496495	500468	Balikesir17006.HO	Turkish_Balikesir.HO	silver
2976	2976	-0.022311314923868	-0.0158141931199304	500502	Aydin18419.HO	Turkish.HO	silver
2977	2977	-0.0442014034333018	-0.0288970433457329	500485	Kayseri24276.HO	Turkish.HO	silver
2978	2978	0.1343988867200058	0.0039287041722878	500478	Bishkek28446.HO	Kyrgyz_Kyrgyzstan.HO	silver
2979	2979	-0.0199136331467194	-0.0234288694780971	500496	Istanbul19708.HO	Turkish.HO	silver
2980	2980	0.0837673527958012	0.0706363255363569	500463	Mansi56.HO	Mansi.HO	silver
2981	2981	-0.0613882050446784	-0.0351867261261397	500494	Trabzon21173.HO	Turkish.HO	silver
2982	2982	-0.039739322453192	0.0142916258797023	500486	Ale36.HO	Aleut.HO	silver
2983	2983	-0.0224852761292169	-0.0239973924936393	500512	Adana23112.HO	Turkish.HO	silver
2984	2984	0.151663696368438	0.009236364271507	500506	Bishkek28454.HO	Kyrgyz_Kyrgyzstan.HO	silver
2985	2985	-0.0328122091985887	-0.0229764056877036	500553	Adana23117.HO	Turkish.HO	silver
2986	2986	0.023049141451367	-0.0370586664476756	295075	MBE3.HO	Ignore_Moroccan.HO	silver
2987	2987	0.0181742034511778	-0.0348851670235941	297878	MBE11.HO	Ignore_Moroccan.HO	silver
2988	2988	0.0302902694844589	-0.0380760842508998	282768	MBE13.HO	Ignore_Moroccan.HO	silver
2989	2989	0.0207597083815511	-0.0361729776350101	303580	MBE16.HO	Ignore_Moroccan.HO	silver
2990	2990	0.0168576375156143	-0.0344653159903383	301050	MBE19.HO	Ignore_Moroccan.HO	silver
2991	2991	0.0137986542892482	-0.03605425653537	303456	MBE22.HO	Ignore_Moroccan.HO	silver
2992	2992	0.0221858525999384	-0.0366574641378422	298020	MBE23.HO	Ignore_Moroccan.HO	silver
2993	2993	0.2115341535074436	-0.0468106663501753	498785	GN01.HO	Tibetan.HO	silver
2994	2994	0.2353317303884549	-0.0885657755168283	499491	W14.HO	Maonan.HO	silver
2995	2995	0.2410887601632776	-0.0840656410748881	499316	Han1994.HO	Han.HO	plum
2996	2996	0.23484639427991	-0.0847754959177486	499498	Zhuang01.HO	Zhuang.HO	silver
2997	2997	0.2130455005908741	-0.0513208299779251	498916	GN03.HO	Tibetan.HO	silver
2998	2998	0.2333797330046521	-0.0881448794471081	499512	W10.HO	Maonan.HO	silver
2999	2999	0.2401130019812788	-0.0805600018924754	499523	Han1207.HO	Han.HO	plum
3000	3000	0.2341619912061771	-0.0883477853794768	499600	Zhuang012.HO	Zhuang.HO	silver
3001	3001	0.2137045689022759	-0.0518285331255849	497955	GN10.HO	Tibetan.HO	silver
3002	3002	0.2353280799373034	-0.0934284835072504	499428	J6.HO	Maonan.HO	silver
3003	3003	0.2417918072707419	-0.088878669838908	498988	Han1235.HO	Han.HO	plum
3004	3004	0.2304668055788952	-0.0899492788957063	499375	Zhuang019.HO	Zhuang.HO	silver
3005	3005	0.2107755969751732	-0.0510562391304616	499092	GN17.HO	Tibetan.HO	silver
3006	3006	0.2375071113327819	-0.0862149560853052	499535	J58.HO	Maonan.HO	silver
3007	3007	0.2373746550663491	-0.0880975821097879	499546	Han1415.HO	Han.HO	plum
3008	3008	0.233778527073588	-0.0859883217776521	499567	Zhuang02.HO	Zhuang.HO	silver
3009	3009	0.2132680061548436	-0.0482767070981982	497657	GN19.HO	Tibetan.HO	silver
3010	3010	0.2338816483448653	-0.0895630620533988	499446	J17.HO	Maonan.HO	silver
3011	3011	0.2388172709062741	-0.085844523724012	493726	Han1432.HO	Han.HO	plum
3012	3012	0.239793875881838	-0.0898541211403873	499555	Zhuang04.HO	Zhuang.HO	silver
3013	3013	0.1621411762237921	0.010892040893623	499095	HK03.HO	Kazakh_China.HO	green
3014	3014	0.2374992308422395	-0.0885165539698152	499559	J9.HO	Maonan.HO	silver
3015	3015	0.2377383333764499	-0.0866157169566261	499562	Han1434.HO	Han.HO	plum
3016	3016	0.234163154616454	-0.0873727396340485	499592	Zhuang013.HO	Zhuang.HO	silver
3017	3017	0.1773517195871284	-0.0023792177674602	499151	HK4.HO	Kazakh_China.HO	green
3018	3018	0.2363299930868521	-0.0933937393287227	499531	J29.HO	Maonan.HO	silver
3019	3019	0.2436222619447962	-0.0879430951293303	499540	Han2087.HO	Han.HO	plum
3020	3020	0.2359808909502931	-0.084624051956262	499532	GL01.HO	Gelao.HO	silver
3021	3021	0.1323593776332504	0.0061447428853809	498697	HK14.HO	Kazakh_China.HO	green
3022	3022	0.077956337788493	-0.0384543578125624	499463	Ba37.HO	Bahun.HO	silver
3023	3023	0.2396941002115499	-0.0920295956653615	499498	Han2088.HO	Han.HO	plum
3024	3024	0.2325041249652203	-0.0915536896511761	499519	GL02.HO	Gelao.HO	silver
3025	3025	0.1761861283122367	-0.0205561200530267	497789	HK15.HO	Kazakh_China.HO	green
3026	3026	0.2040068345900146	-0.0508461976820881	499469	Ba02.HO	Ignore_Bahun.HO	silver
3027	3027	0.2374277807303133	-0.0640326253300991	498751	Han894.HO	Han.HO	plum
3028	3028	0.2323166609171024	-0.0855712266505393	499362	GL09.HO	Gelao.HO	silver
3029	3029	0.2185456870532177	-0.0496698986683671	499142	BAO60.HO	Bonan.HO	silver
3030	3030	0.0230879644977797	-0.0338205859070994	499500	Ba48.HO	Bahun.HO	silver
3031	3031	0.2364896491888031	-0.0617342185953206	499552	Han1226.HO	Han.HO	plum
3032	3032	0.2283321140572426	-0.0891686259402318	499577	GL07.HO	Gelao.HO	silver
3033	3033	0.2072917404496966	-0.0500922101287544	498452	BAO53.HO	Bonan.HO	silver
3034	3034	0.1612849885187178	-0.0539208579807096	499476	Te18.HO	Tharu.HO	silver
3035	3035	0.2368915350270745	-0.0591313522813264	499493	Han1243.HO	Han.HO	plum
3036	3036	0.2281765619760437	-0.0867135531163085	499224	GL10.HO	Gelao.HO	silver
3037	3037	0.1960780321441347	-0.0469700277114134	498946	BAO15.HO	Bonan.HO	silver
3038	3038	0.1195166921323026	-0.0414701882507396	499499	Te16.HO	Tharu.HO	silver
3039	3039	0.2427294833297311	-0.0605180902973715	499545	Han1713.HO	Han.HO	plum
3040	3040	0.2405878924557583	-0.0750588651097652	499455	GL23.HO	Gelao.HO	silver
3041	3041	0.222617161029805	-0.0503332608190839	498943	BAO12.HO	Bonan.HO	silver
3042	3042	0.1775479220051342	-0.047111290994271	499545	Ma41.HO	Magar.HO	silver
3043	3043	0.2412252828499348	-0.0654551926212299	499538	Han1714.HO	Han.HO	plum
3044	3044	0.2382060195970517	-0.0791857684695412	499569	GL13.HO	Gelao.HO	silver
3045	3045	0.1948698367526272	-0.0473195516338052	498381	BAO26.HO	Bonan.HO	silver
3046	3046	0.2001962284973761	-0.0494962843476247	499469	Ma11.HO	Magar.HO	silver
3047	3047	0.245290697380625	-0.0761368228192961	499466	Han788.HO	Han.HO	plum
3048	3048	0.2349380703462242	-0.0874104057738217	499450	GL16.HO	Gelao.HO	silver
3049	3049	0.20311782014849	-0.0427957131378009	498471	BAO47.HO	Bonan.HO	silver
3050	3050	0.1877199010412238	-0.0450180113476703	499422	Ma30.HO	Magar.HO	silver
3051	3051	0.2451349592126593	-0.0780185461809045	499114	Han789.HO	Han.HO	plum
3052	3052	0.2330918851572665	-0.0892577328627237	499472	GL20.HO	Gelao.HO	silver
3053	3053	0.2131059272896995	-0.0499014467684121	498901	BAO54.HO	Bonan.HO	silver
3054	3054	0.2239126167827964	-0.0503059479732919	499335	Ma23.HO	Magar.HO	silver
3055	3055	0.2411211316700373	-0.0760735696747481	499474	Han874.HO	Han.HO	plum
3056	3056	0.1314405765461336	-0.0428841039098396	499520	Ne41.HO	Newar.HO	silver
3057	3057	0.2242692592192263	-0.0484373443030878	498357	EYG48.HO	Yugur.HO	silver
3058	3058	0.204675720458644	-0.0538107636454911	499456	Ma07.HO	Magar.HO	silver
3059	3059	0.2442665906451464	-0.073207867505296	499324	Han2161.HO	Han.HO	plum
3060	3060	0.1215326794639931	-0.0450927279159476	499524	Ne72.HO	Newar.HO	silver
3061	3061	0.19830693792637	-0.0309503017482796	497839	EYG28.HO	Yugur.HO	silver
3062	3062	0.177109467420771	-0.04655392116347	499407	Ma28.HO	Magar.HO	silver
3063	3063	0.2411206386656168	-0.0720513934584464	499355	Han2162.HO	Han.HO	plum
3064	3064	0.2327549532106834	-0.0632093217925484	499107	EYG13.HO	Yugur.HO	silver
3065	3065	0.2224166080420457	-0.0489201067260796	499573	Gu18.HO	Gurung.HO	silver
3066	3066	0.2433107944729536	-0.0705339364838807	499482	Han1452.HO	Han.HO	plum
3067	3067	0.1381292442598594	-0.0440981112233823	499542	Ne08.HO	Newar.HO	silver
3068	3068	0.2279419352761445	-0.0540215780505718	497456	EYG18.HO	Yugur.HO	silver
3069	3069	0.2029549479422046	-0.0519353703049277	499431	Gu22.HO	Gurung.HO	silver
3070	3070	0.2447215417863411	-0.0709101740800854	499485	Han1962.HO	Han.HO	plum
3071	3071	0.1816933074464346	-0.0426312839305962	499580	Ta39.HO	Tamang.HO	silver
3072	3072	0.2063179155493018	-0.0467516283007965	499487	Gu24.HO	Gurung.HO	silver
3073	3073	0.2433495000661432	-0.0712180656807593	499467	Han2054.HO	Han.HO	plum
3074	3074	0.1979400407637745	-0.0512063020154331	499133	Ta43.HO	Tamang.HO	silver
3075	3075	0.2327229922986157	-0.0579537664227568	499154	EYG31.HO	Yugur.HO	silver
3076	3076	0.2185958691535829	-0.0490844672087877	499570	Gu26.HO	Gurung.HO	silver
3077	3077	0.244031408190163	-0.0733126127707536	499530	Han2057.HO	Han.HO	plum
3078	3078	0.1964849433490632	-0.0493635197410004	499550	Ta24.HO	Tamang.HO	silver
3079	3079	0.2317238036725993	-0.057658360240231	498847	XYG19.HO	Yugur.HO	silver
3080	3080	0.1942984284653081	-0.0477383221874269	499536	Gu27.HO	Gurung.HO	silver
3081	3081	0.2428850241110324	-0.0674157420453241	499520	Han2058.HO	Han.HO	plum
3082	3082	0.1983803512429339	-0.0452009588526859	499559	Ta64.HO	Tamang.HO	silver
3083	3083	0.1295027100681512	0.0006894822311934	497680	KZ78.HO	Kyrgyz_China.HO	silver
3084	3084	0.23002124385972	-0.0535693981836444	499206	Rai16.HO	Rai.HO	silver
3085	3085	0.2431639115244194	-0.0734626499869065	499377	Han2076.HO	Han.HO	plum
3086	3086	0.1690327840930569	-0.0551096694262028	499463	Ta03.HO	Ignore_Tamang.HO	silver
3087	3087	0.1507602491551713	-0.0004401624822152	498481	KZ35.HO	Kyrgyz_China.HO	silver
3088	3088	0.214459245859159	-0.0492404485162272	499321	Rai12.HO	Rai.HO	silver
3089	3089	0.2449154508304486	-0.0726386612575626	499376	Han2090.HO	Han.HO	plum
3090	3090	0.1858779440365468	-0.0460164655036374	499400	Ta80.HO	Tamang.HO	silver
3091	3091	0.1480398594073714	-0.0020291961061773	498467	KZ15.HO	Kyrgyz_China.HO	silver
3092	3092	0.2087045456115894	-0.0473646312886223	498908	Rai09.HO	Rai.HO	silver
3093	3093	0.242267796850652	-0.0661875182702282	499387	Han4.HO	Han.HO	plum
3094	3094	0.18941515580193	-0.0528875507785697	497723	Ta52.HO	Tamang.HO	silver
3095	3095	0.1168454360038097	-0.0039612615432747	498242	KZ77.HO	Kyrgyz_China.HO	silver
3096	3096	0.2216826389027976	-0.0448426002210168	499525	Rai14.HO	Rai.HO	silver
3097	3097	0.2365779321680457	-0.0643682975773563	499508	Han25.HO	Han.HO	plum
3098	3098	0.1912908838245157	-0.0475792750584257	499516	Ta05.HO	Tamang.HO	silver
3099	3099	0.1435521327385003	0.0039592790236533	496701	KZ52.HO	Kyrgyz_China.HO	silver
3100	3100	0.2232638407392081	-0.0534229713652234	499434	Rai04.HO	Rai.HO	silver
3101	3101	0.24165824083237	-0.0606838644705152	499521	Han853.HO	Han.HO	plum
3102	3102	0.0613568667240517	-0.0358438245050979	499193	Ba15.HO	Bahun.HO	silver
3103	3103	0.1583669768280181	0.0027051150935189	497690	KZ12.HO	Kyrgyz_China.HO	silver
3104	3104	0.1370053840308091	-0.0457428590855295	499550	Ne66.HO	Newar.HO	silver
3105	3105	0.2384912968958312	-0.0623970253011672	499490	Han1329.HO	Han.HO	plum
3106	3106	0.0745222377518744	-0.0377476373643398	499560	Ba25.HO	Bahun.HO	silver
3107	3107	0.1527941702695695	0.0088580563078488	498558	KZ83.HO	Kyrgyz_China.HO	silver
3108	3108	0.2405863641262459	-0.0657235643168304	499456	Han1616.HO	Han.HO	plum
3109	3109	0.0895194121828213	-0.0394447924444809	499544	Te09.HO	Tharu.HO	silver
3110	3110	0.233641021397561	-0.0933161046328948	496342	CS411.HO	Li.HO	silver
3111	3111	0.2401315558704514	-0.0625898916835633	499461	Han1840.HO	Han.HO	plum
3112	3112	0.1544886824963076	-0.0510112091527574	499458	Te15.HO	Tharu.HO	silver
3113	3113	0.2337861079105698	-0.0914446156088596	498888	LS001.HO	Li.HO	silver
3114	3114	0.0838046142232524	-0.0370140212534224	499458	Ne01.HO	Ignore_Newar.HO	silver
3115	3115	0.2392237079174863	-0.0627699220739015	499402	Han1896.HO	Han.HO	plum
3116	3116	0.1617744398091913	-0.0488503391156013	499501	Te06.HO	Tharu.HO	silver
3117	3117	0.234687233519436	-0.0928353264393413	495804	SY071.HO	Li.HO	silver
3118	3118	0.2216079192137298	-0.0488829344349993	499199	Sherpa08.HO	Sherpa.HO	silver
3119	3119	0.2438773469396422	-0.0621155064307537	499211	Han1916.HO	Han.HO	plum
3120	3120	0.2367270145019671	-0.0854718322543029	499495	Zhuang09.HO	Zhuang.HO	silver
3121	3121	0.233333263649426	-0.0890304874711207	494406	WZS058.HO	Li.HO	silver
3122	3122	0.2256964682983046	-0.046370138065846	499267	Sherpa04.HO	Sherpa.HO	silver
3123	3123	0.2401147752824969	-0.0708237531746927	499387	Han1978.HO	Han.HO	plum
3124	3124	0.2337288911598792	-0.0791295353799403	499453	Zhuang08.HO	Zhuang.HO	silver
3125	3125	0.2339551534205458	-0.0843603274272817	498063	Dong02.HO	Dong.HO	silver
3126	3126	0.2232142729649506	-0.0508409674029545	499417	Sherpa13.HO	Sherpa.HO	silver
3127	3127	0.2443256558060618	-0.0732199593325073	499468	Han24.HO	Han.HO	plum
3128	3128	0.2361079583607919	-0.0890125032868653	499056	W29.HO	Maonan.HO	silver
3129	3129	0.2358960952420425	-0.0866393637248634	498551	Dong03.HO	Dong.HO	silver
3130	3130	0.2223707635389434	-0.0496666844403383	499524	Sherpa09.HO	Sherpa.HO	silver
3131	3131	0.2396174246336644	-0.0714393234114633	499555	Han496.HO	Han.HO	plum
3132	3132	0.2373360185149517	-0.0929845306155595	499525	W3.HO	Maonan.HO	silver
3133	3133	0.2390482046891106	-0.0832870647743779	498481	Dong05.HO	Dong.HO	silver
3134	3134	0.2289689358134858	-0.0417485063774067	499485	T141.HO	Tibetan.HO	silver
3135	3135	0.2405281253183533	-0.059774217369364	499492	Han115.HO	Han.HO	plum
3136	3136	0.2372305022932654	-0.09586681017647	499552	W11.HO	Maonan.HO	silver
3137	3137	0.2379111206702141	-0.0858697391450921	495505	Dong08.HO	Dong.HO	silver
3138	3138	0.2295369774107689	-0.0430728196520253	499478	T173.HO	Tibetan.HO	silver
3139	3139	0.2355435548631363	-0.0631597898399049	499510	Han790.HO	Han.HO	plum
3140	3140	0.23480510998707	-0.0908423095629804	499495	B87.HO	Mulam.HO	silver
3141	3141	0.2425341937127882	-0.0815674950647807	498517	Dong09.HO	Dong.HO	silver
3142	3142	0.2247546306672199	-0.0436813676566019	499488	T274.HO	Tibetan.HO	silver
3143	3143	0.2373747157325348	-0.0620068790823961	499508	Han855.HO	Han.HO	plum
3144	3144	0.2386728855939402	-0.0885594487472679	499560	B26.HO	Mulam.HO	silver
3145	3145	0.2394479981738473	-0.0791232258479994	496842	Dong10.HO	Dong.HO	silver
3146	3146	0.2273131108948233	-0.0423122746650362	499524	T363.HO	Tibetan.HO	silver
3147	3147	0.2352550793837892	-0.0531179085324796	499420	Han1603.HO	Han.HO	plum
3148	3148	0.2385314218474667	-0.0881797766665284	499566	J32.HO	Maonan.HO	silver
3149	3149	0.2345421473772983	-0.0886918994666952	497296	Dong11.HO	Dong.HO	silver
3150	3150	0.2267358751425612	-0.0476341507640276	499105	T247.HO	Tibetan.HO	silver
3151	3151	0.2387145813478035	-0.0612013468769985	499357	Han1843.HO	Han.HO	plum
3152	3152	0.2363107366125219	-0.0910919687367772	499422	J33.HO	Maonan.HO	silver
3153	3153	0.239417293837215	-0.0880168954968592	498297	Dong14.HO	Dong.HO	silver
3154	3154	0.230596079273253	-0.0427972555108301	499378	T74.HO	Tibetan.HO	silver
3155	3155	0.231787861536576	-0.0562527405874379	499321	Han1897.HO	Han.HO	plum
3156	3156	0.2378707826935779	-0.0902494833376561	499074	J36.HO	Maonan.HO	silver
3157	3157	0.2363592744545317	-0.0861285536029649	494489	Zhuang03.HO	Zhuang.HO	silver
3158	3158	0.2269019022295921	-0.0447599004352734	499362	T144.HO	Tibetan.HO	silver
3159	3159	0.2387122962989731	-0.0550421751735286	499502	Han1899.HO	Han.HO	plum
3160	3160	0.2369147767032292	-0.0897356669879043	499270	A114.HO	Mulam.HO	silver
3161	3161	0.2353775985368307	-0.0893295366333501	496366	Z01.HO	Zhuang_outlier.HO	silver
3162	3162	0.2289975730874227	-0.047796037388496	499502	T194.HO	Tibetan.HO	silver
3163	3163	0.2413134892540554	-0.0645143953534126	499472	Han1970.HO	Han.HO	plum
3164	3164	0.2368630342576508	-0.0870535963625641	499529	B3.HO	Mulam.HO	silver
3165	3165	0.2344996887319176	-0.0858986500897918	496005	Z02.HO	Zhuang_outlier.HO	silver
3166	3166	0.2319794021862126	-0.0443120748373294	499389	T196.HO	Tibetan.HO	silver
3167	3167	0.2395230780448872	-0.0722727383903061	499507	Han1709.HO	Han.HO	plum
3168	3168	0.2361697789979655	-0.0900520873467271	499153	W13.HO	Maonan.HO	silver
3169	3169	0.2327047615148373	-0.086961132964014	497372	Z05.HO	Zhuang_outlier.HO	silver
3170	3170	0.2263236222711856	-0.0479073901565109	499511	T273.HO	Tibetan.HO	silver
3171	3171	0.2386797647964428	-0.0759648921976751	499471	Han1917.HO	Han.HO	plum
3172	3172	0.2322800552867246	-0.0474382938840668	499543	BM32.HO	Qiang.HO	silver
3173	3173	0.212465009047325	-0.045263592665444	498218	XHTB7.HO	Tibetan.HO	silver
3174	3174	0.2217544809060124	-0.0422526052094177	499496	T282.HO	Tibetan.HO	silver
3175	3175	0.2394984374242866	-0.0697210892306425	499280	Han2044.HO	Han.HO	plum
3176	3176	0.212729761350552	-0.0425601389234496	499502	QH1.HO	Tibetan.HO	silver
3177	3177	0.2152272493146458	-0.0513954975761166	492586	XHTB17.HO	Tibetan.HO	silver
3178	3178	0.2278104974124336	-0.0413808178438428	499403	T283.HO	Tibetan.HO	silver
3179	3179	0.2421483408557508	-0.0724074201628646	499474	Han2145.HO	Han.HO	plum
3180	3180	0.2160215780589298	-0.0385883537396436	499553	QH5.HO	Tibetan.HO	silver
3181	3181	0.2150188832399445	-0.045912436068985	490708	XHTB20.HO	Tibetan.HO	silver
3182	3182	0.2204563963982847	-0.043175671277411	499093	T21.HO	Tibetan.HO	silver
3183	3183	0.2410616564946338	-0.0821605191990274	498691	Han2147.HO	Han.HO	plum
3184	3184	0.213930846846319	-0.0346711842927065	499098	QH7.HO	Tibetan.HO	silver
3185	3185	0.19928126911189	-0.0529309970379558	496829	SL1.HO	Salar.HO	silver
3186	3186	0.2241511939541992	-0.0445532346982471	499416	T165.HO	Tibetan.HO	silver
3187	3187	0.2414881242665804	-0.0802049920578103	499509	Han2151.HO	Han.HO	plum
3188	3188	0.2114425387050914	-0.0345273692713199	499475	QH18.HO	Tibetan.HO	silver
3189	3189	0.1949375679452043	-0.0470127804605456	497410	SL2.HO	Salar.HO	silver
3190	3190	0.2220701536350928	-0.0433869628996742	499539	T170.HO	Tibetan.HO	silver
3191	3191	0.2407907557187662	-0.0759191288480166	499498	Han2155.HO	Han.HO	plum
3192	3192	0.2106874349480179	-0.0356791630379143	499581	QH10.HO	Tibetan.HO	silver
3193	3193	0.1897654453278435	-0.0427464853672937	496508	SL3.HO	Salar.HO	silver
3194	3194	0.2171374169233735	-0.0432558965346793	499285	T181.HO	Tibetan.HO	silver
3195	3195	0.2272100805064341	-0.0463392071587274	499483	Tibetan870.HO	Tibetan_Yunnan.HO	silver
3196	3196	0.1445539330405698	0.0204753446675227	499023	HKC90.HO	Kazakh_China.HO	green
3197	3197	0.1828677211355849	-0.0498393709471387	498236	SL6.HO	Salar.HO	silver
3198	3198	0.2198109430275318	-0.0444912766966641	499577	T183.HO	Tibetan.HO	silver
3199	3199	0.2328749314067642	-0.0492693589216126	499468	Tibetan871.HO	Tibetan_Yunnan.HO	silver
3200	3200	0.1351513569343086	0.0085986857511486	499574	HKC29.HO	Kazakh_China.HO	green
3201	3201	0.1951331964267577	-0.0448224640149024	496505	SL7.HO	Salar.HO	silver
3202	3202	0.2253491405290482	-0.0438205438293376	499533	T76.HO	Tibetan.HO	silver
3203	3203	0.2322426110345857	-0.0520939848707104	499508	Tibetan872.HO	Tibetan_Yunnan.HO	silver
3204	3204	0.2121503418585687	-0.0374874794863731	499574	QH9.HO	Tibetan.HO	silver
3205	3205	0.1955596121936536	-0.045397109175293	497353	SL9.HO	Salar.HO	silver
3206	3206	0.2196879711811707	-0.0446240750217577	499266	T125.HO	Tibetan.HO	silver
3207	3207	0.2310645955218024	-0.0517745279926466	499498	Tibetan937.HO	Tibetan_Yunnan.HO	silver
3208	3208	0.2163634515881132	-0.0373688488056689	499469	QH14.HO	Tibetan.HO	silver
3209	3209	0.1862102001912831	-0.0439800313508697	497804	SL10.HO	Salar.HO	silver
3210	3210	0.2231538542467781	-0.0429933125571786	499433	T185.HO	Tibetan.HO	silver
3211	3211	0.2466365416936428	-0.0738405854641652	498951	Han53.HO	Han.HO	plum
3212	3212	0.2155354812093511	-0.0360585352679395	499559	QH17.HO	Tibetan.HO	silver
3213	3213	0.1865536745913989	-0.0411127144966756	497470	SL15.HO	Salar.HO	silver
3214	3214	0.2294013983191129	-0.0439220350987551	499053	T67.HO	Tibetan.HO	silver
3215	3215	0.2433628101516037	-0.0763451803488078	499483	Han192.HO	Han.HO	plum
3216	3216	0.2366095986647146	-0.0825316194487843	499027	Zhuang015.HO	Zhuang.HO	silver
3217	3217	0.200700453680174	-0.0498354950117547	498698	YJ86.HO	Tibetan.HO	silver
3218	3218	0.2254020630152442	-0.0399639375343299	499407	T91.HO	Tibetan.HO	silver
3219	3219	0.2444709734713716	-0.0749071204636581	499514	Han278.HO	Han.HO	plum
3220	3220	0.2377390488713881	-0.073987512380366	499562	Zhuang018.HO	Zhuang.HO	silver
3221	3221	0.2324103805638096	-0.0531569219603342	495527	YJ14.HO	Tibetan.HO	silver
3222	3222	0.2240338891187738	-0.0451274683638389	499537	T121.HO	Tibetan.HO	silver
3223	3223	0.2444044121228004	-0.073364703501463	499519	Han605.HO	Han.HO	plum
3224	3224	0.2378934076943084	-0.0869924774598883	499520	Zhuang11.HO	Zhuang.HO	silver
3225	3225	0.2289896705864047	-0.0542206449333321	496063	YJ39.HO	Tibetan.HO	silver
3226	3226	0.2225410138807155	-0.0452220409273444	499449	T187.HO	Tibetan.HO	silver
3227	3227	0.2387223297196248	-0.0791508919669155	499234	Han993.HO	Han.HO	plum
3228	3228	0.2385942319346464	-0.088202633910414	499464	Zhuang017.HO	Zhuang.HO	silver
3229	3229	0.2282250822957471	-0.0509486904170203	494000	YJ01.HO	Tibetan.HO	silver
3230	3230	0.2246502718232786	-0.0436657275932706	499547	T238.HO	Tibetan.HO	silver
3231	3231	0.2403466047628324	-0.0634950227524541	499425	Han220.HO	Han.HO	plum
3232	3232	0.2347106201769975	-0.0926571643068735	499453	Zhuang020.HO	Zhuang.HO	silver
3233	3233	0.230639812467583	-0.0501551115740963	495232	YJ140.HO	Tibetan.HO	silver
3234	3234	0.223769908913743	-0.0444337785967774	486650	T278.HO	Tibetan.HO	silver
3235	3235	0.2301294316661293	-0.048499396944615	498048	DBB006.HO	Qiang.HO	silver
3236	3236	0.237633905694517	-0.0854402762732504	499543	B81.HO	Mulam.HO	silver
3237	3237	0.2269275835045054	-0.0439866120372611	498973	YJ37.HO	Tibetan.HO	silver
3238	3238	0.2216346592270155	-0.0426163536405107	499507	T312.HO	Tibetan.HO	silver
3239	3239	0.2372412082523724	-0.0604781093643774	499474	DBA19.HO	Qiang.HO	silver
3240	3240	0.2348934537181003	-0.0880499566074863	499565	B48.HO	Mulam.HO	silver
3241	3241	0.2294935310801189	-0.0506317059134639	498165	YJ12.HO	Tibetan.HO	silver
3242	3242	0.2238309906809442	-0.0428900824675293	499304	T320.HO	Tibetan.HO	silver
3243	3243	0.2401526332261486	-0.0736768136404709	499482	DBA021.HO	Qiang.HO	silver
3244	3244	0.2399453479631121	-0.0904117639643942	499483	B49.HO	Mulam.HO	silver
3245	3245	0.2322782986360979	-0.0466755361108787	498643	YJ111.HO	Tibetan.HO	silver
3246	3246	0.2212307941922398	-0.0398441781976486	499459	T22.HO	Tibetan.HO	silver
3247	3247	0.2325616194408674	-0.0464916590497548	499483	DBB007.HO	Qiang.HO	silver
3248	3248	0.1387437382433127	-0.0004022663326529	499497	KZ46.HO	Kyrgyz_China.HO	silver
3249	3249	0.2255793937332326	-0.0415946514944952	490779	YJ25.HO	Tibetan.HO	silver
3250	3250	0.2186736707005845	-0.0418285402852649	499398	T41.HO	Tibetan.HO	silver
3251	3251	0.2383557975496221	-0.048108601304245	498987	DBA017.HO	Qiang.HO	silver
3252	3252	0.1577386710875392	0.0013220676574829	499167	KZ81.HO	Kyrgyz_China.HO	silver
3253	3253	0.2321040818388005	-0.0470057501069445	497750	YJ104.HO	Tibetan.HO	silver
3254	3254	0.220951650833889	-0.0425608144846588	499450	T77.HO	Tibetan.HO	silver
3255	3255	0.2302010521653754	-0.0484468305397046	499517	BM10.HO	Qiang.HO	silver
3256	3256	0.1385696912445071	0.0055293917468792	499421	KZ87.HO	Kyrgyz_China.HO	silver
3257	3257	0.2216644634077813	-0.0441215051189205	497296	XL120.HO	Tibetan.HO	silver
3258	3258	0.2220186507410194	-0.0430414337064293	499502	T78.HO	Tibetan.HO	silver
3259	3259	0.2417285827669808	-0.063077465117384	499413	BM43.HO	Qiang.HO	silver
3260	3260	0.1445524231825	0.0050751982945456	499529	KZ65.HO	Kyrgyz_China.HO	silver
3261	3261	0.2338131617231597	-0.0560623733333319	498820	XL61.HO	Tibetan.HO	silver
3262	3262	0.2213773995426292	-0.0494853760445364	499488	T80.HO	Tibetan.HO	silver
3263	3263	0.2292488211846243	-0.0438222633665125	499494	BM24.HO	Qiang.HO	silver
3264	3264	0.1240366609719077	0.0037559372697677	499565	KZ22.HO	Kyrgyz_China.HO	silver
3265	3265	0.2355426566756538	-0.0743688381577821	497620	XL20.HO	Tibetan.HO	silver
3266	3266	0.2242671915684883	-0.0432542277155925	499434	T189.HO	Tibetan.HO	silver
3267	3267	0.2269601695072107	-0.0461523700507835	499503	BM26.HO	Qiang.HO	silver
3268	3268	0.2400331082462938	-0.0587850400677147	499521	EYG8.HO	Yugur.HO	silver
3269	3269	0.2377725660302609	-0.0637642582513923	498447	XL92.HO	Tibetan.HO	silver
3270	3270	0.2199594227614998	-0.0414151830766562	499020	T192.HO	Tibetan.HO	silver
3271	3271	0.2358945994699797	-0.0649201177665986	499441	BM21.HO	Qiang.HO	silver
3272	3272	0.2107192141802577	-0.0454760125250305	499323	EYG04.HO	Yugur.HO	silver
3273	3273	0.2323187062109018	-0.0473390926250056	495045	XL60.HO	Tibetan.HO	silver
3274	3274	0.2195468253588033	-0.0445198951775067	499420	T291.HO	Tibetan.HO	silver
3275	3275	0.2118841939802774	-0.0286341120021904	499012	QH2.HO	Tibetan.HO	silver
3276	3276	0.2340191506418526	-0.058866431778787	499528	EYG45.HO	Yugur.HO	silver
3277	3277	0.2291433946678885	-0.0548723625473201	496894	XL47.HO	Tibetan.HO	silver
3278	3278	0.2242004497743735	-0.0429868492239517	499228	T297.HO	Tibetan.HO	silver
3279	3279	0.2114206830159825	-0.0314598674319814	499078	QH3.HO	Tibetan.HO	silver
3280	3280	0.2145028743926594	-0.0437487081727733	499299	EYG44.HO	Yugur.HO	silver
3281	3281	0.2346260475219285	-0.0675099071897153	498255	XL76.HO	Tibetan.HO	silver
3282	3282	0.2167385647025723	-0.0432850517927378	499224	T188.HO	Tibetan.HO	silver
3283	3283	0.2177543835658849	-0.0392025141219638	499411	QH4.HO	Tibetan.HO	silver
3284	3284	0.2171016095832557	-0.0432766222500626	499333	EYG40.HO	Yugur.HO	silver
3285	3285	0.2275823984721695	-0.0418640982197853	498242	BM28.HO	Qiang.HO	silver
3286	3286	0.2235382753323304	-0.0444015703706164	499501	T190.HO	Tibetan.HO	silver
3287	3287	0.2159580177089577	-0.0401489931460763	499515	QH8.HO	Tibetan.HO	silver
3288	3288	0.1521115065313445	0.0001727215882148	499550	HKC109.HO	Kazakh_China.HO	green
3289	3289	0.2290395515880813	-0.0498923248096008	498398	BM37.HO	Qiang.HO	silver
3290	3290	0.2188963393326977	-0.0434636237362089	499475	T242.HO	Tibetan.HO	silver
3291	3291	0.2214932476101755	-0.0455182922873889	499400	QH11.HO	Tibetan.HO	silver
3292	3292	0.1561892652454412	0.0067672108126786	499525	HKC140.HO	Kazakh_China.HO	green
3293	3293	0.2390439680455014	-0.0632633904854931	498229	BM27.HO	Qiang.HO	silver
3294	3294	0.2204236560174764	-0.0435874596126102	499491	T248.HO	Tibetan.HO	silver
3295	3295	0.2157533465625671	-0.0511999287850813	499402	QH13.HO	Tibetan.HO	silver
3296	3296	0.1434109899774886	0.0069091049335662	499222	KZ73.HO	Kyrgyz_China.HO	silver
3297	3297	0.2295657236302234	-0.03962433496744	496589	BM02.HO	Qiang.HO	silver
3298	3298	0.2180935122066201	-0.0438426888856881	499372	T126.HO	Tibetan.HO	silver
3299	3299	0.2195282215500687	-0.0415800845430838	499285	QH15.HO	Tibetan.HO	silver
3300	3300	0.2141943115433613	-0.056030363415297	499513	DX1157.HO	Dongxiang.HO	silver
3301	3301	0.2338969055574393	-0.0451028258250723	498722	BM18.HO	Qiang.HO	silver
3302	3302	0.2175733725234772	-0.0436770370962656	499474	T127.HO	Tibetan.HO	silver
3303	3303	0.2107922622065418	-0.039389730190157	499434	QH16.HO	Tibetan.HO	silver
3304	3304	0.1956322699555555	-0.0488632008396787	499538	DX1175.HO	Dongxiang.HO	silver
3305	3305	0.2365445203066309	-0.0572620822356808	498722	DBA018.HO	Qiang.HO	silver
3306	3306	0.2149007319021384	-0.046053180479005	499495	T199.HO	Tibetan.HO	silver
3307	3307	0.2162693121965551	-0.0403590597578354	499456	QH19.HO	Tibetan.HO	silver
3308	3308	0.2014186603065808	-0.0496932409031507	499398	DX1170.HO	Dongxiang.HO	silver
3309	3309	0.2369654391501392	-0.0562703876867634	498922	DBB001.HO	Qiang.HO	silver
3310	3310	0.2195716529985877	-0.0465802185837353	499450	T200.HO	Tibetan.HO	silver
3311	3311	0.2201421412686212	-0.0389126578080866	499481	QH20.HO	Tibetan.HO	silver
3312	3312	0.1923853773338796	-0.0435926016298796	499464	DX1047.HO	Dongxiang.HO	silver
3313	3313	0.2367884436837545	-0.0478554012937901	498872	DBA01.HO	Qiang.HO	silver
3314	3314	0.2232157014049614	-0.0468135478901741	499423	T289.HO	Tibetan.HO	silver
3315	3315	0.221981702052279	-0.0461658608359416	499502	T18.HO	Tibetan.HO	silver
3316	3316	0.1906815733107184	-0.0421265488304784	499592	DX1146.HO	Dongxiang.HO	silver
3317	3317	0.2364622607782458	-0.0521849516015457	497746	DBB002.HO	Qiang.HO	silver
3318	3318	0.2376655064166001	-0.0853280592918657	499107	HN1-243.HO	Dong.HO	silver
3319	3319	0.2208417060654484	-0.0445870021384051	498946	T215.HO	Tibetan.HO	silver
3320	3320	0.2010397294335668	-0.0481392857697494	499014	DX1058.HO	Dongxiang.HO	silver
3321	3321	0.2342874675385205	-0.0855657690078746	498246	GL24.HO	Gelao.HO	silver
3322	3322	0.2382799774194516	-0.085356847847595	499260	HN1-273.HO	Dong.HO	silver
3323	3323	0.2372963358884801	-0.0686456293757149	499305	XL22.HO	Tibetan.HO	silver
3324	3324	0.1896173829189319	-0.0447058259644677	499036	DX1131.HO	Dongxiang.HO	silver
3325	3325	0.2343817116890987	-0.0918059352214154	497877	B8.HO	Mulam.HO	silver
3326	3326	0.2345367761145235	-0.0873409462271703	499501	HN1-232.HO	Dong.HO	silver
3327	3327	0.2388521718432913	-0.0713515731960177	499375	XL37.HO	Tibetan.HO	silver
3328	3328	0.2155098555787224	-0.03829577150335	499494	QH6.HO	Tibetan.HO	silver
3329	3329	0.2359852585226349	-0.0881194237097022	498539	B14.HO	Mulam.HO	silver
3330	3330	0.2367023118201318	-0.0851104324755006	499454	HN1-218.HO	Dong.HO	silver
3331	3331	0.2318592424645006	-0.0422923101943478	499471	XL05.HO	Tibetan.HO	silver
3332	3332	0.2225804186254318	-0.0339208312205481	499051	QH12.HO	Tibetan.HO	silver
3333	3333	0.2354759423755773	-0.0903428420911827	499004	B43.HO	Mulam.HO	silver
3334	3334	0.2369523783990793	-0.0839161395756568	499548	HN1-206.HO	Dong.HO	silver
3335	3335	0.2174056934604731	-0.0440778469862486	499404	XHTB5.HO	Tibetan.HO	silver
3336	3336	0.2382117521597869	-0.0833236870934483	499521	Dong04.HO	Dong.HO	silver
3337	3337	0.2356195912904649	-0.0883711730895056	499097	B18.HO	Mulam.HO	silver
3338	3338	0.2366688793445739	-0.0848080753192051	499509	HN1-260.HO	Dong.HO	silver
3339	3339	0.2385869256361788	-0.0864327955540496	498855	Dong12.HO	Dong.HO	silver
3340	3340	0.2348268927770351	-0.061289901749283	499113	EYG06.HO	Yugur.HO	silver
3341	3341	0.2372883047324267	-0.0877736238449286	498658	B32.HO	Mulam.HO	silver
3342	3342	0.2389635235427359	-0.0793155191928193	499336	HN1-106.HO	Dong.HO	silver
3343	3343	0.2390254711009088	-0.0826185981497232	499370	Dong13.HO	Dong.HO	silver
3344	3344	0.1977592676272317	-0.0299223721957795	499106	EYG25.HO	Yugur.HO	silver
3345	3345	0.2410078423059304	-0.0854096044905597	498928	A019.HO	Mulam.HO	silver
3346	3346	0.2409034227550758	-0.080938815856992	499378	Han516.HO	Han.HO	plum
3347	3347	0.2375574526431644	-0.0882862291424709	499479	Dong01.HO	Dong.HO	silver
3348	3348	0.2174735271408008	-0.0514339642645522	499547	EYG42.HO	Yugur.HO	silver
3349	3349	0.2354010019063128	-0.0869259517741074	499179	A015.HO	Mulam.HO	silver
3350	3350	0.2410731311297849	-0.0784010182575581	499536	Han1968.HO	Han.HO	plum
3351	3351	0.2368159697432047	-0.0853036364545393	499504	A005.HO	Mulam.HO	silver
3352	3352	0.2325975420825026	-0.0602681146872327	499447	EYG46.HO	Yugur.HO	silver
3353	3353	0.2339622351531108	-0.0875948387548032	498308	A016.HO	Mulam.HO	silver
3354	3354	0.2456207401131829	-0.0806719139088763	499527	Han2150.HO	Han.HO	plum
3355	3355	0.2332238888785816	-0.0909897984650842	499307	Zhuang16.HO	Zhuang.HO	silver
3356	3356	0.2331527778316562	-0.0566703560297845	499389	EYG24.HO	Yugur.HO	silver
3357	3357	0.234844738663335	-0.0866171473631755	499068	A123.HO	Mulam.HO	silver
3358	3358	0.2430141725202911	-0.0851952703754921	499546	Han1467.HO	Han.HO	plum
3359	3359	0.2329575954920296	-0.0923997582893358	499493	Zhuang10.HO	Zhuang.HO	silver
3360	3360	0.2210994430588633	-0.0529319090711297	499540	BAO22.HO	Bonan.HO	silver
3361	3361	0.2363091169782959	-0.0898170026983535	499243	W26.HO	Maonan.HO	silver
3362	3362	0.2402884947193226	-0.0801374144033056	499558	Han1619.HO	Han.HO	plum
3363	3363	0.2356147338777713	-0.0904135562333088	499441	Zhuang06.HO	Zhuang.HO	silver
3364	3364	0.2226634196856493	-0.0546974598881593	499497	BAO11.HO	Bonan.HO	silver
3365	3365	0.2336545094050685	-0.0852393656141531	498477	W15.HO	Maonan.HO	silver
3366	3366	0.2423493978684417	-0.0795868304670873	499486	Han1900.HO	Han.HO	plum
3367	3367	0.2373046298366838	-0.0889530527751637	499149	Zhuang05.HO	Zhuang.HO	silver
3368	3368	0.2199286029904828	-0.0533542449343578	499444	BAO03.HO	Bonan.HO	silver
3369	3369	0.2351067024227364	-0.0897628718423241	498579	W41.HO	Maonan.HO	silver
3370	3370	0.2436816017373451	-0.0816791090000492	499487	Han1934.HO	Han.HO	plum
3371	3371	0.2343417970358348	-0.0929966051655156	499257	Zhuang07.HO	Zhuang.HO	silver
3372	3372	0.233706519521926	-0.0873454857225167	499049	Dong007.HO	Dong.HO	silver
3373	3373	-0.0553303552509582	-0.0331371351833952	495656	Lebanese1AQ127.HO	Lebanese_Christian.HO	silver
3374	3374	-0.0576783740058042	-0.0293245886934921	495351	Lebanese1AQ170.HO	Lebanese_Christian.HO	silver
3375	3375	-0.052119845805806	-0.0311276463306512	496520	Lebanese2AQ121.HO	Lebanese_Muslim.HO	silver
3376	3376	-0.0499444571379948	-0.031408690361292	486409	Lebanese2AQ127.HO	Lebanese_Muslim.HO	silver
3377	3377	-0.0601810253918974	-0.0311536395844103	495925	Lebanese4AQ115.HO	Lebanese_Christian.HO	silver
3378	3378	-0.0607210717612109	-0.0314935754760822	493395	Lebanese6AQ115.HO	Lebanese_Christian.HO	silver
3379	3379	-0.0600026447366176	-0.0324559829823332	491755	Lebanese6AQ170.HO	Lebanese_Christian.HO	silver
3380	3380	-0.0545623688981774	-0.0302954685460055	496510	Lebanese6AS15.HO	Lebanese_Muslim.HO	silver
3381	3381	-0.0457679926865503	-0.0279705372090435	493564	Lebanese7AQ150.HO	Lebanese_Muslim.HO	silver
3382	3382	-0.0556663124590476	-0.0315613571807364	496563	Lebanese7AR20.HO	Lebanese_Muslim.HO	silver
3383	3383	-0.0563614389654575	-0.0303220616793157	496513	Lebanese7AR23.HO	Lebanese_Muslim.HO	silver
3384	3384	-0.0613051969916339	-0.0313761927535589	495893	Lebanese8AS15.HO	Lebanese_Christian.HO	silver
3385	3385	-0.0547574794528493	-0.0286955271416178	496621	Lebanese10AQ127.HO	Lebanese_Muslim.HO	silver
3386	3386	-0.0576471673242225	-0.0321194004249231	496521	Lebanese10AR37.HO	Lebanese_Christian.HO	silver
3387	3387	-0.0596012950808413	-0.034578245989282	496605	Lebanese11AS14.HO	Lebanese_Muslim.HO	silver
3388	3388	-0.054669209875209	-0.0285701693510147	479520	Lebanese15AR37.HO	Lebanese_Christian.HO	silver
3389	3389	-0.0537895259744979	-0.0345466544598476	496128	Lebanese20AR21.HO	Lebanese_Muslim.HO	silver
3390	3390	-0.0587581806919885	-0.0347547511453551	496180	Lebanese22BA23.HO	Lebanese_Christian.HO	silver
3391	3391	-0.0529271482174893	-0.0297827049830627	495923	Lebanese24AR27.HO	Lebanese_Muslim.HO	silver
3392	3392	-0.0486788493062553	-0.0338072132967792	490548	Lebanese30AR21.HO	Lebanese_Muslim.HO	silver
3393	3393	-0.0648116884143615	0.0015064966736013	492803	French23812.HO	French.HO	yellow
3394	3394	-0.0672876542537517	-0.0057405014336621	496570	French23814.HO	French.HO	yellow
3395	3395	-0.0598769276228483	-0.0084503102309338	496131	French23821.HO	French.HO	yellow
3396	3396	-0.0640944973016179	-0.00030365970888	495900	French23830.HO	French.HO	yellow
3397	3397	-0.0643910625504008	0.0049570208482169	495875	French23833.HO	French.HO	yellow
3398	3398	-0.0628072737504034	0.0020084107045291	494728	French23862.HO	French.HO	yellow
3399	3399	-0.0622931336620837	-0.0010761123802875	494676	French23915.HO	French.HO	yellow
3400	3400	-0.0648546646805772	-0.0053072553549108	493615	French23919.HO	French.HO	yellow
3401	3401	-0.0562009172516817	-0.004012111622463	494083	French23952.HO	Ignore_French.HO	yellow
3402	3402	-0.0613927783392513	0.0061995625779004	492146	French23989.HO	French.HO	yellow
3403	3403	-0.0653455825517348	-0.00227127505515	496229	French24061.HO	French.HO	yellow
3404	3404	-0.0628279058437625	-0.0020272483686006	494624	French24075.HO	French.HO	yellow
3405	3405	-0.0624368531221027	-0.0021758290770629	495604	French24076.HO	French.HO	yellow
3406	3406	-0.0629220752696888	0.0046090435921557	496686	French24090.HO	French.HO	yellow
3407	3407	-0.06424785295024	-0.0012838043309254	495514	French24118.HO	French.HO	yellow
3408	3408	-0.0613020323570779	0.0045075892614777	494860	French24120.HO	French.HO	yellow
3409	3409	-0.0675660458666169	-0.0031659008748155	493834	French24124.HO	French.HO	yellow
3410	3410	-0.0574723190651238	-0.0071626936453922	487021	French24144.HO	French.HO	yellow
3411	3411	-0.0656044931443928	-0.0088570812163553	496286	French24148.HO	French.HO	yellow
3412	3412	-0.0615485923026452	-0.0023753948091302	492686	French24178.HO	French.HO	yellow
3413	3413	-0.0647084007115769	0.0042264439400636	495583	French24247.HO	French.HO	yellow
3414	3414	-0.0629189525872693	0.002414727103579	495900	French24381.HO	French.HO	yellow
3415	3415	-0.0663518137847339	0.0045751782922258	495716	French24400.HO	French.HO	yellow
3416	3416	-0.0654336998645489	-0.0064436746415463	495395	French24408.HO	French.HO	yellow
3417	3417	-0.0620725740138046	-0.0043260395308466	491928	French24433.HO	French.HO	yellow
3418	3418	-0.062962140880104	-0.001468986598735	496496	French24434.HO	French.HO	yellow
3419	3419	-0.0609075374199586	-0.0016817888651017	496420	French24437.HO	French.HO	yellow
3420	3420	-0.0633561278463152	-0.0094993210256357	495531	French24690.HO	French.HO	yellow
3421	3421	-0.0595222208082716	-0.0038366100597033	487964	French24817.HO	French.HO	yellow
3422	3422	-0.063509264640266	-0.0042445311705869	496421	French25068.HO	French.HO	yellow
3423	3423	-0.0265402934824786	-0.0330053519112666	496588	PV001.HO	Iranian_Bandari.HO	fuchsia
3424	3424	-0.01996996381042	-0.0349619040794236	495011	PV002.HO	Iranian_Bandari.HO	fuchsia
3425	3425	-0.0367761550020187	-0.0293042146113295	496225	PV003.HO	Iranian_Bandari.HO	fuchsia
3426	3426	-0.0270894920062396	-0.0325031011393067	496765	PV004.HO	Iranian_Bandari.HO	fuchsia
3427	3427	-0.0284257393189112	-0.0325829847534545	496836	PV005.HO	Iranian_Bandari.HO	fuchsia
3428	3428	-0.0249642386555656	-0.0361786594754164	496822	PV006.HO	Iranian_Bandari.HO	fuchsia
3429	3429	-0.0236264749674778	-0.0312394127916345	496873	PV007.HO	Iranian_Bandari.HO	fuchsia
3430	3430	-0.0227834308988915	-0.0362664489625745	496144	PV008.HO	Iranian_Bandari.HO	fuchsia
3431	3431	0.1964193890158181	-0.064400886528133	495959	Burm4.HO	Burmese.HO	silver
3432	3432	0.1949772937066068	-0.0565920653652276	496914	Burm7.HO	Burmese.HO	silver
3433	3433	0.1876246527804543	-0.0658338263685072	496855	Burm8.HO	Burmese.HO	silver
3434	3434	0.1670072520781271	-0.0602239119760967	495366	Burm9.HO	Burmese.HO	silver
3435	3435	0.1951906138564905	-0.0641491087880981	496925	Burm10.HO	Burmese.HO	silver
3436	3436	0.1986959685919755	-0.0641877726385814	496761	Burm12.HO	Burmese.HO	silver
3437	3437	0.216590255630703	-0.0647949808688296	491020	Burm13.HO	Burmese.HO	silver
3438	3438	0.1720135046708454	-0.0613296042818563	496896	Burm14.HO	Burmese.HO	silver
3439	3439	0.1851443984554799	-0.0622044634796289	496703	Burm15.HO	Burmese.HO	silver
3440	3440	0.2192168047282454	-0.0687247496715421	496803	Burm16.HO	Burmese.HO	silver
3441	3441	0.2261757736128724	-0.0906111478695367	496887	Dusun4.HO	Dusun.HO	silver
3442	3442	0.2220393846397612	-0.0897357545560865	496788	Dusun7.HO	Dusun.HO	silver
3443	3443	0.2216690969922731	-0.0922730113337106	496791	Dusun8.HO	Dusun.HO	silver
3444	3444	0.225609741000199	-0.0897656447323881	496920	Dusun10.HO	Dusun.HO	silver
3445	3445	0.2233015771403583	-0.0911260046468368	496756	Dusun11.HO	Dusun.HO	silver
3446	3446	0.2172477219707259	-0.0906636763725583	496650	Dusun12.HO	Dusun.HO	silver
3447	3447	0.2225894262951563	-0.0968037029317863	496848	Dusun14.HO	Dusun.HO	silver
3448	3448	0.2143575998430803	-0.0871667340823261	496785	Dusun21.HO	Dusun.HO	silver
3449	3449	0.2262313247637528	-0.093617735688291	496940	Dusun22.HO	Dusun.HO	silver
3450	3450	0.2220681034369961	-0.085747703188252	496961	Dusun23.HO	Dusun.HO	silver
3451	3451	-0.0387503346787552	-0.0341086932231461	496395	PV019.HO	Iranian.HO	fuchsia
3452	3452	-0.0428675370599359	-0.0283636089210952	494834	PV020.HO	Iranian.HO	fuchsia
3453	3453	-0.0415377659926238	-0.028809912731421	495101	PV021.HO	Iranian.HO	fuchsia
3454	3454	-0.0384675914927594	-0.0325530819751155	496755	PV022.HO	Iranian.HO	fuchsia
3455	3455	-0.0436108461456695	-0.0318591150487272	496456	PV023.HO	Iranian.HO	fuchsia
3456	3456	-0.039879497047389	-0.0284929005206955	496824	PV024.HO	Iranian.HO	fuchsia
3457	3457	-0.0414650692863126	-0.0335184895222877	496056	PV025.HO	Iranian.HO	fuchsia
3458	3458	-0.0356960856032459	-0.0316542896285236	494975	PV026.HO	Iranian.HO	fuchsia
3459	3459	-0.0362177411816689	-0.0349665898532366	494843	PV027.HO	Iranian.HO	fuchsia
3460	3460	-0.0461097477403723	-0.0332462751909865	496577	PV028.HO	Iranian.HO	fuchsia
3461	3461	0.2321044094348333	-0.0909327158758716	496435	Igorot3.HO	Kankanaey.HO	silver
3462	3462	0.2327011812445583	-0.0901916961173592	496772	Igorot4.HO	Kankanaey.HO	silver
3463	3463	0.2351447838176337	-0.093884526374537	496530	Igorot5.HO	Kankanaey.HO	silver
3464	3464	0.2315304227460746	-0.0895816015605031	496846	Igorot6.HO	Kankanaey.HO	silver
3465	3465	0.2345406921639085	-0.0912543581817713	496552	Igorot10.HO	Kankanaey.HO	silver
3466	3466	0.2264106719879967	-0.0871032986359771	496911	Igorot11.HO	Kankanaey.HO	silver
3467	3467	0.2375714461702541	-0.0918991882858369	496808	Igorot13.HO	Kankanaey.HO	silver
3468	3468	0.2343863845873866	-0.0933112601187248	496495	Igorot17.HO	Kankanaey.HO	silver
3469	3469	0.2355056033935665	-0.0900943674629793	496912	Igorot21.HO	Kankanaey.HO	silver
3470	3470	0.2331204947578168	-0.0905806487015155	496810	Igorot23.HO	Kankanaey.HO	silver
3471	3471	-0.0634920479979189	-0.025381201483998	496665	ITS4.HO	Italian_South.HO	silver
3472	3472	-0.0642699380989705	-0.0200279056287648	496376	ITS5.HO	Italian_South.HO	silver
3473	3473	-0.0630582088014196	-0.0209302942595823	493697	ITS7.HO	Italian_South.HO	silver
3474	3474	-0.0455260424802717	-0.031332093944466	496677	LIB7.HO	Libyan.HO	silver
3475	3475	-0.0379482866397962	-0.0325933543222094	486602	LIB13.HO	Libyan.HO	silver
3476	3476	-0.0437632197438934	-0.0341197339207185	496781	LIB18.HO	Libyan.HO	silver
3477	3477	-0.0459434536519251	-0.0329048108735845	496462	LIB27.HO	Libyan.HO	silver
3478	3478	-0.0425713458377376	-0.0356799151297561	496048	LIB30.HO	Libyan.HO	silver
3479	3479	-0.0362966717206703	-0.0273388424575526	495447	PV009.HO	Iranian.HO	fuchsia
3480	3480	-0.038838238943255	-0.0258871202333926	478579	PV010.HO	Iranian.HO	fuchsia
3481	3481	-0.0419310049563354	-0.0255430249864967	496333	PV011.HO	Iranian.HO	fuchsia
3482	3482	-0.0469243896162703	-0.0323955243704687	496787	PV012.HO	Iranian.HO	fuchsia
3483	3483	-0.0383684722470249	-0.029236256265489	496371	PV013.HO	Iranian.HO	fuchsia
3484	3484	-0.0474731678713519	-0.0253409532274766	496180	PV014.HO	Iranian.HO	fuchsia
3485	3485	-0.0370436446600886	-0.0311507800181023	495898	PV015.HO	Iranian.HO	fuchsia
3486	3486	-0.0425183688479425	-0.0309212764511151	496472	PV016.HO	Iranian.HO	fuchsia
3487	3487	-0.045552718679343	-0.0278562114071339	496466	PV017.HO	Iranian.HO	fuchsia
3488	3488	-0.0390687872272854	-0.029923942786817	495663	PV018.HO	Iranian.HO	fuchsia
3489	3489	0.227443545002907	-0.0875330767306507	496837	Luz2.HO	Ilocano.HO	silver
3490	3490	0.1930205478733448	-0.0801757881079921	496914	Luz5.HO	Tagalog.HO	silver
3491	3491	0.2266348753510142	-0.0929360810286076	496814	Luz6.HO	Ilocano.HO	silver
3492	3492	0.208305054595451	-0.0794534123134929	496815	Luz8.HO	Tagalog.HO	silver
3493	3493	0.2211575499066799	-0.0831204241328151	496743	Luz9.HO	Tagalog.HO	silver
3494	3494	0.2125669574155473	-0.081976657034902	496786	Luz10.HO	Tagalog.HO	silver
3495	3495	0.2189290338391105	-0.085349534187259	496863	Luz11.HO	Tagalog.HO	silver
3496	3496	0.2089198909434427	-0.0872214420600823	496937	Malay2.HO	Malay.HO	silver
3497	3497	0.1676787280700487	-0.0719089001358258	496800	Malay5.HO	Malay.HO	silver
3498	3498	0.2034950233896769	-0.0846268513381101	496840	Malay6.HO	Malay.HO	silver
3499	3499	0.1968935511026283	-0.0825398076625111	496717	Malay10.HO	Malay.HO	silver
3500	3500	0.1997238903701213	-0.0855454126354107	496831	Malay11.HO	Malay.HO	silver
3501	3501	0.190534171345986	-0.0809388619195883	496867	Malay13.HO	Malay.HO	silver
3502	3502	0.2106174877422705	-0.087573316132012	496711	Malay14.HO	Malay.HO	silver
3503	3503	0.1817138065966378	-0.0789956943710554	496827	Malay20.HO	Malay.HO	silver
3504	3504	0.1955956454207227	-0.0831108401074191	496764	Malay21.HO	Malay.HO	silver
3505	3505	-0.0407348276233355	-0.0334860907495294	496768	MCA7.HO	Moroccan.HO	silver
3506	3506	-0.0362657778554479	-0.0337514968301826	496565	MCA8.HO	Moroccan.HO	silver
3507	3507	-0.0435706047902519	-0.027801877438687	494675	MCA9.HO	Moroccan.HO	silver
3508	3508	-0.0395184908901627	-0.0327257278869026	496308	MCA14.HO	Moroccan.HO	silver
3509	3509	-0.0381511664394929	-0.03107409951817	496392	MCA16.HO	Moroccan.HO	silver
3510	3510	-0.0275885327024859	-0.0350539044375897	494229	MCA19.HO	Moroccan.HO	silver
3511	3511	-0.0376863718889688	-0.0318134503919038	489899	MCA24.HO	Moroccan.HO	silver
3512	3512	-0.0412796945810013	-0.031148504545575	496119	MCA37.HO	Moroccan.HO	silver
3513	3513	-0.0333748828211233	-0.0332727907418091	496246	MCA38.HO	Moroccan.HO	silver
3514	3514	-0.0355143521092506	-0.0331244644459539	496690	MCA39.HO	Moroccan.HO	silver
3515	3515	0.2246562123016796	-0.0958420810079642	496735	Murut2.HO	Murut.HO	silver
3516	3516	0.2229547695222205	-0.0931519770171818	496793	Murut3.HO	Murut.HO	silver
3517	3517	0.2249999967990138	-0.0988615143936476	496155	Murut4.HO	Murut.HO	silver
3518	3518	0.223852800676624	-0.0909134332541676	496907	Murut5.HO	Murut.HO	silver
3519	3519	0.2290468940144345	-0.0907196480254986	496912	Murut6.HO	Murut.HO	silver
3520	3520	0.2255632147828701	-0.0901077800841329	496585	Murut9.HO	Murut.HO	silver
3521	3521	0.2251282742853362	-0.0873701415914592	496800	Murut11.HO	Murut.HO	silver
3522	3522	0.2251855255320648	-0.0898390344548185	496825	Murut13.HO	Murut.HO	silver
3523	3523	0.2227445322378732	-0.0889189124344182	496940	Murut15.HO	Murut.HO	silver
3524	3524	0.2263175613448151	-0.0928000638186079	496811	Murut17.HO	Murut.HO	silver
3525	3525	-0.0432482696207567	-0.0305536808487413	496050	PV029.HO	Iranian.HO	fuchsia
3526	3526	-0.0374056950601387	-0.0324876019708472	495988	PV030.HO	Iranian.HO	fuchsia
3527	3527	-0.0292060349263636	-0.0304730338265636	494776	PV031.HO	Iranian.HO	fuchsia
3528	3528	-0.0364513737827362	-0.0272119312145679	494760	PV032.HO	Iranian.HO	fuchsia
3529	3529	-0.0300524421551497	-0.0253000693305778	495947	PV033.HO	Iranian.HO	fuchsia
3530	3530	-0.0406790707596593	-0.0309050219749996	495943	PV034.HO	Iranian.HO	fuchsia
3531	3531	-0.0345026427918866	-0.0289139135506095	493792	PV035.HO	Iranian.HO	fuchsia
3532	3532	-0.0375968233117351	-0.0341321244749654	494291	PV036.HO	Iranian.HO	fuchsia
3533	3533	-0.039342796629417	-0.0302828423630594	496294	PV037.HO	Iranian.HO	fuchsia
3534	3534	-0.0280127353531656	-0.0297454870878096	492580	PV038.HO	Iranian.HO	fuchsia
3535	3535	0.1791851321371289	0.1073707522461799	493976	Tuebingen02.HO	Enets.HO	silver
3536	3536	0.2149273738811267	0.1295749317257885	494075	Tuebingen06.HO	Nganasan.HO	maroon
3537	3537	0.2199738253310412	0.1336355112588473	496943	Tuebingen07.HO	Nganasan.HO	maroon
3538	3538	0.218527716397494	0.1320435242866484	496619	Tuebingen12.HO	Nganasan.HO	maroon
3539	3539	0.2180727323255434	0.1289036377049715	496527	Tuebingen14.HO	Nganasan.HO	maroon
3540	3540	0.2191100548518826	0.1341073271640913	496432	Tuebingen17.HO	Nganasan.HO	maroon
3541	3541	0.2272308673788379	0.1377957310899413	496579	Tuebingen19.HO	Nganasan.HO	maroon
3542	3542	0.2217110405674981	0.1348226713292503	496203	Tuebingen21.HO	Nganasan.HO	maroon
3543	3543	0.223898180471254	0.1281134529846751	489205	Tuebingen23.HO	Nganasan.HO	maroon
3544	3544	0.2249321918789496	0.1399158485349019	494003	Tuebingen25.HO	Nganasan.HO	maroon
3545	3545	0.2236086998645165	0.1365308654760345	493015	Tuebingen27.HO	Nganasan.HO	maroon
3546	3546	0.2298532793932649	0.1380261051497729	495681	Tuebingen28.HO	Nganasan.HO	maroon
3547	3547	0.1425008570874128	0.0910453248089305	496793	Tuebingen35.HO	Enets.HO	silver
3548	3548	0.1711566390844215	0.1016745747146918	496034	Tuebingen44.HO	Enets.HO	silver
3549	3549	0.1399247429261044	0.091925771557252	496360	Tuebingen50.HO	Selkup.HO	silver
3550	3550	0.1349000898436843	0.1000872793991854	496301	Tuebingen51.HO	Selkup.HO	silver
3551	3551	0.1313059321203344	0.0943406769822788	496145	Tuebingen52.HO	Selkup.HO	silver
3552	3552	0.1245309226959531	0.090623101354957	496783	Tuebingen53.HO	Selkup.HO	silver
3553	3553	0.1281261914477547	0.0976240836645309	495823	Tuebingen54.HO	Selkup.HO	silver
3554	3554	0.1280250693879582	0.0947403889184576	494872	Tuebingen58.HO	Selkup.HO	silver
3555	3555	0.1346641266204029	0.0953477456392764	496976	Tuebingen59.HO	Selkup.HO	silver
3556	3556	0.1357678563733266	0.0933515917857377	495145	Tuebingen60.HO	Selkup.HO	silver
3557	3557	0.1328427149651274	0.1007701382416075	496115	Tuebingen62.HO	Selkup.HO	silver
3558	3558	0.1279776639573811	0.0864717653252838	489196	Tuebingen64.HO	Selkup.HO	silver
3559	3559	0.1296445273201647	0.0864826373124102	490679	Tuebingen72.HO	Selkup.HO	silver
3560	3560	0.1125336955729657	0.0831691795902004	495563	Tuebingen74.HO	Selkup.HO	silver
3561	3561	0.1430189771968893	0.0916757115430247	496861	Tuebingen76.HO	Ket.HO	silver
3562	3562	0.1179341159790234	0.0846275461272324	491375	Tuebingen77.HO	Selkup.HO	silver
3563	3563	0.1301799552944083	0.0930943967725138	494955	Tuebingen79.HO	Selkup.HO	silver
3564	3564	0.1405066994263975	0.098264477969821	495182	Tuebingen80.HO	Ket.HO	silver
3565	3565	0.1467051368432405	0.0986044100127897	495606	Tuebingen81.HO	Ket.HO	silver
3566	3566	0.1439940393404137	0.0959148335921763	496101	Tuebingen83.HO	Ket.HO	silver
3567	3567	0.14632499423952	0.0970555409628525	496387	Tuebingen82.HO	Ket.HO	silver
3568	3568	0.1475033608389439	0.0945962971037103	495961	Tuebingen87.HO	Ket.HO	silver
3569	3569	0.1432520963250524	0.0914679574789182	495797	Tuebingen90.HO	Ket.HO	silver
3570	3570	0.1411172648301585	0.095597723394113	496631	Tuebingen94.HO	Ket.HO	silver
3571	3571	0.1432797113000798	0.0931898366982808	492954	Tuebingen95.HO	Ket.HO	silver
3572	3572	0.1425966336532276	0.0953596477930445	496031	Tuebingen97.HO	Ket.HO	silver
3573	3573	0.1419122833208442	0.0983419556385502	495136	Tuebingen101.HO	Ket.HO	silver
3574	3574	0.1371420252014044	0.0936600143868739	496770	Tuebingen103.HO	Ket.HO	silver
3575	3575	0.1428456904010152	0.0907823713775149	493836	Tuebingen104.HO	Ket.HO	silver
3576	3576	0.2214545565257573	0.133860078694535	495737	Tuebingen106.HO	Nganasan.HO	maroon
3577	3577	0.2248024920784408	0.1347497270769286	496407	Tuebingen111.HO	Nganasan.HO	maroon
3578	3578	0.2260853918937616	0.144601109385403	496451	Tuebingen112.HO	Nganasan.HO	maroon
3579	3579	0.2093127223211283	0.1300557651485716	496194	Tuebingen114.HO	Nganasan.HO	maroon
3580	3580	0.2236562036231465	0.1307763692231397	496628	Tuebingen116.HO	Nganasan.HO	maroon
3581	3581	0.2260598553868153	0.136459577951556	494650	Tuebingen119.HO	Nganasan.HO	maroon
3582	3582	0.2300263400071877	0.1376849831966511	496365	Tuebingen121.HO	Nganasan.HO	maroon
3583	3583	0.2301740018002055	0.1359112192236045	496644	Tuebingen123.HO	Nganasan.HO	maroon
3584	3584	0.2271217413843501	0.1306233734703886	495925	Tuebingen124.HO	Nganasan.HO	maroon
3585	3585	0.21869173469245	0.1363942256772949	496329	Tuebingen126.HO	Nganasan.HO	maroon
3586	3586	0.2288919452654125	0.133696185297134	492844	Tuebingen127.HO	Nganasan.HO	maroon
3587	3587	0.1363310880870358	0.0940950123444345	496514	TuebingenK7.HO	Ket.HO	silver
3588	3588	0.124692054282784	0.090496005082664	491867	TuebingenK15.HO	Ket.HO	silver
3589	3589	0.1418741107248595	0.0938216162087448	495257	TuebingenK16.HO	Ket.HO	silver
3590	3590	0.1399207047225953	0.0891673371435284	493235	TuebingenK17.HO	Ket.HO	silver
3591	3591	0.1256355750615023	0.0891881096152577	493042	TuebingenK22.HO	Ket.HO	silver
3592	3592	0.1435008326615267	0.0990579299539275	495932	TuebingenK29.HO	Ket.HO	silver
3593	3593	0.2014364047145641	0.0829370537176688	496605	Vgut1.HO	Tofalar.HO	silver
3594	3594	0.2001002646017754	0.0789614446756809	496609	Vgut2.HO	Tofalar.HO	silver
3595	3595	0.2031502724734407	0.0799519184524437	496401	Vgut4.HO	Tofalar.HO	silver
3596	3596	0.2045785568248514	0.0804627636640323	496730	Vgut6.HO	Tofalar.HO	silver
3597	3597	0.2074912823290556	0.0826610565102731	496736	Vgut7.HO	Tofalar.HO	silver
3598	3598	0.1823239289675397	0.0771131119043563	496723	Vgut8.HO	Tofalar.HO	silver
3599	3599	0.2076656859941592	0.0823026079374937	496235	Vgut11.HO	Tofalar.HO	silver
3600	3600	0.1991545611429322	0.0856758220699907	495934	Vgut12.HO	Tofalar.HO	silver
3601	3601	0.2006457103288595	0.0828437152832995	496259	Vgut13.HO	Tofalar.HO	silver
3602	3602	0.0461863644367529	0.036632297804477	496333	Vgut14.HO	Tofalar_oEuropean.HO	silver
3603	3603	0.2065926777366793	0.0878495370117227	496855	Vgut15.HO	Tofalar.HO	silver
3604	3604	0.2040979892535728	0.084042483016536	496261	Vgut18.HO	Tofalar.HO	silver
3605	3605	0.1983214229098316	0.0750582554892088	496704	Vgut19.HO	Tofalar.HO	silver
3606	3606	0.2339656502373129	-0.0892476106764501	496863	Viet5.HO	Vietnamese.HO	silver
3607	3607	0.227882939745216	-0.0855052532913606	496378	Viet6.HO	Vietnamese.HO	silver
3608	3608	0.2312921560432833	-0.0840567329142634	496696	Viet8.HO	Vietnamese.HO	silver
3609	3609	0.2316360246770901	-0.0841925652489424	496600	Viet10.HO	Vietnamese.HO	silver
3610	3610	0.2344695349773135	-0.0840003449970489	496899	Viet12.HO	Vietnamese.HO	silver
3611	3611	0.2296468228060642	-0.0853402039796369	496859	Viet24.HO	Vietnamese.HO	silver
3612	3612	0.2294394769211282	-0.0859420196274457	496844	Viet27.HO	Vietnamese.HO	silver
3613	3613	0.2274904464502845	-0.0852440039718613	496924	Viet29.HO	Vietnamese.HO	silver
3614	3614	0.2312481105528918	-0.0894691420916033	496865	Viet33.HO	Vietnamese.HO	silver
3615	3615	0.2258578088418784	-0.0859343122722066	496895	Viet36.HO	Vietnamese.HO	silver
3616	3616	0.2217609452810708	-0.0847295799041374	496603	Vizaya1.HO	Visayan.HO	silver
3617	3617	0.2162875197271496	-0.0872793336348078	489075	Vizaya2.HO	Visayan.HO	silver
3618	3618	0.2111492577078147	-0.0810818514888099	496885	Vizaya3.HO	Visayan.HO	silver
3619	3619	0.2148717244201526	-0.0843948198931384	496895	Vizaya4.HO	Visayan.HO	silver
3620	3620	-0.0576103009117663	0.0008143284561232	496964	A306.HO	Romanian.HO	silver
3621	3621	-0.0589125881453318	-0.0068703451379815	495080	A325.HO	Romanian.HO	silver
3622	3622	-0.0638584187205446	-0.007391698201507	496814	A343.HO	Romanian.HO	silver
3623	3623	-0.0591615815306532	-0.0043601029738743	496899	A362.HO	Romanian.HO	silver
3624	3624	-0.0585039083947667	-0.0065525787699225	496626	A374.HO	Romanian.HO	silver
3625	3625	-0.056892276505094	-0.033794261391134	494749	Assyrian151.HO	Assyrian.HO	silver
3626	3626	-0.0530350438927528	-0.0312283146712017	496876	Assyrian152.HO	Assyrian.HO	silver
3627	3627	-0.0553277283843288	-0.0309661975917139	496917	Assyrian153.HO	Assyrian.HO	silver
3628	3628	-0.0558333497387609	-0.0333243704841264	496698	Assyrian155.HO	Assyrian.HO	silver
3629	3629	-0.0548365993008109	-0.0351426735223091	496972	Assyrian159.HO	Assyrian.HO	silver
3630	3630	-0.0501159612405869	-0.02920291058218	496994	Assyrian160.HO	Assyrian.HO	silver
3631	3631	-0.0536694430312209	-0.0281890096363072	496962	Assyrian161.HO	Assyrian.HO	silver
3632	3632	-0.0550846170225154	-0.0324950422267096	496900	Assyrian162.HO	Assyrian.HO	silver
3633	3633	-0.0535692485788988	-0.0303570617919566	496605	Assyrian163.HO	Assyrian.HO	silver
3634	3634	-0.0558385147868527	-0.0321361005182503	496925	Assyrian164.HO	Assyrian.HO	silver
3635	3635	-0.0520813342389593	-0.0328918926001949	496988	Assyrian165.HO	Assyrian.HO	silver
3636	3636	-0.0595186549810663	-0.0071432891330907	496675	G408.HO	Romanian.HO	silver
3637	3637	-0.0595370715358798	-0.0042672585337228	496863	G421.HO	Romanian.HO	silver
3638	3638	-0.0616776747589555	-0.0080639766152596	496343	G428.HO	Romanian.HO	silver
3639	3639	-0.0617959336726627	-0.0059274118611599	495892	G429.HO	Romanian.HO	silver
3640	3640	-0.0583483437830094	-0.0062444218244283	496685	G434.HO	Romanian.HO	silver
3641	3641	-0.0105304079684308	-0.0249867608722452	500692	Href.HO	hg19ref.HO	silver
3642	3642	-0.0104851404891104	-0.0252515886205893	499307	Href_HO.HO	hg19ref.HO	silver
3643	3643	0.0379884615295332	-0.0401894639404524	447773	Gorilla.HO	Gorilla.HO	silver
3644	3644	0.0386233511629922	-0.0391507700994361	429943	Orang.HO	Orangutan.HO	silver
3645	3645	-0.0407882352939831	-0.0284919704559035	489876	BBR034.HO	Berber.WGA.HO	silver
3646	3646	0.1960138906726989	-0.0852894547595853	486196	BO110.HO	Nyah_Kur.HO	silver
3647	3647	0.2133900781505361	-0.0859217236633452	486713	MA122.HO	Mlabri.HO	silver
3648	3648	0.2102417988766896	-0.079734550284892	482984	MO616.HO	Mon.HO	silver
3649	3649	0.2125056327069368	-0.0889062970700635	470583	TN110.HO	Htin_Mal.HO	silver
3650	3650	0.1972242900545716	-0.0797370735726309	487883	BO114.HO	Nyah_Kur.HO	silver
3651	3651	0.2034489587475207	-0.0868097786377801	487313	KHM138.HO	Khmer.HO	silver
3652	3652	0.2301744078857398	-0.0874298190605428	487999	TL351.HO	Tai_Lue.HO	silver
3653	3653	0.2215579514454147	-0.0761597074774751	488924	EBK129.HO	Karen_Sgaw.HO	silver
3654	3654	0.2012951433969984	-0.0847063553429591	488095	KHM214.HO	Khmer.HO	silver
3655	3655	0.2001398807501959	-0.0717485613358263	489040	MO605.HO	Mon.HO	silver
3656	3656	0.2210159120676265	-0.0748357705431937	488608	LW108.HO	Lawa.HO	silver
3657	3657	0.232548908409748	-0.0840777106120669	482518	HM112.HO	Hmong.HO	silver
3658	3658	0.2002061717104032	-0.087166990537337	489320	KHM226.HO	Khmer.HO	silver
3659	3659	0.2375899751362755	-0.0800332869356335	486947	HM149.HO	Hmong.HO	silver
3660	3660	0.2359956878064824	-0.0808405389610683	488972	HM136.HO	Hmong.HO	silver
3661	3661	0.20207399032201	-0.0833000994784752	489222	KHM234.HO	Khmer.HO	silver
3662	3662	0.2088105493471911	-0.0834102122750663	486413	Jk2812.HO	Micronesian.HO	silver
3663	3663	0.2038707478114444	-0.0727129504906096	489098	MO615.HO	Mon.HO	silver
3664	3664	0.1923461390677094	-0.0686953627665104	489413	MO606.HO	Mon.HO	silver
3665	3665	0.2200893004290937	-0.0741155883630993	489556	LW123.HO	Lawa.HO	silver
3666	3666	0.2158104027403505	-0.071953866962817	489600	EBK123.HO	Karen_Sgaw.HO	silver
3667	3667	0.212124020039243	-0.0876830670662933	489218	MA119.HO	Mlabri.HO	silver
3668	3668	0.2093671131242512	-0.0822531158325818	490290	BO128.HO	Nyah_Kur.HO	silver
3669	3669	0.2088409254371285	-0.0800424704228688	489877	MO619.HO	Mon.HO	silver
3670	3670	0.2177549233507087	-0.0896292993580556	489951	TN102.HO	Htin_Mal.HO	silver
3671	3671	0.1958653277582378	-0.078849792360165	490085	BO118.HO	Nyah_Kur.HO	silver
3672	3672	0.2399849410832044	-0.0828012361698696	489407	HM123.HO	Hmong.HO	silver
3673	3673	0.2186815997618966	-0.0761374716663776	489796	LW116.HO	Lawa.HO	silver
3674	3674	0.2197640957721275	-0.0741615231141429	489973	EBK124.HO	Karen_Sgaw.HO	silver
3675	3675	0.2184606113457007	-0.0740902933534701	490066	LW120.HO	Lawa.HO	silver
3676	3676	0.2188383732722774	-0.0754115341301128	489638	LW135.HO	Lawa.HO	silver
3677	3677	0.2355121341233146	-0.09199787813942	489806	TL348.HO	Tai_Lue.HO	silver
3678	3678	0.1958475054009093	-0.0748760437974293	490319	MO612.HO	Mon.HO	silver
3679	3679	0.1959611423911431	-0.0789466438472795	489698	KHM210.HO	Khmer.HO	silver
3680	3680	0.1969706030081971	-0.0858692771011759	490280	BO104.HO	Nyah_Kur.HO	silver
3681	3681	0.2121570047710826	-0.085858215070593	489559	MA112.HO	Mlabri.HO	silver
3682	3682	0.194397732605941	-0.0876487007965504	489715	BO106.HO	Nyah_Kur.HO	silver
3683	3683	0.2024525667485218	-0.0903973577914868	490190	SU122.HO	Kuy_Suay.HO	silver
3684	3684	0.1987636234578304	-0.0831582062773893	490465	KHM236.HO	Khmer.HO	silver
3685	3685	0.2035525456060052	-0.0869711103939007	489810	SU114.HO	Kuy_Suay.HO	silver
3686	3686	0.2078122777083694	-0.0873362964383543	490271	SU110.HO	Kuy_Suay.HO	silver
3687	3687	0.1964919734929732	-0.0795185345247909	489836	KHM230.HO	Khmer.HO	silver
3688	3688	0.2282022721840925	-0.0892361827472637	490279	TL316.HO	Tai_Lue.HO	silver
3689	3689	0.2207139119336157	-0.0732218573087182	490108	LW149.HO	Lawa.HO	silver
3690	3690	0.1997588203953126	-0.0858070264485518	490520	BO116.HO	Nyah_Kur.HO	silver
3691	3691	0.1991981569396241	-0.0847904649487004	490535	KHM204.HO	Khmer.HO	silver
3692	3692	0.2061210374459646	-0.0888413885492294	490524	KHM126.HO	Khmer.HO	silver
3693	3693	0.1809907019366537	-0.0732368447064082	488640	Jk2817.HO	Micronesian.HO	silver
3694	3694	0.2222638472796391	-0.0793586203489573	489590	EBK115.HO	Karen_Sgaw.HO	silver
3695	3695	0.224089178803152	-0.071488924277837	490155	EBK114.HO	Karen_Sgaw.HO	silver
3696	3696	0.2046799983818089	-0.0884438964748687	490167	SU128.HO	Kuy_Suay.HO	silver
3697	3697	0.2200451332401782	-0.079571316173397	490364	EBK113.HO	Karen_Sgaw.HO	silver
3698	3698	0.2114284960288842	-0.0859488089859047	490443	TN106.HO	Htin_Mal.HO	silver
3699	3699	0.2117477926555033	-0.0878842708820717	490285	LW107.HO	Lawa.HO	silver
3700	3700	0.2333661037729897	-0.0925657002175377	489312	TL326.HO	Tai_Lue.HO	silver
3701	3701	0.2376529380216646	-0.0818802135900264	490134	HM103.HO	Hmong.HO	silver
3702	3702	0.1974033525827464	-0.0734181433501476	490246	MO620.HO	Mon.HO	silver
3703	3703	0.2176112451578933	-0.086760180153947	490506	TN105.HO	Htin_Mal.HO	silver
3704	3704	0.195425151360532	-0.0857009211519216	490025	BO124.HO	Nyah_Kur.HO	silver
3705	3705	0.2125087640864654	-0.0853306994915648	489949	MA107.HO	Mlabri.HO	silver
3706	3706	0.2322346248249454	-0.0811210798790901	490475	HM131.HO	Hmong.HO	silver
3707	3707	0.2176526179233626	-0.069147602945103	490493	EBK131.HO	Karen_Sgaw.HO	silver
3708	3708	0.2144472084206557	-0.0862045673862148	489902	MA124.HO	Mlabri.HO	silver
3709	3709	0.215596563639756	-0.0782155902634006	490351	LW124.HO	Lawa.HO	silver
3710	3710	0.2053435334761754	-0.0842606613824634	490607	SU132.HO	Kuy_Suay.HO	silver
3711	3711	0.2123360210476838	-0.0865444982609783	489718	MA113.HO	Mlabri.HO	silver
3712	3712	0.2142034417152671	-0.0871098382481376	490406	TN122.HO	Htin_Mal.HO	silver
3713	3713	0.2117660990409462	-0.087956474047654	490684	TN123.HO	Htin_Mal.HO	silver
3714	3714	0.2127916922247175	-0.0866469141315609	490498	MA117.HO	Mlabri.HO	silver
3715	3715	0.2000637570594939	-0.0844161695209599	490592	SU124.HO	Kuy_Suay.HO	silver
3716	3716	0.2107542259717913	-0.0775243377250545	487716	Jk2820.HO	Micronesian.HO	silver
3717	3717	0.1845357816915656	-0.0692518939848849	490455	MO604.HO	Mon.HO	silver
3718	3718	0.2171537702655468	-0.0771052064811636	490550	TL319.HO	Tai_Lue.HO	silver
3719	3719	0.230537115900029	-0.088395553593973	490490	TL362.HO	Tai_Lue.HO	silver
3720	3720	0.1967918996414513	-0.0802319238341344	488647	Jk2818.HO	Micronesian.HO	silver
3721	3721	0.1941254254626279	-0.0727582388373825	489846	MO602.HO	Mon.HO	silver
3722	3722	0.2004442265136449	-0.0736963129373598	490479	MO609.HO	Mon.HO	silver
3723	3723	0.1975451823046335	-0.0828624052245414	490610	BO132.HO	Nyah_Kur.HO	silver
3724	3724	0.1726313333251843	-0.0697254302443976	488502	Jk2814.HO	Micronesian.HO	silver
3725	3725	0.2198051066923598	-0.0704547647350321	489733	LW131.HO	Lawa.HO	silver
3726	3726	0.2333568867162453	-0.0925721279410456	490456	TL343.HO	Tai_Lue.HO	silver
3727	3727	0.2040673739858342	-0.0944164287801629	490474	SU102.HO	Kuy_Suay.HO	silver
3728	3728	0.2219509211515273	-0.0739242531969015	490582	EBK102.HO	Karen_Sgaw.HO	silver
3729	3729	0.2010931579762102	-0.084206057173069	490684	KHM220.HO	Khmer.HO	silver
3730	3730	0.2056091132543017	-0.0888640032085029	490376	SU106.HO	Kuy_Suay.HO	silver
3731	3731	0.2377092361595178	-0.084187852060623	490536	HM148.HO	Hmong.HO	silver
3732	3732	0.2121213651336721	-0.0839713765794768	490518	MA115.HO	Mlabri.HO	silver
3733	3733	0.2029353642412425	-0.0861917648452967	490665	SU138.HO	Kuy_Suay.HO	silver
3734	3734	0.2115823547357373	-0.0890400196685967	490528	MA126.HO	Mlabri.HO	silver
3735	3735	0.2151848266764048	-0.0881346815703097	490692	TN115.HO	Htin_Mal.HO	silver
3736	3736	0.2212277336065077	-0.0740579008501359	490642	EBK108.HO	Karen_Sgaw.HO	silver
3737	3737	0.236229837371643	-0.0794181668922996	490800	HM114.HO	Hmong.HO	silver
3738	3738	0.2362074786396293	-0.0801251547585399	490689	HM152.HO	Hmong.HO	silver
3739	3739	0.2157605627379462	-0.087099076471438	490750	TN147.HO	Htin_Mal.HO	silver
3740	3740	0.2176944840315359	-0.0659950899380748	490705	EBK104.HO	Karen_Sgaw.HO	silver
3741	3741	0.1982883781083447	-0.0798598711810612	490849	BO108.HO	Nyah_Kur.HO	silver
3742	3742	0.2273760127715074	-0.0868304232477717	490545	TL323.HO	Tai_Lue.HO	silver
3743	3743	0.2318507016775167	-0.0897228593367544	490695	TL338.HO	Tai_Lue.HO	silver
3744	3744	0.2132598122251591	-0.0889935925072094	490779	TN112.HO	Htin_Mal.HO	silver
3745	3745	0.214640415919089	-0.087276398017363	490404	MA128.HO	Mlabri.HO	silver
3746	3746	0.2255226553385919	-0.0875525707874333	490489	TL329.HO	Tai_Lue.HO	silver
3747	3747	0.2389749093379692	-0.0836407608308201	490677	HM115.HO	Hmong.HO	silver
3748	3748	0.2024948939562869	-0.0847880860017941	490805	SU118.HO	Kuy_Suay.HO	silver
3749	3749	0.1850694321164637	-0.0745353152534015	488997	Jk2813.HO	Micronesian.HO	silver
3750	3750	0.1661227500183068	-0.0684465327338857	489435	Jk2810.HO	Micronesian.HO	silver
3751	3751	0.2185311307118534	-0.0742581429578416	490767	LW113.HO	Lawa.HO	silver
3752	3752	0.1976672399154328	-0.0791969491219834	484462	Jk2824.HO	Micronesian.HO	silver
3753	3753	0.1861747452798286	-0.0746240697889576	489672	Jk2815.HO	Micronesian.HO	silver
3754	3754	0.2136105780702117	-0.0909747856135015	490902	TN125.HO	Htin_Mal.HO	silver
3755	3755	0.1932091354929059	-0.0699959624080909	489759	Jk2822.HO	Micronesian.HO	silver
3756	3756	0.1584291839993941	-0.0659177273034507	492960	MANIQ1.HO	Maniq.HO	silver
3757	3757	0.1577346644588229	-0.0702432089335462	491463	MANIQ3.HO	Maniq.HO	silver
3758	3758	0.1577540640930003	-0.0668582623616163	490915	MANIQ5.HO	Maniq.HO	silver
3759	3759	0.1544047662071938	-0.0674623421077129	494897	MANIQ8.HO	Maniq.HO	silver
3760	3760	0.158284065155486	-0.0661926409391805	495110	MANIQ9.HO	Maniq.HO	silver
3761	3761	0.1573450884582766	-0.0724421000523688	494608	MANIQ10.HO	Maniq.HO	silver
3762	3762	0.1591844744005988	-0.0701467805727094	494455	MANIQ11.HO	Maniq.HO	silver
3763	3763	0.1566708567761016	-0.0696675626271402	494893	MANIQ13.HO	Maniq.HO	silver
3764	3764	0.159645029373895	-0.0662925294696008	491918	MANIQ14.HO	Maniq.HO	silver
3765	3765	0.2249990312921883	-0.068060302093341	495084	AKHA1.HO	Akha.HO	silver
3766	3766	0.2286699645116515	-0.0679386469695509	493248	AKHA5.HO	Akha.HO	silver
3767	3767	0.230963776395634	-0.0701890137157257	495261	AKHA12.HO	Akha.HO	silver
3768	3768	0.2289426239350364	-0.0702214827472078	491803	AKHA14.HO	Akha.HO	silver
3769	3769	0.2270717523667261	-0.0667961942444057	489791	AKHA17.HO	Akha.HO	silver
3770	3770	0.2273290887569362	-0.0654676305481998	494508	AKHA18.HO	Akha.HO	silver
3771	3771	0.2274330683388574	-0.0667045513762416	494734	AKHA20.HO	Akha.HO	silver
3772	3772	0.2281928083234257	-0.067819578560427	493976	AKHA21.HO	Akha.HO	silver
3773	3773	0.2344585648805499	-0.0714840866122608	495459	AKHA23.HO	Akha.HO	silver
3774	3774	0.2277714614235146	-0.0689748776429954	493634	AKHA27.HO	Akha.HO	silver
3775	3775	0.2288735656933573	-0.0681907379901129	495191	AKHA29.HO	Akha.HO	silver
3776	3776	0.2253978837712247	-0.0696278422637727	493681	AKHA30.HO	Akha.HO	silver
3777	3777	0.2286025732708179	-0.072261807735601	495341	AKHA31.HO	Akha.HO	silver
3778	3778	0.2296295751955739	-0.0694942254840686	495420	AKHA33.HO	Akha.HO	silver
3779	3779	0.2309042759220033	-0.0675657366196596	495250	AKHA34.HO	Akha.HO	silver
3780	3780	0.2284057911694248	-0.0706252923827458	495087	AKHA37.HO	Akha.HO	silver
3781	3781	0.2282527140647823	-0.0707788760985026	494325	AKHA39.HO	Akha.HO	silver
3782	3782	0.2339718684211248	-0.0724364743398624	494024	AKHA40.HO	Akha.HO	silver
3783	3783	0.2289453468515099	-0.0717932413115251	491794	AKHA41.HO	Akha.HO	silver
3784	3784	0.2258883194802833	-0.0693533215917181	491706	AKHA44.HO	Akha.HO	silver
3785	3785	0.2312652662837314	-0.0695971892664821	494642	AKHA46.HO	Akha.HO	silver
3786	3786	0.2266324788087904	-0.0716480090786163	493164	AKHA47.HO	Akha.HO	silver
3787	3787	0.228017337490004	-0.0738582928811775	491830	AKHA52.HO	Akha.HO	silver
3788	3788	0.2265824573712749	-0.0696429614182959	495603	AKHA53.HO	Akha.HO	silver
3789	3789	0.2288993534393123	-0.0708745885860771	485985	AKHA54.HO	Akha.HO	silver
3790	3790	0.2319591886195331	-0.0735607013555598	495502	AKHA56.HO	Akha.HO	silver
3791	3791	0.2292392369812006	-0.0706670680068913	495597	AKHA57.HO	Akha.HO	silver
3792	3792	0.2273642913056311	-0.0675365895660143	489357	AKHA58.HO	Akha.HO	silver
3793	3793	0.2231193292467353	-0.0665974574744942	495393	AKHA59.HO	Akha.HO	silver
3794	3794	0.2310653355920151	-0.0699470686324724	495581	AKHA60.HO	Akha.HO	silver
3795	3795	-0.0125604352457439	-0.044301494529913	486526	Eritrean_1.HO	Eritrea.HO	silver
3796	3796	-0.0211929498265483	-0.0401245021424835	486778	Eritrean_2.HO	Eritrea.HO	silver
3797	3797	-0.0156561217583875	-0.0412054838134802	486650	Eritrean_3.HO	Eritrea.HO	silver
3798	3798	-0.0484525714577057	-0.036890187139898	486665	Y006.HO	Yemeni_Highlands.HO	silver
3799	3799	-0.0487591723368067	-0.0394345808156221	486397	Y018.HO	Yemeni_Highlands.HO	silver
3800	3800	-0.0471631459909526	-0.0368562878835136	486790	Y025.HO	Yemeni_Highlands.HO	silver
3801	3801	-0.0503601179815004	-0.0374279271462091	486988	Y031.HO	Yemeni_Highlands.HO	silver
3802	3802	-0.0534869114573803	-0.0352423815037354	486952	Y036.HO	Yemeni_Highlands.HO	silver
3803	3803	-0.0493366750024656	-0.0334180111962227	486675	Y037.HO	Yemeni_Highlands.HO	silver
3804	3804	-0.0544296699482953	-0.0383133219505653	484891	Y038.HO	Yemeni_Highlands.HO	silver
3805	3805	-0.0488098263824919	-0.0388083415072673	486946	Y047.HO	Yemeni_Highlands.HO	silver
3806	3806	-0.0417055900111856	-0.0373355203141827	486051	Y064.HO	Yemeni_Highlands.HO	silver
3807	3807	-0.0503702166286426	-0.0375165892765054	483666	Y070.HO	Yemeni_Highlands.HO	silver
3808	3808	-0.0512238344314415	-0.033581958100943	484331	Y083.HO	Yemeni_Highlands.HO	silver
3809	3809	-0.0440771724010734	-0.0354010368976841	486380	Y086.HO	Yemeni_Highlands.HO	silver
3810	3810	-0.0512279967879878	-0.0357595095345537	486717	Y089.HO	Yemeni_Highlands.HO	silver
3811	3811	-0.0484932137519204	-0.0360459278013324	486754	Y092.HO	Yemeni_Highlands.HO	silver
3812	3812	-0.0503396809061379	-0.0400430495036769	485718	Y097.HO	Yemeni_Highlands.HO	silver
3813	3813	-0.0486241864750359	-0.0363433004594177	485587	Y100.HO	Yemeni_Highlands.HO	silver
3814	3814	-0.0404417055644792	-0.0417424250902387	486170	Y190.HO	Yemeni_Highlands_Raymah.HO	silver
3815	3815	-0.0414303688767113	-0.0398352077512599	486383	Y205.HO	Yemeni_Northwest.HO	silver
3816	3816	-0.0429024329709035	-0.0382846836244601	486163	Y208.HO	Yemeni_Desert.HO	silver
3817	3817	-0.0480158565502373	-0.036934928438549	486671	Y210.HO	Yemeni_Highlands.HO	silver
3818	3818	-0.0391667627064569	-0.0405080534426484	486694	Y211.HO	Yemeni_Desert.HO	silver
3819	3819	-0.0345090532642353	-0.0402164555854265	486337	Y216.HO	Yemeni_Highlands.HO	silver
3820	3820	-0.0507074960816006	-0.0380246115451206	486982	Y217.HO	Yemeni_Northwest.HO	silver
3821	3821	-0.0529290779231899	-0.03503589149138	486614	Y219.HO	Yemeni_Northwest.HO	silver
3822	3822	-0.0508161200389475	-0.0387389643014171	486717	Y221.HO	Yemeni_Northwest.HO	silver
3823	3823	-0.0498006293946662	-0.0381645585129551	486147	Y223.HO	Yemeni_Northwest.HO	silver
3824	3824	-0.0488981283122373	-0.0395966371459578	486969	Y224.HO	Yemeni_Highlands.HO	silver
3825	3825	-0.053803753123448	-0.0338316339610497	486844	Y225.HO	Yemeni_Northwest.HO	silver
3826	3826	-0.0481844833899511	-0.0351270006747063	486638	Y226.HO	Yemeni_Northwest.HO	silver
3827	3827	-0.042225345354061	-0.0361404616420601	479539	Y227.HO	Yemeni_Highlands.HO	silver
3828	3828	-0.0521333636433576	-0.0391172160537891	486964	Y232.HO	Yemeni_Highlands.HO	silver
3829	3829	-0.0465253882249765	-0.0381859925233514	486817	Y234.HO	Yemeni_Highlands.HO	silver
3830	3830	-0.0487316804830641	-0.0379466521276362	486786	Y235.HO	Yemeni_Highlands.HO	silver
3831	3831	-0.0500024952926981	-0.0364048490132502	485232	Y236.HO	Yemeni_Northwest.HO	silver
3832	3832	-0.0488637791167386	-0.0365993553789939	485954	Y237.HO	Yemeni_Northwest.HO	silver
3833	3833	-0.0493734407320353	-0.0364174894414404	485800	Y239.HO	Yemeni_Northwest.HO	silver
3834	3834	-0.0531526005605879	-0.0378388821025737	486859	Y241.HO	Yemeni_Northwest.HO	silver
3835	3835	-0.0238242261990247	-0.0355549009967243	486907	Y246.HO	Yemeni_Desert2.HO	silver
3836	3836	-0.0255007650302174	-0.0372672938861633	486370	Y250.HO	Yemeni_Desert2.HO	silver
3837	3837	-0.0192375669525363	-0.0417168371639597	486119	Y252.HO	Yemeni_Desert2.HO	silver
3838	3838	-0.0502884374094649	-0.0353927840024835	486877	Y254.HO	Yemeni_Desert.HO	silver
3839	3839	-0.0312762274937144	-0.0373293787887766	486802	Y258.HO	Yemeni_Desert2.HO	silver
3840	3840	-0.0289252641717108	-0.0416686475559707	486395	Y264.HO	Yemeni_Desert2.HO	silver
3841	3841	-0.0199986150540701	-0.0435799870466331	486462	Y276.HO	Yemeni_Desert2.HO	silver
3842	3842	-0.0182487910044154	-0.0345036121540557	486655	Y279.HO	Yemeni_Desert2.HO	silver
3843	3843	-0.0129878396189758	-0.0403715639219337	486943	Y281.HO	Yemeni_Desert2.HO	silver
3844	3844	-0.0311056263349861	-0.0417547537631744	486809	Y283.HO	Yemeni_Desert2.HO	silver
3845	3845	-0.0233348473249301	-0.0418969092171203	466080	Y288.HO	Yemeni_Desert2.HO	silver
3846	3846	-0.0296902111423297	-0.0417422938689175	485464	Y292.HO	Yemeni_Desert2.HO	silver
3847	3847	-0.0434188979980081	-0.0342198686349427	486951	Y299.HO	Yemeni_Desert.HO	silver
3848	3848	-0.0478303627405854	-0.0384262233683802	486783	Y301.HO	Yemeni_Desert.HO	silver
3849	3849	-0.0276724151519629	-0.0397847076574823	486668	Y303.HO	Yemeni_Desert2.HO	silver
3850	3850	-0.0521624332892153	-0.0386102382578318	486539	Y311.HO	Yemeni_Desert.HO	silver
3851	3851	-0.0495597176532355	-0.0388566603966274	486795	Y312.HO	Yemeni_Desert.HO	silver
3852	3852	-0.0501557285416097	-0.0389400770622117	482965	Y313.HO	Yemeni_Desert.HO	silver
3853	3853	-0.0478662399325668	-0.041022136170365	486942	Y325.HO	Yemeni_Desert.HO	silver
3854	3854	-0.0496358418904168	-0.0405605845981598	486751	Y326.HO	Yemeni_Desert.HO	silver
3855	3855	-0.0504547290031294	-0.0434561542335091	486235	Y330.HO	Yemeni_Desert.HO	silver
3856	3856	-0.0242684359017165	-0.0456498899785608	482435	Y333.HO	Yemeni_Desert2.HO	silver
3857	3857	-0.0415100830980112	-0.0364623455805066	486882	Y334.HO	Yemeni_Desert.HO	silver
3858	3858	-0.0161277315837284	-0.040788173300052	486816	Y338.HO	Yemeni_Desert2.HO	silver
3859	3859	-0.0501141096126349	-0.0357569352389893	486280	Y341.HO	Yemeni_Desert.HO	silver
3860	3860	-0.048970656240012	-0.0393346782925173	486783	Y345.HO	Yemeni_Desert.HO	silver
3861	3861	-0.0479201755260325	-0.043168055025711	486266	Y349.HO	Yemeni_Desert.HO	silver
3862	3862	-0.0425227933328664	-0.0399103047736795	486674	Y354.HO	Yemeni_Desert.HO	silver
3863	3863	-0.0112176853886893	-0.0393503624503885	486860	Y361.HO	Yemeni_Desert2.HO	silver
3864	3864	-0.0518232030647428	-0.0366442705661381	486938	Y382.HO	Yemeni_Highlands.HO	silver
3865	3865	-0.0491619514709435	-0.0378377537627134	486651	Y388.HO	Yemeni_Highlands.HO	silver
3866	3866	-0.0522023133566303	-0.0338445034281527	486917	Y391.HO	Yemeni_Highlands.HO	silver
3867	3867	-0.0500212209522671	-0.0366277432592857	485873	Y392.HO	Yemeni_Highlands.HO	silver
3868	3868	-0.0467396126267226	-0.0386344662969551	486575	Y504.HO	Yemeni_Northwest.HO	silver
3869	3869	-0.0499782996385194	-0.0368521761006336	486320	Y506.HO	Yemeni_Northwest.HO	silver
3870	3870	-0.0522563004961669	-0.0345215464230996	486860	Y517.HO	Yemeni_Northwest.HO	silver
3871	3871	-0.0476921948608899	-0.038958788771258	486811	Y518.HO	Yemeni_Northwest.HO	silver
3872	3872	-0.0496782414363975	-0.0345921976181471	486030	Y519.HO	Yemeni_Northwest.HO	silver
3873	3873	-0.0450423235956625	-0.0367785901697315	481929	Y520.HO	Yemeni_Northwest.HO	silver
3874	3874	-0.0504036391128255	-0.0382393416937463	486743	Y522.HO	Yemeni_Northwest.HO	silver
3875	3875	-0.0517180312181556	-0.0376650261597605	486540	Y524.HO	Yemeni_Northwest.HO	silver
3876	3876	-0.0472709919698361	-0.0360138740263907	486248	Y528.HO	Yemeni_Northwest.HO	silver
3877	3877	-0.0492654572878082	-0.031740928461421	486951	Y529.HO	Yemeni_Northwest.HO	silver
3878	3878	-0.0426862809240265	-0.0386148278889912	484950	Y531.HO	Yemeni_Highlands.HO	silver
3879	3879	-0.0546811259521271	-0.0379315102333215	484699	Y532.HO	Yemeni_Northwest.HO	silver
3880	3880	-0.0488797424655067	-0.0341248789546363	484242	Y536.HO	Yemeni_Northwest.HO	silver
3881	3881	-0.0416052400396947	-0.0350708389556957	486984	Y537.HO	Yemeni_Highlands.HO	silver
3882	3882	-0.0479979856185178	-0.036757954843848	485958	Y540.HO	Yemeni_Northwest.HO	silver
3883	3883	-0.0455691307991615	-0.0341730156492666	486888	Y541.HO	Yemeni_Northwest.HO	silver
3884	3884	-0.0496476314852892	-0.0378303003242179	487029	Y542.HO	Yemeni_Northwest.HO	silver
3885	3885	-0.0492219701058527	-0.033248538348842	487026	Y544.HO	Yemeni_Northwest.HO	silver
3886	3886	-0.0476397655880429	-0.0367091762519863	486452	Y546.HO	Yemeni_Northwest.HO	silver
3887	3887	-0.0627299798720524	-0.0074076100201048	482383	ALB126.HO	Spanish.HO	red
3888	3888	-0.0664304527633744	-0.0094763866302873	480191	ALB231.HO	Spanish.HO	red
3889	3889	-0.0634351755404294	-0.0075907534518584	481137	ALB389.HO	Spanish.HO	red
3890	3890	-0.0637941757716204	-0.0081208762880576	476649	ALE005.HO	Spanish.HO	red
3891	3891	-0.0652659628638676	-0.0086733828789261	481509	ALE009.HO	Spanish.HO	red
3892	3892	-0.0644909149740917	-0.0088628502069734	483057	ALE088.HO	Spanish.HO	red
3893	3893	-0.066244509103228	-0.0103249686572599	482533	ALE339.HO	Spanish.HO	red
3894	3894	-0.0681432598369793	-0.0093667064421156	481892	ARM005.HO	Spanish.HO	red
3895	3895	-0.0649535866051917	-0.007344217386228	477934	BON076.HO	Spanish.HO	red
3896	3896	-0.0651083177493968	-0.01099582799664	480610	BOS010.HO	Spanish.HO	red
3897	3897	-0.0653000055544633	-0.0034865552644183	482548	BOS011.HO	Spanish.HO	red
3898	3898	-0.0639907406335568	-0.005581805927512	482929	BOS015.HO	Spanish.HO	red
3899	3899	-0.0650216942274678	-0.0085035149546967	478449	BOS027.HO	Spanish.HO	red
3900	3900	-0.0666672553638332	-0.0078379553336168	481922	BOS029.HO	Spanish.HO	red
3901	3901	-0.0659401562688056	-0.0040257579153399	483152	CAL026.HO	Spanish.HO	red
3902	3902	-0.068676597248385	-0.0081166534812408	481538	CAL053.HO	Spanish.HO	red
3903	3903	-0.0708327294996343	-0.0066597113092669	483298	CAL107.HO	Spanish.HO	red
3904	3904	-0.0655035453712202	-0.0086336915243165	483269	CAR007.HO	Spanish.HO	red
3905	3905	-0.0661297079769977	-0.0092714512959492	483321	CAR016.HO	Spanish.HO	red
3906	3906	-0.0637603735908242	-0.0088290610637822	483348	CAR023.HO	Spanish.HO	red
3907	3907	-0.0658656136448764	-0.0067366706585349	483350	CAR048.HO	Spanish.HO	red
3908	3908	-0.0653178988225435	-0.0081990758566555	483291	CAR200.HO	Spanish.HO	red
3909	3909	-0.065936265124239	-0.0095193387557578	483122	CAR212.HO	Spanish.HO	red
3910	3910	-0.0643780598233859	-0.0080667001273644	483212	CAR256.HO	Spanish.HO	red
3911	3911	-0.0622729467198857	-0.0100938542860629	483241	CAR257.HO	Spanish.HO	red
3912	3912	-0.0648148662317647	-0.0089611843754752	482148	COD068.HO	Spanish.HO	red
3913	3913	-0.069004110598062	-0.0052167011736848	482640	COD147.HO	Spanish.HO	red
3914	3914	-0.065924015449146	-0.0105878419705596	483225	COM032.HO	Spanish.HO	red
3915	3915	-0.0653653131842121	-0.0059799814355817	483124	DAN072.HO	Spanish.HO	red
3916	3916	-0.0646367187993639	-0.0106503596212681	482796	EST038.HO	Spanish.HO	red
3917	3917	-0.0631775731065781	-0.0087910556100392	483090	EST093.HO	Spanish.HO	red
3918	3918	-0.0662362421945084	-0.0099854360094034	483105	FER007.HO	Spanish.HO	red
3919	3919	-0.0668607220256776	-0.0110692901277689	479692	FER015.HO	Spanish.HO	red
3920	3920	-0.0651505667298612	-0.0116099900922847	472734	FER023.HO	Spanish.HO	red
3921	3921	-0.0717755539281153	-0.0048851185538122	483114	FER033.HO	Spanish.HO	red
3922	3922	-0.0695119297843077	-0.0088194578084758	473110	FER039.HO	Spanish.HO	red
3923	3923	-0.0662906720744088	-0.0082030298409099	483205	FER052.HO	Spanish.HO	red
3924	3924	-0.0621676741923011	-0.0139394313331218	481880	FER054.HO	Spanish.HO	red
3925	3925	-0.0651254903267684	-0.0120354988302436	482566	FER097.HO	Spanish.HO	red
3926	3926	-0.0642239737751566	-0.0055810388787197	478882	FER101.HO	Spanish.HO	red
3927	3927	-0.0737963136067912	-0.002368350689224	481898	FOR066.HO	Spanish.HO	red
3928	3928	-0.0621427511062654	-0.0071282791590383	483094	FOR067.HO	Spanish.HO	red
3929	3929	-0.0670835023654375	-0.0085858997184745	477952	FOR094.HO	Spanish.HO	red
3930	3930	-0.064416073433344	-0.0060119842878962	478167	GRA011.HO	Spanish.HO	red
3931	3931	-0.067290175015191	-0.0093902240475207	482973	GRA016.HO	Spanish.HO	red
3932	3932	-0.0676688273757644	-0.0016724720940162	481836	GRA020.HO	Spanish.HO	red
3933	3933	-0.0649101521355446	-0.0109967803217349	483146	GRA029.HO	Spanish.HO	red
3934	3934	-0.0656624843224735	-0.0058020402264144	481731	GRA035.HO	Spanish.HO	red
3935	3935	-0.0629365996758977	-0.0068872853705082	483308	GRA135.HO	Spanish.HO	red
3936	3936	-0.0655036926929625	-0.0037933142189348	483314	GUL190.HO	Spanish.HO	red
3937	3937	-0.0656913016139674	-0.0112534848443763	483237	GUS007.HO	Spanish.HO	red
3938	3938	-0.0677626484625608	-0.012312108315955	483411	GUS008.HO	Spanish.HO	red
3939	3939	-0.0615353359890588	-0.0088478060576214	482468	GUS014.HO	Spanish.HO	red
3940	3940	-0.0696665257843981	-0.0122588563073911	483222	GUS029.HO	Spanish.HO	red
3941	3941	-0.0658840506899087	-0.0089776831178721	483265	GUS036.HO	Spanish.HO	red
3942	3942	-0.0655403542177193	-0.0060314318355214	483313	GUS040.HO	Spanish.HO	red
3943	3943	-0.0642123181053196	-0.0097136184276637	483264	GUS119.HO	Spanish.HO	red
3944	3944	-0.0644264465969096	-0.0062388133851495	480794	GUS199.HO	Spanish.HO	red
3945	3945	-0.0653188850500692	-0.0072145387751599	481580	GUS202.HO	Spanish.HO	red
3946	3946	-0.0649044395824677	-0.0071019944132799	480593	GUS203.HO	Spanish.HO	red
3947	3947	-0.0652048820700727	-0.0046135927684212	472592	MAS003.HO	Spanish.HO	red
3948	3948	-0.0659565070300575	-0.0109460709697983	481167	MAS016.HO	Spanish.HO	red
3949	3949	-0.0663833474822719	-0.0120228597950899	481563	MAS064.HO	Spanish.HO	red
3950	3950	-0.0661149523122513	-0.009740983313874	482964	MAY035.HO	Spanish.HO	red
3951	3951	-0.0668218919684424	-0.0090745187092944	478423	MEL022.HO	Spanish.HO	red
3952	3952	-0.0619668612874305	-0.0010561479639645	483331	MIQ133.HO	Spanish.HO	red
3953	3953	-0.0639930682504397	-0.0090356832906195	481334	MOR061.HO	Spanish.HO	red
3954	3954	-0.0659979813441092	-0.0073926564523096	483279	MOR068.HO	Spanish.HO	red
3955	3955	-0.0675891523977413	-0.0045732590905423	483253	MST073.HO	Spanish.HO	red
3956	3956	-0.0641127994866767	-0.0046030373707947	483158	MST075.HO	Spanish.HO	red
3957	3957	-0.0652808935248534	-0.0102692541321775	478538	NAC135.HO	Spanish.HO	red
3958	3958	-0.0646820413121772	-0.0067888071946028	483448	PIT001.HO	Spanish.HO	red
3959	3959	-0.0683538675557658	-0.006833989834697	482640	PON058.HO	Spanish.HO	red
3960	3960	-0.0679141334789405	-0.0091942036478521	483105	RAG111.HO	Spanish.HO	red
3961	3961	-0.067291123432838	-0.0072215343298258	481779	REI087.HO	Spanish.HO	red
3962	3962	-0.0674855443214386	-0.01176896721119	483141	RIC076.HO	Spanish.HO	red
3963	3963	-0.0642514024549319	-0.0075815253702823	482877	RIC106.HO	Spanish.HO	red
3964	3964	-0.0668219649241573	-0.0085214508763265	482033	ROB016.HO	Spanish.HO	red
3965	3965	-0.0664876112467294	-0.0073123291152889	477192	ROB116.HO	Spanish.HO	red
3966	3966	-0.0652210292077921	-0.0090856987719702	482753	ROB127.HO	Spanish.HO	red
3967	3967	-0.0659432294753771	-0.0091071472309472	482069	ROI027.HO	Spanish.HO	red
3968	3968	-0.0660555185996332	-0.0053054287682642	482706	ROI042.HO	Spanish.HO	red
3969	3969	-0.0641052745623777	-0.0100055634655219	480362	ROI096.HO	Spanish.HO	red
3970	3970	-0.066871865786014	-0.00733459351708	483244	ROS005.HO	Spanish_Lleida.HO	red
3971	3971	-0.0676836309180909	-0.0100022926712726	482480	ROS008.HO	Spanish.HO	red
3972	3972	-0.0653583753772617	-0.005846135046544	482525	ROS025.HO	Spanish.HO	red
3973	3973	-0.0663276443923328	-0.0101649905790336	478418	SAB009.HO	Spanish.HO	red
3974	3974	-0.0631573159757754	-0.0079623964754786	482554	SAB014.HO	Spanish.HO	red
3975	3975	-0.0636048716536719	-0.0089809443265835	483257	SAB019.HO	Spanish.HO	red
3976	3976	-0.0648782922949887	-0.0060098400008883	482875	SAB131.HO	Spanish.HO	red
3977	3977	-0.0625259166643606	-0.0054409449546929	481423	SAB137.HO	Spanish.HO	red
3978	3978	-0.0656836226527088	-0.0057169549529225	478383	SER011.HO	Spanish.HO	red
3979	3979	-0.0702941917208273	-0.0070019338035962	480929	SER015.HO	Spanish.HO	red
3980	3980	-0.063655923791656	-0.0023358667599731	479023	SER018.HO	Spanish.HO	red
3981	3981	-0.0618739517878591	-0.0069541041495073	480422	SER022.HO	Spanish.HO	red
3982	3982	-0.0662733700391942	-0.0030705991562924	483327	SER027.HO	Spanish.HO	red
3983	3983	-0.0647755263583722	-0.0075462952249863	481165	SER064.HO	Spanish.HO	red
3984	3984	-0.0696694116850922	-0.0096333742441606	483333	SLA017.HO	Spanish.HO	red
3985	3985	-0.0672206412167665	-0.008587767928042	479125	SLM078.HO	Spanish.HO	red
3986	3986	-0.0697721641183685	-0.0095092381480707	482041	SOL051.HO	Spanish.HO	red
3987	3987	-0.0662276663988136	-0.0058573915118388	483243	SOL053.HO	Spanish.HO	red
3988	3988	-0.0666995929293354	-0.0046951704468683	482758	SOL083.HO	Spanish.HO	red
3989	3989	-0.0654626750873431	-0.0098064283833732	477320	SOL084.HO	Spanish.HO	red
3990	3990	-0.0701965252802867	-0.0064527260613127	483113	STC091.HO	Spanish.HO	red
3991	3991	-0.0632106145877202	-0.0057002439014297	482306	VID003.HO	Spanish.HO	red
3992	3992	-0.0666769767479656	-0.0060739688729171	479954	VID014.HO	Spanish.HO	red
3993	3993	-0.0651034285403342	-0.0050281639221634	483317	VID016.HO	Spanish.HO	red
3994	3994	-0.0690435355070955	-0.0087466562210811	483158	VID037.HO	Spanish.HO	red
3995	3995	-0.0673793487526199	-0.0062217399005585	482587	VID044.HO	Spanish.HO	red
3996	3996	-0.064664998335433	-0.0057369824209942	480046	VID048.HO	Spanish.HO	red
3997	3997	-0.067956078671424	-0.0079781054692691	483170	VID057.HO	Spanish.HO	red
3998	3998	-0.0664214813375418	-0.0089019783947701	477339	EIV009_2.HO	Spanish.HO	red
3999	3999	-0.0648592109967283	-0.0068019914159639	481001	EIV010_2.HO	Spanish.HO	red
4000	4000	-0.0649566034928032	-0.0039957817131944	481522	EIV011_2.HO	Spanish.HO	red
4001	4001	-0.0691273315137737	-0.0132770915040076	483249	EIV001_2.HO	Spanish.HO	red
4002	4002	-0.0663516788859204	-0.0099460535969122	483162	EIV004_2.HO	Spanish.HO	red
4003	4003	-0.0663744877393908	-0.012015768442172	482551	EIV012_2.HO	Spanish.HO	red
4004	4004	-0.0652756884941221	-0.0079020807449023	482177	EIV013_2.HO	Spanish.HO	red
4005	4005	-0.0685937101491208	-0.0095884536985268	482833	EIV014_2.HO	Spanish.HO	red
4006	4006	-0.0674031422033996	-0.0091076909603052	482607	EIV015_2.HO	Spanish.HO	red
