	pc1	pc2	#SNP	iid	pop
0	0.03172490235820778	-0.028689290909652197	494559	IREJ-T006.HO	Iran_Fars.HO
1	0.03651085967216851	-0.027649116816324298	495565	IREJ-T009.HO	Iran_Fars.HO
2	0.03739734297260076	-0.022708420429821737	496199	IREJ-T022.HO	Iran_Fars.HO
3	0.039009769736586805	-0.029987988176743748	496034	IREJ-T023.HO	Iran_Fars.HO
4	0.04196511508666704	-0.025632961037455788	496263	IREJ-T026.HO	Iran_Fars.HO
5	0.0398988819711879	-0.026174857890035784	495840	IREJ-T027.HO	Iran_Fars.HO
6	0.028137775046284404	-0.02563106372961488	495105	IREJ-T037.HO	Iran_Fars.HO
7	0.038399687232134654	-0.02711799973138515	495713	IREJ-T040.HO	Iran_Fars.HO
8	0.03951512554676615	-0.0260186083075486	496172	IREJ-T053.HO	Iran_Fars.HO
9	0.04726155517104004	-0.032813051829145255	493719	IREJ-T064.HO	Iran_Fars.HO
10	0.03485280852692175	-0.030839587584222724	489430	IREJ-T078.HO	Iran_Fars.HO
11	0.03146052169354231	-0.026569613532415506	495213	IREJ-T090.HO	Iran_Fars.HO
12	0.03523240656018018	-0.027894391079384014	487392	IREJ-T101.HO	Iran_Fars.HO
13	0.03737387400504848	-0.03253736307828426	496198	IREJ-T103.HO	Iran_Fars.HO
14	0.035687477399862326	-0.030919456857444735	495762	IREJ-T111.HO	Iran_Fars.HO
15	0.04254974659448732	-0.03127526428661905	496208	IREJ-T184.HO	Iran_Fars.HO
16	0.046547561978376256	-0.030992469542379466	495747	IREJ-T204.HO	Iran_Fars.HO
17	-0.031322865087115986	-0.04745984857345295	495650	MAL-005.HO	Malawi_Yao.HO
18	-0.033451114478537734	-0.04766600653262714	492534	MAL-009.HO	Malawi_Yao.HO
19	-0.03097202829376728	-0.047412887444400136	490417	MAL-011.HO	Malawi_Chewa.HO
20	-0.032169605351832505	-0.04790074094482683	495223	MAL-012.HO	Malawi_Chewa.HO
21	-0.03164119091996062	-0.046597420952915726	494555	MAL-014.HO	Malawi_Chewa.HO
22	-0.0366401405506846	-0.04866286466317962	493547	MAL-015.HO	Malawi_Yao.HO
23	-0.0326584902693898	-0.04549611715359874	494806	MAL-018.HO	Malawi_Chewa.HO
24	-0.031154919726045605	-0.046855972873747036	494995	MAL-019.HO	Malawi_Chewa.HO
25	-0.03194230370389766	-0.046819895128805376	490062	MAL-023.HO	Malawi_Chewa.HO
26	-0.030462178125432785	-0.04884922540624208	494137	MAL-024.HO	Malawi_Yao.HO
27	-0.031417936631912065	-0.045606365658489974	494981	MAL-025.HO	Malawi_Ngoni.HO
28	-0.031500605167433006	-0.04821241863082202	495195	MAL-026.HO	Malawi_Ngoni.HO
29	-0.030947035835975745	-0.04900682312210033	494880	MAL-028.HO	Malawi_Chewa.HO
30	-0.03577773317206771	-0.050875702008431056	491725	MAL-032.HO	Malawi_Yao.HO
31	-0.03540184312940843	-0.0479720584654641	494596	MAL-043.HO	Malawi_Chewa.HO
32	-0.03459958728087497	-0.04762568867203067	494504	MAL-045.HO	Malawi_Chewa.HO
33	-0.03188308659477819	-0.04541358227041999	494787	MAL-047.HO	Malawi_Tumbuka.HO
34	-0.03087034205905891	-0.04366099752978859	494987	MAL-050.HO	Malawi_Yao.HO
35	-0.032853271649804755	-0.04608462899661272	495337	MAL-058.HO	Malawi_Tumbuka.HO
36	-0.0328602838253451	-0.047446025463758645	493679	MAL-059.HO	Malawi_Tumbuka.HO
37	-0.03341849706635452	-0.046448475291203745	490688	MAL-065.HO	Malawi_Tumbuka.HO
38	-0.03217928255353235	-0.049395302801241055	495488	MAL-073.HO	Malawi_Tumbuka.HO
39	-0.03246308310075341	-0.04537068253362451	494608	MAL-074.HO	Malawi_Ngoni.HO
40	-0.032423961635726715	-0.04855168340840819	491306	MAL-079.HO	Malawi_Tumbuka.HO
41	-0.032831964755126515	-0.04726364688422333	495786	MAL-097.HO	Malawi_Tumbuka.HO
42	-0.034389864411751105	-0.04750444790907398	495120	MAL-099.HO	Malawi_Tumbuka.HO
43	-0.032095072575617445	-0.0480385963073568	495400	MAL-101.HO	Malawi_Yao.HO
44	-0.03221484901801188	-0.047137751610509294	494744	MAL-112.HO	Malawi_Chewa.HO
45	-0.03573027463760116	-0.04823453107702853	493761	MAL-122.HO	Malawi_Chewa.HO
46	-0.032734191126161695	-0.04549186057597176	494371	MAL-124.HO	Malawi_Ngoni.HO
47	-0.035306770350947723	-0.04948303154484376	495337	MAL-136.HO	Malawi_Yao.HO
48	-0.029798400577640143	-0.048007965812017425	493232	MAL-196.HO	Malawi_Yao.HO
49	-0.03418599391347147	-0.04743922396786255	491582	MAL-197.HO	Malawi_Tumbuka.HO
50	-0.02975055473230121	-0.04967200180077623	493350	MAL-206.HO	Malawi_Tumbuka.HO
51	0.04552923472819885	-0.02850225743245263	495533	SH001.HO	Iran_Zoroastrian.HO
52	0.046403342572543166	-0.027843964247839845	494536	SH003.HO	Iran_Zoroastrian.HO
53	0.045105966170607956	-0.029978813147499887	493869	SH004.HO	Iran_Zoroastrian.HO
54	0.03845666502672077	-0.026479533565668175	491598	SH005.HO	Iran_Zoroastrian.HO
55	0.04493162810330325	-0.026567212855729796	494808	SH007.HO	Iran_Zoroastrian.HO
56	0.05029275079302569	-0.025847775408416346	495913	SH008.HO	Iran_Zoroastrian.HO
57	0.040423847466700746	-0.027360299133194804	492531	T003.HO	Iran_Zoroastrian.HO
58	0.0430906200976892	-0.030212823732492806	496312	T006.HO	Iran_Zoroastrian.HO
59	0.04363714439905036	-0.026143312747352456	494227	T007.HO	Iran_Zoroastrian.HO
60	0.04324499317081327	-0.03019425327043962	494810	T010.HO	Iran_Zoroastrian.HO
61	0.04415429533736453	-0.030000975326864885	494961	T011.HO	Iran_Zoroastrian.HO
62	0.04802917970200341	-0.027835477648213758	495716	T012.HO	Iran_Zoroastrian.HO
63	0.04106193327797887	-0.029255894308714628	494711	T013.HO	Iran_Zoroastrian.HO
64	0.04550012254493195	-0.02792964271923888	494589	T015.HO	Iran_Zoroastrian.HO
65	0.047365550623262434	-0.02628321996337652	494216	T016.HO	Iran_Zoroastrian.HO
66	0.045303005973706	-0.03219408165686176	479415	YZ018.HO	Iran_Zoroastrian_outlier.HO
67	0.0409911933446091	-0.027352870235378156	496205	YZ019.HO	Iran_Zoroastrian.HO
68	0.05275658330173483	-0.027640656111940484	493677	YZ021.HO	Iran_Zoroastrian.HO
69	0.04884049339396664	-0.026253136938630357	495720	YZ022.HO	Iran_Zoroastrian.HO
70	0.0589646829549506	-0.020149844424950072	495880	YZ024.HO	Iran_Zoroastrian_outlier.HO
71	0.04311239715382099	-0.02525996166138839	494224	YZ030.HO	Iran_Zoroastrian.HO
72	0.04663593997523661	-0.02959994988636983	493843	YZ033.HO	Iran_Zoroastrian.HO
73	0.0470535123709758	-0.027626135129703727	495457	YZ035.HO	Iran_Zoroastrian.HO
74	0.0447199016807869	-0.02649941011363855	495422	YZ037.HO	Iran_Zoroastrian.HO
75	0.0486228745659497	-0.02824113293715499	496163	YZ039.HO	Iran_Zoroastrian.HO
76	0.044062951916203366	-0.02572737248286332	496274	YZ041.HO	Iran_Zoroastrian.HO
77	0.0305159292288797	-0.020093833296091795	496612	ABA-035.HO	Karachai.HO
78	0.03509875411307212	-0.017931567520664708	496107	ABA-048.HO	Karachai.HO
79	0.03802625961997893	-0.016460492378488564	496331	ABA-052.HO	Karachai.HO
80	0.031812324743713635	-0.018460725900678418	496566	ABA-056.HO	Karachai.HO
81	0.03040872072851088	-0.015167499247659788	496011	ABA-065.HO	Karachai.HO
82	0.0333716899601791	-0.020908787043563526	496998	ABA-069.HO	Karachai.HO
83	0.026003714578472396	-0.018418411939932253	497136	ABA-078.HO	Karachai.HO
84	0.03761310219501142	-0.02140832418448851	497145	ABA-085.HO	Karachai.HO
85	0.021011621460513087	-0.02060789139368973	496531	ABA-086.HO	Karachai.HO
86	0.03974785177709087	-0.02047288537004307	497113	ABA-091.HO	Karachai.HO
87	0.02996679981926706	-0.020239579997203355	496651	ABA-099.HO	Karachai.HO
88	0.03427015187405427	-0.022885450234800844	497047	ABA-100.HO	Karachai.HO
89	0.039473192443353976	-0.021334607857281144	496727	Adg-185.HO	Adygei.HO
90	0.03981751710571252	-0.019357229284757336	496722	Adg-192.HO	Adygei.HO
91	0.040618706163896345	-0.01956457077694238	496971	Adg-194.HO	Adygei.HO
92	0.042938417937675485	-0.014245101951325445	496538	Adg-222.HO	Adygei.HO
93	0.03786160101319544	-0.020140890246519962	496232	Adg-224.HO	Adygei.HO
94	0.04464152391923574	-0.017872977816631528	496909	Adg-226.HO	Adygei.HO
95	0.040822102300169194	-0.024878899175206658	496962	Adg-227.HO	Adygei.HO
96	0.034786846088906816	-0.020156142608390108	496994	Adg-238.HO	Adygei.HO
97	-0.06977256132990388	0.02378115346286115	481513	ALT-082.HO	Altaian_Chelkan.HO
98	-0.11987073299176866	0.03537834055872248	492996	ALT-090.HO	Altaian_Chelkan.HO
99	-0.06799117573124125	0.024524919391487744	492594	ALT-092.HO	Altaian_Chelkan.HO
100	-0.11526565731072874	0.03071981664696486	486490	ALT-093.HO	Altaian_Chelkan.HO
101	-0.1033342250156523	0.028016505015220693	493014	ALT-116.HO	Tubalar.HO
102	-0.10647691620436125	0.029212132580853662	495192	ALT-117.HO	Tubalar.HO
103	-0.11985638165155889	0.034054360673097896	494113	ALT-165.HO	Tubalar.HO
104	-0.126846821750658	0.032294992028272206	494325	ALT-167.HO	Altaian_Chelkan.HO
105	-0.12125060476413055	0.03349225258720325	493109	ALT-168.HO	Altaian_Chelkan.HO
106	-0.16165086766777267	0.02588552424641901	493920	ALT-741.HO	Altaian.HO
107	-0.1661443900863869	0.026411881161596363	492285	ALT-743.HO	Altaian.HO
108	-0.15540977762465896	0.027221967576570163	494476	ALT-744.HO	Altaian.HO
109	-0.15564528441935963	0.030215427923212114	493813	ALT-746.HO	Altaian.HO
110	-0.1593612016661476	0.028737911624055243	492994	ALT-753.HO	Altaian.HO
111	-0.15477005384274872	0.022253638008228455	494213	ALT-756.HO	Altaian.HO
112	-0.1713813736119846	0.026562251943754243	493452	ALT-760.HO	Altaian.HO
113	-0.1648289669096899	0.021702993056342105	493348	ALT-771.HO	Altaian.HO
114	-0.16490143205563462	0.03438071328334529	493386	ALT-774.HO	Altaian.HO
115	-0.1471062884975233	0.04262763194954782	493411	ALT-775.HO	Altaian.HO
116	-0.15423790958930653	0.038343132844223075	494533	ALT-776.HO	Altaian.HO
117	-0.12303974900782394	0.029132078249616892	493412	ALT-845.HO	Tubalar.HO
118	-0.11770778404106734	0.030021426795461062	493427	ALT-846.HO	Tubalar.HO
119	-0.1634226988638547	0.028261559194216558	495239	ALT-875.HO	Altaian.HO
120	-0.15370180076288048	0.024563408355093845	488142	ALT-876.HO	Altaian.HO
121	-0.1616679057598844	0.03138421306366579	493622	ALT-900.HO	Altaian.HO
122	-0.14908806097251823	0.020496435566864795	493127	ALT-916.HO	Altaian.HO
123	-0.15504819008401083	0.0258895770407472	493522	ALT-918.HO	Altaian.HO
124	-0.15542067308793617	0.025626704975516616	492677	ALT-935.HO	Altaian.HO
125	-0.11169640412034945	0.03057777285158675	494325	ALT-952.HO	Altaian_Chelkan.HO
126	-0.11515659443470619	0.0359632681403293	495045	ALT-966.HO	Altaian_Chelkan.HO
127	-0.23878366298528178	0.022752488437560777	496917	AMU-031.HO	Nivh.HO
128	-0.24042736336294782	0.023812017332400116	496758	AMU-039.HO	Nivh.HO
129	-0.24229989125774845	0.023198462882518686	496786	AMU-042.HO	Nivh.HO
130	-0.14885456037772937	0.055089511404298276	496496	AMU-049.HO	Evenk_FarEast.HO
131	-0.2418676069626161	0.013906726726371848	496746	AMU-052.HO	Nivh.HO
132	-0.234644856273578	0.019891133292451246	496713	AMU-064.HO	Nivh.HO
133	-0.24297599424882257	0.01680573826603552	496834	AMU-066.HO	Nivh.HO
134	-0.23730791219962294	0.018646802577357617	496744	AMU-072.HO	Nivh.HO
135	-0.24007175798558952	0.021563968116639947	496701	AMU-074.HO	Nivh.HO
136	-0.1858447993776683	0.02240197875458453	496602	AMU-139.HO	Evenk_FarEast.HO
137	-0.24419636794905494	0.039584703706262374	497085	AMU-156.HO	Negidal.HO
138	-0.2475358454062525	0.03906377569951182	497207	AMU-160.HO	Negidal.HO
139	-0.24582891159995587	0.033248649707374255	497245	AMU-164.HO	Nivh.HO
140	-0.24272205719975262	0.03494332205869805	496844	AMU-547.HO	Nanai.HO
141	-0.2428732757000381	0.04340751249061325	496777	AMU-549.HO	Nanai.HO
142	-0.2406255119433477	0.038991297085437256	496679	AMU-554.HO	Evenk_FarEast.HO
143	-0.23803539177893615	0.034528995633833645	496690	AMU-555.HO	Nanai.HO
144	-0.24536782194696335	0.036652801768473804	496544	AMU-559.HO	Nanai.HO
145	-0.24513070150800878	0.02455773960655777	496567	AMU-561.HO	Nanai.HO
146	-0.23996687084512314	0.019426466735646554	497207	AMU-596.HO	Nivh.HO
147	-0.2430533439997557	0.021719349276896234	496829	AMU-601.HO	Nanai.HO
148	-0.24551954217991345	0.033167247947048395	496482	AMU-610.HO	Nanai.HO
149	-0.24004446684795594	0.011827887507764905	496056	AMU-628.HO	Nanai.HO
150	-0.24653177492478764	0.02066483536602671	496008	AMU-631.HO	Nanai.HO
151	-0.24106842864103564	0.016227325984093842	496758	AMU-636.HO	Nanai.HO
152	-0.1313046127753546	0.017633268773322698	497060	AMU-672.HO	Evenk_FarEast.HO
153	-0.2443439532427542	0.041920324920751255	496699	AMU-686.HO	Evenk_FarEast.HO
154	-0.23992684443939535	0.04467214678862861	497231	AMU-696.HO	Negidal.HO
155	0.05957404413038189	-0.03376805607902031	493635	ARK-59.HO	Armenian_Hemsheni.HO
156	0.055349514126893096	-0.007633620397893047	496445	ARK-72.HO	Armenian_Hemsheni.HO
157	0.05551896414150265	-0.028585576217220507	496789	ARK-76.HO	Armenian_Hemsheni.HO
158	0.06004684787018375	-0.032000065447615286	496618	ARK-78.HO	Armenian_Hemsheni.HO
159	0.06101116325701872	-0.027588283128410853	496539	ARK-82.HO	Armenian_Hemsheni.HO
160	0.05680788081604569	-0.03232231802190012	496717	ARK-84.HO	Armenian_Hemsheni.HO
161	0.05873954741328338	-0.033122023899877194	496068	ARK-88.HO	Armenian_Hemsheni.HO
162	0.05929021051477923	-0.03425198442779438	497102	ARK-89.HO	Armenian_Hemsheni.HO
163	0.04260051568549619	-0.022043442718514727	496921	AZR-0853.HO	Azeri.HO
164	0.04246103002966662	-0.026592172050005067	496782	AZR-0860.HO	Azeri.HO
165	0.03610960545629899	-0.02668625375692121	496753	AZR-0864.HO	Azeri.HO
166	0.04113235263854517	-0.02820933564716629	497027	AZR-0865.HO	Azeri.HO
167	0.03982991372440301	-0.026771562231402576	496872	AZR-0866.HO	Azeri.HO
168	0.033792521197523274	-0.022622420168841646	496628	AZR-0868.HO	Azeri.HO
169	0.036798462935230064	-0.0260719305361967	496806	AZR-0869.HO	Azeri.HO
170	0.03582660482511798	-0.025505862954806592	497023	AZR-0870.HO	Azeri.HO
171	0.03545109789026498	-0.028663239006785347	496214	AZR-1010.HO	Azeri.HO
172	0.02499898229058282	-0.03078198356546297	496474	AZR-1012.HO	Azeri.HO
173	0.036235593448305646	-0.03182654759054394	495115	AZR-1013.HO	Azeri.HO
174	0.029522220990605228	-0.029614868842214433	496784	AZR-1017.HO	Azeri.HO
175	0.03934195753629184	-0.031182828801298943	496167	AZR-1018.HO	Azeri.HO
176	0.031639616822319035	-0.029221304192055687	496174	AZR-1037.HO	Azeri.HO
177	0.03786559484773195	-0.026828611138970823	494195	AZR-1039.HO	Azeri.HO
178	0.03948266133441173	-0.02349302516946002	497003	AZR-1054.HO	Azeri.HO
179	0.036711655329651864	-0.027671054036703824	497024	AZR-1058.HO	Azeri.HO
180	-0.06764904337219349	0.03154945515633484	493716	BAS-005.HO	Bashkir.HO
181	-0.06250550008676291	0.022819964321823465	492184	BAS-006.HO	Bashkir.HO
182	-0.07266298672059497	0.028091781469873785	491777	BAS-008.HO	Bashkir.HO
183	-0.0665796697867447	0.029675386634301675	496880	BAS-014.HO	Bashkir.HO
184	-0.06896116447749853	0.026486046012442088	491446	BAS-017.HO	Bashkir.HO
185	-0.06829905412765142	0.024875590391465925	493472	BAS-021.HO	Bashkir.HO
186	-0.06268133572773023	0.026816230561352898	493268	BAS-029.HO	Bashkir.HO
187	-0.07695369636962525	0.023810965507257423	493833	BAS-031.HO	Bashkir.HO
188	-0.07059467521472043	0.02464858404537953	493384	BAS-033.HO	Bashkir.HO
189	-0.06771257559889929	0.02094253061556855	494825	BAS-034.HO	Bashkir.HO
190	-0.06359028688824339	0.028911030242976584	494565	BAS-042.HO	Bashkir.HO
191	-0.07016174061932366	0.020931227507963498	494175	BAS-045.HO	Bashkir.HO
192	-0.05961807219272423	0.0258474710738322	492252	BAS-046.HO	Bashkir.HO
193	-0.06730002505117855	0.028198026668970713	491224	BAS-060.HO	Bashkir.HO
194	-0.06584596819482624	0.025887632389620448	493162	BAS-062.HO	Bashkir.HO
195	-0.050037738709561325	0.025254618092602363	493042	BAS-091.HO	Bashkir.HO
196	-0.018404396631428562	0.018803862776853485	494026	BAS-094.HO	Bashkir.HO
197	-0.04525086002779245	0.023093974508775785	494831	BAS-096.HO	Bashkir.HO
198	0.004593268367302337	0.01509481866366959	492127	BAS-105.HO	Bashkir.HO
199	-0.011162227212377281	0.021514046364691865	492678	BAS-111.HO	Bashkir.HO
200	-0.044897604088986236	0.021935354289222792	494790	BAS-120.HO	Bashkir.HO
201	-0.019486094614630276	0.02155664844161232	493589	BAS-121.HO	Bashkir.HO
202	-0.02779127539742324	0.02121108658446869	493201	BAS-125.HO	Bashkir.HO
203	-0.03987540289539124	0.021618736523872036	490108	BAS-135.HO	Bashkir.HO
204	-0.06072030695037597	0.02156484217339611	493124	BAS-150.HO	Bashkir.HO
205	-0.04996363160329366	0.020104773453391643	490607	BAS-153.HO	Bashkir.HO
206	-0.06197932361995171	0.028234336819874264	493577	BAS-156.HO	Bashkir.HO
207	-0.054192099366856226	0.02215205280522101	493719	BAS-164.HO	Bashkir.HO
208	-0.05781148376042049	0.023791340302693573	495514	BAS-600.HO	Bashkir.HO
209	-0.04297983298366634	0.02172010749271028	496856	BAS-622.HO	Bashkir.HO
210	-0.024819208689508123	0.025355271529114824	496388	BAS-652.HO	Bashkir.HO
211	-0.039245000106672694	0.026922444120430343	496458	BAS-655.HO	Bashkir.HO
212	-0.0315316065772798	0.026738892262178307	496880	BAS-661.HO	Bashkir.HO
213	-0.038053653928083506	0.024860001046570313	496591	BAS-663.HO	Bashkir.HO
214	-0.020739469554501656	0.02474720761285677	497115	BAS-669.HO	Bashkir.HO
215	-0.026820061053846985	0.023262346679906204	496066	BAS-670.HO	Bashkir.HO
216	-0.027863376774879434	0.026730001633780903	496422	BAS-671.HO	Bashkir.HO
217	-0.028685776860678656	0.023134655800840093	496170	BAS-672.HO	Bashkir.HO
218	-0.028396443423001478	0.026556935285885385	496731	BAS-683.HO	Bashkir.HO
219	-0.009314940691730434	0.02431620436696798	491028	BAS-811.HO	Bashkir.HO
220	-0.008749928898833387	0.0233637358168535	497100	BAS-813.HO	Bashkir.HO
221	-0.017326519189424024	0.02349305064902992	496758	BAS-822.HO	Bashkir.HO
222	-0.020170240848481482	0.027345592770114908	492432	BAS-825.HO	Bashkir.HO
223	-0.005815835475375632	0.0233613201692624	492901	BAS-831.HO	Bashkir.HO
224	-0.017772887814096274	0.026284742657985537	496916	BAS-833.HO	Bashkir.HO
225	-0.018115004218732963	0.01960808897478182	494125	BAS-834.HO	Bashkir.HO
226	-0.01782788248879575	0.02303566116795459	493202	BAS-849.HO	Bashkir.HO
227	-0.00674422373225262	0.022160211388781555	496089	BAS-1392.HO	Bashkir.HO
228	-0.018372766895847246	0.023867423425855055	496739	BAS-1393.HO	Bashkir.HO
229	-0.01459103003592254	0.0153739318056215	497143	BAS-1394.HO	Bashkir.HO
230	-0.017080573622971766	0.020867704520628094	496951	BAS-1396.HO	Bashkir.HO
231	-0.010168221469774402	0.02380278324491438	496954	BAS-1398.HO	Bashkir.HO
232	-0.01887648276697068	0.030896069609942504	497205	BAS-1400.HO	Bashkir.HO
233	-0.2007743299259322	0.022958886942074496	487605	BUR-003.HO	Buryat.HO
234	-0.2017341685554868	0.03241621783028337	497132	BUR-008.HO	Buryat.HO
235	-0.2024397555045534	0.026000598884506433	494543	BUR-009.HO	Buryat.HO
236	-0.19700262664363447	0.03166680097357593	492214	BUR-042.HO	Buryat.HO
237	-0.19871028149492811	0.02571552363751813	495846	BUR-047.HO	Buryat.HO
238	-0.19077155102914364	0.030721435479499525	494738	BUR-050.HO	Buryat.HO
239	-0.20454609133448748	0.030028252839845185	495566	BUR-051.HO	Buryat.HO
240	-0.2027309810411335	0.026803106358615554	494048	BUR-074.HO	Buryat.HO
241	-0.20657140926444478	0.023788619533173464	492150	BUR-087.HO	Buryat.HO
242	-0.18799002081571148	0.030601718941090737	496630	BUR-101.HO	Khamnegan.HO
243	-0.2069877897676107	0.022628766580611408	497131	BUR-103.HO	Khamnegan.HO
244	-0.2024338575914252	0.03209789564823216	494929	BUR-124.HO	Buryat.HO
245	-0.1989586403730774	0.03591088562507812	496902	BUR-144.HO	Buryat.HO
246	-0.2094892407972865	0.023493613036122518	492456	BUR-155.HO	Khamnegan.HO
247	-0.20822565693990855	0.033058485373689356	493721	BUR-158.HO	Buryat.HO
248	-0.200364858815934	0.021588655274603148	495722	BUR-160.HO	Buryat.HO
249	-0.19784922995431797	0.02443605539072541	490679	BUR-205.HO	Buryat.HO
250	-0.20289602384724487	0.02187083195515544	494230	BUR-207.HO	Buryat.HO
251	-0.19866457321311723	0.030098674175190167	493731	BUR-215.HO	Buryat.HO
252	-0.1929392495745909	0.02785830798111987	493763	BUR-217.HO	Buryat.HO
253	-0.20261680010921923	0.020286975594350592	492628	BUR-224.HO	Buryat.HO
254	-0.21305997477764338	0.024572182755783798	494404	BUR-238.HO	Khamnegan.HO
255	-0.20167945338074478	0.028297703083228973	495531	BUR-255.HO	Buryat.HO
256	-0.20900622807762115	0.025795301842069095	490141	BUR-258.HO	Buryat.HO
257	-0.20610880609115934	0.024693448258152017	494857	BUR-358.HO	Buryat.HO
258	-0.19400784558424475	0.026510485034341155	492850	BUR-382.HO	Buryat.HO
259	-0.20072275647220073	0.02670965437655773	489647	BUR-415.HO	Buryat.HO
260	-0.1872863455942344	0.0295417203139064	494960	BUR-500.HO	Khamnegan.HO
261	-0.19730315285363742	0.025091159880828134	495302	BUR-531.HO	Buryat.HO
262	-0.2005507476691731	0.03268499302875876	494234	BUR-562.HO	Buryat.HO
263	-0.2050068662650021	0.02606695729358898	491902	BUR-568.HO	Buryat.HO
264	-0.19565885451924503	0.030804403844881544	494657	BUR-578.HO	Buryat.HO
265	-0.1951972467956138	0.022523912304185125	492767	BUR-587.HO	Buryat.HO
266	-0.1985981828416267	0.0221907036289495	495275	BUR-594.HO	Buryat.HO
267	-0.1925378914020366	0.02342130214729918	494245	BUR-599.HO	Buryat.HO
268	-0.19281868540700267	0.024677536002757267	496409	BUR-605.HO	Buryat.HO
269	-0.18544122809030714	0.028941904827407456	495068	BUR-635.HO	Buryat.HO
270	-0.1980006256374239	0.026712215989178858	494899	BUR-645.HO	Buryat.HO
271	-0.19896771979937553	0.024871196122904966	493492	BUR-684.HO	Buryat.HO
272	-0.1916289962661345	0.024587222063185542	490892	BUR-694.HO	Buryat.HO
273	-0.21027907282385547	0.030925630145482216	496888	BUR-706.HO	Buryat.HO
274	-0.17599378294306006	0.022079377210772272	494979	BUR-707.HO	Buryat.HO
275	0.033677011831219635	-0.016291016925808317	495760	CHRK-544.HO	Circassian.HO
276	0.03975697715840052	-0.017120017151552626	496530	DAG-090.HO	Tabasaran.HO
277	0.04291244222951207	-0.014174106337106257	496692	DAG-122.HO	Tabasaran.HO
278	0.05086259961435087	-0.013947539845472971	491217	DAG-123.HO	Tabasaran.HO
279	0.04643368882243838	-0.016806636753456526	496668	DAG-124.HO	Tabasaran.HO
280	0.04365246632322209	-0.013508031002538771	496891	DAG-127.HO	Tabasaran.HO
281	0.044382048446442286	-0.01137607560654971	496806	DAG-146.HO	Darginian.HO
282	0.05041553349690874	-0.015049018007021653	496636	DAG-147.HO	Tabasaran.HO
283	0.04530419105886082	-0.015873014214398084	496881	DAG-152.HO	Tabasaran.HO
284	0.04027513181641321	-0.015085417323659605	496830	DAG-160.HO	Tabasaran.HO
285	0.046528122673187365	-0.014830336064086977	496922	DAG-161.HO	Darginian.HO
286	0.04648236886495715	-0.009290575224679848	496805	DAG-165.HO	Darginian.HO
287	0.04378715589431575	-0.011152879365571319	496818	DAG-178.HO	Tabasaran.HO
288	0.04897858672989745	-0.013121495244081764	497124	DAG-180.HO	Kubachinian.HO
289	0.053006654774300076	-0.016770808862183954	494384	DAG-183.HO	Tabasaran.HO
290	0.05276679558097296	-0.010987209605636051	497082	DAG-200.HO	Kubachinian.HO
291	0.04959965320679993	-0.015603794161606932	496786	DAG-205.HO	Kubachinian.HO
292	0.04683220498033812	-0.014933762529925102	497236	DAG-206.HO	Darginian.HO
293	0.04630849828834955	-0.016593741648425267	497197	DAG-210.HO	Kubachinian.HO
294	0.05075094732775842	-0.010725284816190978	496879	DAG-211.HO	Kubachinian.HO
295	0.045302251338950675	-0.01615974008104267	497154	DAG-213.HO	Kubachinian.HO
296	0.0430182919922337	-0.008194573845832177	497277	DAG-225.HO	Darginian.HO
297	0.04602556246779992	-0.015534815219669882	493271	DAG-231.HO	Darginian.HO
298	0.04394875489038581	-0.012349975279214482	496533	DAG-232.HO	Darginian.HO
299	0.04979021847957287	-0.010826220739257982	496886	DAG-325.HO	Lak.HO
300	0.04820808902399054	-0.01592096167754534	497003	DAG-335.HO	Lak.HO
301	0.04184195144886503	-0.01362173095412392	496761	DAG-336.HO	Lak.HO
302	0.044708615978125005	-0.013917114356507308	497194	DAG-344.HO	Lak.HO
303	0.046978890938921165	-0.009889121334052293	496944	DAG-350.HO	Darginian.HO
304	0.0455855036232916	-0.010664881073296575	497115	DAG-371.HO	Lak.HO
305	0.04962591990126139	-0.01498261566765611	496879	DAG-372.HO	Lak.HO
306	0.047798178751630796	-0.007948780852015459	496988	DAG-376.HO	Lak.HO
307	0.04181442762913795	-0.014724875322696169	497244	DAG-388.HO	Lak.HO
308	0.04602132245755562	-0.012135313861512814	497211	DAG-390.HO	Lak.HO
309	0.04183104187296883	-0.014237004895463028	496512	DAG-400.HO	Lak.HO
310	0.04853639534727354	-0.03007388777342074	497204	DAG-436.HO	Avar_outlier1.HO
311	0.04600850261672471	-0.015376502189024449	496914	DAG-448.HO	Avar.HO
312	0.045143051999990226	-0.011872269820094797	497166	DAG-461.HO	Avar.HO
313	0.045797758957938944	-0.013507944905818232	497269	DAG-474.HO	Avar.HO
314	0.04315187603644777	-0.014255143873998689	496884	DAG-477.HO	Avar.HO
315	0.04268226325838607	-0.00859155138605584	496884	DAG-485.HO	Avar.HO
316	0.04712192931759192	-0.014561764410833497	496918	DAG-492.HO	Avar.HO
317	0.048388019054543034	-0.01468593329824337	497095	DAG-506.HO	Avar.HO
318	0.04283840915882616	-0.01295197589774676	497040	DAG-515.HO	Avar.HO
319	0.048400994874119384	-0.016510235852367158	497215	DAG-529.HO	Avar_outlier2.HO
320	0.04597410143137417	-0.014150475617242723	496964	DAG06-260.HO	Kaitag.HO
321	0.049380517992284746	-0.010057046364710193	496971	DAG06-261.HO	Kaitag.HO
322	0.046378460248280504	-0.009965530666481067	496599	DAG06-262.HO	Kaitag.HO
323	0.05029527242352462	-0.015135005835971542	497039	DAG06-578.HO	Kaitag.HO
324	0.05089978456447893	-0.01161851585583299	496900	DAG06-786.HO	Kaitag.HO
325	0.043725143858053934	-0.012572729133888984	496754	DAG06-824.HO	Kaitag.HO
326	0.04752503677761215	-0.012244259619524087	496892	DAG06-826.HO	Kaitag.HO
327	0.04648761333383945	-0.00826415395913039	496864	DAG06-830.HO	Kaitag.HO
328	-0.2341405300311645	0.09456752868984371	492871	EV-004.HO	Evenk_Transbaikal.HO
329	-0.20530920804125438	0.09028469682359674	497224	EV-023.HO	Evenk_Transbaikal.HO
330	-0.2317742307944622	0.10440806792382731	494216	EV-040.HO	Evenk_Transbaikal.HO
331	-0.20833592930454184	0.08525128726057007	493032	EV-050.HO	Evenk_Transbaikal.HO
332	-0.21721618862308467	0.09537596776444739	494396	EV-052.HO	Evenk_Transbaikal.HO
333	-0.22428751085162824	0.09372438592902871	494670	EV-082.HO	Evenk_Transbaikal.HO
334	-0.2295407054422927	0.09168333403522486	492557	EV-110.HO	Evenk_Transbaikal.HO
335	-0.21183482850972246	0.030183697075160856	493486	EV-114.HO	Khamnegan.HO
336	-0.20689943508998077	0.02350026631154082	490512	EV-132.HO	Khamnegan.HO
337	-0.2129044511071299	0.03307769261968784	494955	EV-139.HO	Khamnegan.HO
338	-0.22098594865229162	0.08354244043976877	496662	EV-147.HO	Evenk_Transbaikal.HO
339	-0.2072201080478519	0.032367343519525915	496501	EV-148.HO	Khamnegan.HO
340	-0.2063902263487088	0.04080085831865028	496879	EV-175.HO	Khamnegan.HO
341	0.051130899994726774	-0.030284496143163635	492735	EZI-001.HO	Ezid.HO
342	0.045871383690592314	-0.028644366665827304	489246	EZI-010.HO	Ezid.HO
343	0.04480321944532069	-0.031139481668407028	490937	EZI-012.HO	Ezid.HO
344	0.04752313014442267	-0.029102696974882856	493962	EZI-013.HO	Ezid.HO
345	0.04533526323147132	-0.02898940917897247	494052	EZI-020.HO	Ezid.HO
346	0.044803357062410176	-0.028572049080636774	483924	EZI-029.HO	Ezid.HO
347	0.045093610024915964	-0.03008935591258951	493766	EZI-060.HO	Ezid.HO
348	0.04452045293650716	-0.025818554022431783	493463	EZI-074.HO	Ezid.HO
349	0.060140636896859744	-0.006023978922387453	496280	GAG-183.HO	Gagauz.HO
350	0.05941356565763738	-0.011921660037360955	496522	GAG-187.HO	Gagauz.HO
351	0.06182890746244538	-0.00924918773378284	496824	GAG-188.HO	Gagauz.HO
352	0.05732523200647687	-0.010308942924559004	494911	GAG-189.HO	Gagauz.HO
353	0.05633450150070695	-0.005098367836054545	496513	GAG-196.HO	Gagauz.HO
354	0.05621930356343531	-0.008473325658868368	487486	GAG-215.HO	Gagauz.HO
355	0.05779679681051286	-0.008784829915255662	487857	GAG-220.HO	Gagauz.HO
356	0.05552649468518693	-0.008047700356481714	496138	GAG-221.HO	Gagauz.HO
357	0.0616941677047125	-0.014064083310706786	487363	GAG-226.HO	Gagauz.HO
358	0.05645171983891593	-0.031048567747914493	482671	GEO-002.HO	Georgian.HO
359	0.042838800584259595	-0.026923368971282013	496992	GEO-005.HO	Georgian.HO
360	0.058986028927299865	-0.03478979533257923	496801	GEO-010.HO	Georgian.HO
361	0.05288924490385552	-0.03510886971327117	497098	GEO-015.HO	Georgian.HO
362	0.06406586441066879	-0.03147284302911226	496453	GEO-020.HO	Georgian.HO
363	0.05565758924635163	-0.03258043028838278	496647	GEO-028.HO	Georgian.HO
364	0.05510571465979662	-0.03500107027144673	497128	GEO-031.HO	Georgian.HO
365	0.061442958061966466	-0.03273098014124643	496454	GEO-032.HO	Georgian.HO
366	0.05735605985376894	-0.029650074122218043	496382	GEO-039.HO	Georgian.HO
367	0.06002967326342827	-0.03270202457963908	495378	GEO-051.HO	Georgian.HO
368	0.053941675946474026	-0.029889475755271087	495296	GEO-061.HO	Georgian.HO
369	0.05940010632161282	-0.0288971257626926	495203	GEO-082.HO	Georgian.HO
370	0.05895517084564265	-0.03308487184518669	492083	GEO001.HO	Georgian.HO
371	0.040068367559656246	-0.02240830144590104	492483	ING-1154.HO	Ingushian.HO
372	0.045778157569411955	-0.018407619308493533	496941	ING-1167.HO	Ingushian.HO
373	0.04305834576601508	-0.020439961612913234	496926	ING-1168.HO	Ingushian.HO
374	0.03859164626034757	-0.021614301331403758	496722	ING-1169.HO	Ingushian.HO
375	0.04678270950021532	-0.01926803715100008	497039	ING-1176.HO	Ingushian.HO
376	0.04533408167409465	-0.023980694342508997	496573	ING-1177.HO	Ingushian.HO
377	0.03951482221421921	-0.017309713108095936	496944	ING-1178.HO	Ingushian.HO
378	0.03642656063999617	-0.013485417743574701	496570	ING-1179.HO	Ingushian.HO
379	0.038187764254887124	-0.01882254744533133	496746	ING-1206.HO	Ingushian.HO
380	0.04406705916113248	-0.022780235863443472	491083	ING-1330.HO	Ingushian.HO
381	0.0309458782206568	-0.013955404886920415	496952	Kab-5.HO	Kabardinian.HO
382	0.03261015883767454	-0.0171616160611778	495521	Kab-10.HO	Kabardinian.HO
383	0.031076096284945173	-0.01940460847386131	496855	Kab-13.HO	Kabardinian.HO
384	0.035885161101066265	-0.011720899441261581	496001	Kab-16.HO	Kabardinian.HO
385	0.01647620997676146	-0.010532190934988446	496210	Kab-18.HO	Kabardinian.HO
386	0.05647308872633349	0.009611015095701772	495949	Kab-22.HO	Kabardinian_outlier.HO
387	0.04073671624807148	-0.01707383882076652	496225	Kab-24.HO	Kabardinian.HO
388	0.030078868441736125	-0.018045609030268944	492849	Kab-26.HO	Kabardinian.HO
389	0.028275324057644192	-0.016444832691429646	496746	Kab-30.HO	Kabardinian.HO
390	0.04007371362340383	0.026734256210068336	497176	KAR-005.HO	Karelian.HO
391	0.045347457484393	0.016955687542362242	496963	KAR-008.HO	Karelian.HO
392	0.03470732366094597	0.02611064580697044	496731	KAR-009.HO	Karelian.HO
393	0.037625108761200024	0.02186932620237412	497104	KAR-030.HO	Karelian.HO
394	0.0355977501347039	0.022997230344665515	496948	KAR-034.HO	Karelian.HO
395	0.03411139573310011	0.02629027401661516	492248	KAR-046.HO	Karelian.HO
396	0.03519917205096285	0.029984044235913377	497127	KAR-050.HO	Veps.HO
397	0.02873992561661765	0.029701512978018804	496771	KAR-056.HO	Veps.HO
398	0.03305908867141525	0.029493439016350875	497170	KAR-060.HO	Veps.HO
399	0.026679260191052885	0.026788583567455674	496932	KAR-067.HO	Veps.HO
400	0.03368937789357226	0.030476360318737766	496966	KAR-087.HO	Veps.HO
401	0.030486538012665737	0.031283777549807566	496901	KAR-092.HO	Karelian.HO
402	0.045861091544340704	0.021284168723561127	497119	KAR-105.HO	Karelian.HO
403	0.028705004289453103	0.023179718615205184	497050	KAR-110.HO	Karelian.HO
404	0.034952196943294336	0.030000826532620477	497004	KAR-111.HO	Karelian.HO
405	0.03299459713595784	0.026308008291024428	496696	KAR-131.HO	Karelian.HO
406	0.03326309312176359	0.026457894824414286	497085	KAR-157.HO	Karelian.HO
407	0.03191272142850671	0.028481092162878557	497102	KAR-165.HO	Karelian.HO
408	0.0352424158270195	0.025906151919994194	496835	KAR-167.HO	Karelian.HO
409	0.0369396607736958	0.021090304765888523	497110	KAR-173.HO	Karelian.HO
410	0.027374735578072396	0.025691961321844505	496849	KAR-183.HO	Veps.HO
411	0.0316090449179522	0.030593987754127853	497042	KAR-184.HO	Veps.HO
412	0.026352675972517958	0.026974019094452593	496785	KAR-187.HO	Veps.HO
413	0.039084773079004265	0.02088116982832152	496998	KAR-190.HO	Veps.HO
414	0.03432729841122595	0.024669926991598038	497091	KAR-193.HO	Veps.HO
415	0.027954178245556807	-0.021511235764262913	494749	KCHE-1032.HO	Abazin.HO
416	0.05374410753265998	0.006251661756068111	496835	KCHE-1052.HO	Abazin_outlier.HO
417	0.02908530038824814	-0.015406828032930963	496980	KCHE-1283.HO	Abazin.HO
418	0.02859484892321867	-0.018484444138705473	496418	KCHE-1294.HO	Abazin.HO
419	0.05436621899577396	0.01095137316908573	496579	KCHE-1299.HO	Abazin_outlier.HO
420	0.03416335934652929	-0.017955955368967425	496643	KCHE-1330.HO	Abazin.HO
421	0.027976982876041404	-0.018374688691536016	496880	KCHE-1333.HO	Abazin.HO
422	0.03683369583598385	-0.019375226404012603	497159	KCHE-1337.HO	Circassian.HO
423	0.03564705606818934	-0.015509119564279417	497116	KCHE-1436.HO	Circassian.HO
424	0.039160340459413606	-0.017872981103510106	495344	KCHE-1444.HO	Circassian.HO
425	0.030801247148183816	-0.016216506609966742	496603	KCHE-1491.HO	Circassian.HO
426	0.0337946721267534	-0.02056006393590412	496572	KCHE-1497.HO	Circassian.HO
427	0.03978465948297682	-0.02070575173048407	496446	KCHE-1526.HO	Circassian.HO
428	0.03239015389380473	-0.01641049812646423	496925	KCHE-1527.HO	Circassian.HO
429	0.029404516955170927	-0.018773664384724845	496960	KCHE-1530.HO	Circassian.HO
430	0.03345476450780273	-0.020272822485805562	496689	KCHE-1552.HO	Abazin.HO
431	0.02523956888001903	-0.0159156881799212	496801	KCHE-1559.HO	Abazin.HO
432	0.03135010060394013	-0.016903501651183615	496819	KCHE-1560.HO	Abazin.HO
433	-0.1258411324585769	0.03821239710393273	497263	KHS-001.HO	Shor_Khakassia.HO
434	-0.1288219517250626	0.03814950758999057	492121	Khs-005.HO	Khakass.HO
435	-0.11788679838289882	0.039895255519948665	492616	Khs-006.HO	Khakass.HO
436	-0.11905044803976131	0.0384999830328017	478265	Khs-007.HO	Khakass_outlier.HO
437	-0.12435492891230646	0.03940199925490839	489600	Khs-010.HO	Khakass.HO
438	-0.1265175880194193	0.041560734942104216	492776	Khs-011.HO	Khakass.HO
439	-0.12849699151173807	0.038925069123457993	496817	KHS-012.HO	Shor_Khakassia.HO
440	-0.11221923592759954	0.04261001088116359	496505	KHS-034.HO	Shor_Khakassia.HO
441	-0.12810763841672965	0.04227814560950069	496718	KHS-035.HO	Shor_Khakassia.HO
442	-0.12507483757276466	0.045220394350307266	497164	KHS-036.HO	Shor_Khakassia.HO
443	-0.1288439027094647	0.04442089261034685	496840	KHS-049.HO	Shor_Khakassia.HO
444	-0.15439195417165807	0.03740676604281038	491036	Khs-119.HO	Khakass.HO
445	-0.11916294072935361	0.030687852456741833	490786	Khs-168.HO	Khakass.HO
446	-0.12679464355875106	0.03426008792899786	490883	Khs-190.HO	Khakass.HO
447	-0.14689600757179386	0.04141552341974443	492528	Khs-301.HO	Khakass.HO
448	-0.16865060697586964	0.03487383941891704	496813	Khs-302.HO	Khakass.HO
449	-0.16234900693277537	0.029771039230874433	496880	Khs-303.HO	Khakass.HO
450	-0.14158607974391366	0.032742748723747675	496882	Khs-306.HO	Khakass.HO
451	-0.1517218574196041	0.039359856716367464	496632	Khs-308.HO	Khakass.HO
452	-0.1497374311648305	0.035909625885384995	496591	Khs-309.HO	Khakass.HO
453	-0.16455970599266162	0.03559494917622329	496666	Khs-402.HO	Khakass_Kachin.HO
454	-0.1583937606693552	0.027513117321005965	492921	Khs-403.HO	Khakass_Kachin.HO
455	-0.14305149389835567	0.02566257871515057	496795	Khs-421.HO	Khakass_Kachin.HO
456	-0.14151587161096668	0.020475241034266095	492460	Khs-422.HO	Khakass.HO
457	-0.15424254456556738	0.03219459698821633	492072	Khs-424.HO	Khakass_Kachin.HO
458	-0.08806164567688657	0.026301100560578782	493213	Khs-425.HO	Khakass.HO
459	-0.16235267302170492	0.024763914067741637	496537	Khs-491.HO	Khakass_Kachin.HO
460	-0.156919828207243	0.031275860761525054	490559	Khs-493.HO	Khakass_Kachin.HO
461	-0.15922499085772393	0.032017548887574174	497043	Khs-513.HO	Khakass_Kachin.HO
462	-0.16160267897439087	0.029187834141814414	493300	Khs-527.HO	Khakass_Kachin.HO
463	-0.0797449930631823	0.004126074082995635	489153	KKA-004.HO	Karakalpak.HO
464	-0.10328060286146419	0.006860574323406987	492860	KKA-007.HO	Karakalpak.HO
465	-0.12301179668095362	0.01150348995615554	492988	KKA-009.HO	Karakalpak.HO
466	-0.10125206674991376	0.0026036361801803527	493194	KKA-011.HO	Karakalpak.HO
467	-0.11560822856058577	0.007360544767227413	492942	KKA-012.HO	Karakalpak.HO
468	-0.10499319043827594	0.003911853708213517	491578	KKA-014.HO	Karakalpak.HO
469	-0.08995176134682736	0.002126209371875239	492662	KKA-016.HO	Karakalpak.HO
470	-0.09229968040098648	0.001018971088020641	491538	KKA-019.HO	Karakalpak.HO
471	-0.09648128451750565	0.008903521501729123	494341	KKA-023.HO	Karakalpak.HO
472	-0.10212075784410314	0.008198426160570982	492160	KKA-027.HO	Karakalpak.HO
473	-0.11065292454963156	0.005145220688201901	494358	KKA-040.HO	Karakalpak.HO
474	-0.11736277558668186	0.00017684766011358944	489084	KKA-042.HO	Karakalpak.HO
475	-0.09567333395285257	0.00279988871882559	496749	KKA-046.HO	Karakalpak.HO
476	-0.10592201549790523	0.002265338885199867	493224	KKA-051.HO	Karakalpak.HO
477	0.04440986545458984	-0.030360594395768638	497088	KRD-5.HO	Kurd.HO
478	0.04908389489784969	-0.030598175093006916	497004	KRD-8.HO	Kurd.HO
479	0.04710916446018286	-0.03310306367023659	497088	KRD-14.HO	Kurd.HO
480	0.046773684458988676	-0.031095379130798833	496933	KRD-31.HO	Kurd.HO
481	0.04053945468267424	-0.0296257859620964	496574	KRD-40.HO	Kurd.HO
482	0.04939935521344323	-0.03264883449112351	496764	KRD-43.HO	Kurd.HO
483	0.05286481138722025	-0.029811437231751024	496774	KRD-45.HO	Kurd.HO
484	0.0505933240661178	-0.02877136702017413	496929	KRD-49.HO	Kurd.HO
485	-0.11328732930365942	0.003238782853989059	497202	KZH-1593.HO	Kazakh.HO
486	-0.125785995025373	0.003203561511363727	496716	KZH-1611.HO	Kazakh.HO
487	-0.12299277871404134	0.00521356764737366	484575	KZH-1614.HO	Kazakh.HO
488	-0.12843001088806627	0.0126287786046107	496993	KZH-1629.HO	Kazakh.HO
489	-0.12523352265676208	0.006552005337005464	496761	KZH-1633.HO	Kazakh.HO
490	-0.12628158463271352	0.004181128169790604	496807	KZH-1650.HO	Kazakh.HO
491	-0.13343316607093245	0.0063510891465476975	494942	KZH-1680.HO	Kazakh.HO
492	-0.1370787686990887	0.0068129320730246365	496627	KZH-1689.HO	Kazakh.HO
493	-0.12246675160969046	0.009694359470315751	496887	KZH-1696.HO	Kazakh.HO
494	-0.12505410197222702	0.007302572897777072	496877	KZH-1708.HO	Kazakh.HO
495	-0.11420909652695836	0.004397479591009307	490013	KZH-1718.HO	Kazakh.HO
496	-0.13160781147923126	0.006321917804636794	491496	KZH-1722.HO	Kazakh.HO
497	-0.11878601387498565	0.007565200914405865	497242	KZH-1724.HO	Kazakh.HO
498	-0.1422207141241003	0.004480104742627088	496647	KZH-1725.HO	Kazakh.HO
499	-0.13333084044069848	0.004221394503115886	497118	KZH-1730.HO	Kazakh.HO
500	-0.13744773605551908	0.011047179344868222	496463	KZH-1735.HO	Kazakh.HO
501	-0.12779051689540774	0.010918985641502855	497044	KZH-1750.HO	Kazakh.HO
502	-0.12294437503456344	0.003894803080881102	497082	KZH-1752.HO	Kazakh.HO
503	0.033950345447760336	-0.02016829929065272	496583	LPGH-139.HO	Kabardinian.HO
504	0.03876764592828182	-0.01867440384220714	497001	lpgh-303.HO	Adygei.HO
505	0.03699832990036014	0.01364570846972192	496774	MOE-001.HO	Mordovian.HO
506	0.03130769925919497	0.014988035060979727	496792	MOE-002.HO	Mordovian.HO
507	0.02708776443353897	0.012791215498210958	497213	MOE-010.HO	Mordovian.HO
508	0.03188679633196103	0.012501960180389392	497060	MOE-014.HO	Mordovian.HO
509	0.04236434984968602	0.017171544546217884	496951	MOE-015.HO	Mordovian.HO
510	0.03630012696539874	0.011849876477996102	497135	MOE-020.HO	Mordovian.HO
511	0.04225290817025882	0.015526140872186001	497236	MOE-025.HO	Mordovian.HO
512	0.035510891123533866	0.01782597249007427	497215	MOE-036.HO	Mordovian.HO
513	0.0324216530437126	0.01950456976033309	497233	MOE-043.HO	Mordovian.HO
514	0.03219269910268282	0.016790236798945927	496762	MOE-045.HO	Mordovian.HO
515	0.041690365920282114	0.01160893728543861	491961	MOE-433.HO	Mordovian.HO
516	0.03889453179454936	0.016880883460567257	497011	MOE-445.HO	Mordovian.HO
517	0.040726116799552375	0.015318556510657838	497226	MOE-450.HO	Mordovian.HO
518	0.03768725674129298	0.015048039386299164	497129	MOE-451.HO	Mordovian.HO
519	0.04253975277306494	0.013057152545858014	497241	MOE-452.HO	Mordovian.HO
520	0.039460381796334106	0.015708143046520535	497250	MOE-455.HO	Mordovian.HO
521	0.03905184156056768	0.017834355416259894	496875	MOE-475.HO	Mordovian.HO
522	0.03799197457948622	0.011811535478097017	497171	MOE-485.HO	Mordovian.HO
523	0.039358826996950376	0.007688073630324288	496902	MOE-491.HO	Mordovian.HO
524	0.03856422770193558	0.015249459652345327	497039	MOE-492.HO	Mordovian.HO
525	0.050216772986844405	0.012773818644219009	496911	MOE-495.HO	Mordovian.HO
526	0.036623364300334395	0.014707005300513776	497233	MOE-497.HO	Mordovian.HO
527	0.06331165266519974	-0.007884822177895025	492102	MOL-005.HO	Moldavian.HO
528	0.061593711639467	-0.00930904620565882	496201	MOL-008.HO	Moldavian.HO
529	0.05331765840890594	-0.013873045588990105	493368	MOL-015.HO	Moldavian.HO
530	0.06492963282413405	-0.00778314046718169	496384	MOL-024.HO	Moldavian.HO
531	0.058235713828515306	-0.009362749053837249	496692	MOL-058.HO	Moldavian.HO
532	0.0628323078719411	-0.0091929429015373	496412	MOL-064.HO	Moldavian.HO
533	0.061518485436926104	-0.005502019113154318	496932	MOL-065.HO	Moldavian.HO
534	0.06458505072243384	-0.007326936922389244	496890	MOL-066.HO	Moldavian.HO
535	0.059613054743782035	-0.007593203695778966	496147	MOL-067.HO	Moldavian.HO
536	0.061504823237066915	-0.004670930670610044	492028	MOL-069.HO	Moldavian.HO
537	-0.19975736397638336	0.012029383083737905	493915	MON-0006.HO	Mongol.HO
538	-0.19545804818624438	0.00597114518315589	496837	MON-0023.HO	Mongol.HO
539	-0.19866959961038558	0.0011181124373486956	496637	MON-0045.HO	Mongol.HO
540	-0.19938783254655282	0.006518023587293096	494119	MON-0078.HO	Mongol.HO
541	-0.20011488119530768	0.003225918285908041	496537	MON-0089.HO	Mongol.HO
542	-0.17952899801264152	0.018252582965886197	494210	MON-0165.HO	Mongol.HO
543	-0.20007700410938553	0.004967285535922242	496069	MON-0209.HO	Mongol.HO
544	-0.19028381939688915	0.00363733875508744	492987	MON-0263.HO	Mongol.HO
545	-0.19191172208821738	0.0030719273913880343	495783	MON-0266.HO	Mongol.HO
546	-0.205486496862727	0.002355139218679836	496311	MON-0281.HO	Mongol.HO
547	-0.18988680792844792	0.02219456422841243	492011	MON-0292.HO	Mongol.HO
548	-0.19661485176987148	0.014582228480340222	496539	MON-0299.HO	Mongol.HO
549	-0.194103979802923	0.002789842849433864	492921	MON-0309.HO	Mongol.HO
550	-0.19955109117644454	0.005268682454448222	492063	MON-0312.HO	Mongol.HO
551	-0.20506408872032825	-0.004304616078734127	491980	MON-0328.HO	Mongol.HO
552	-0.20766219275264924	0.00577922888717394	496095	MON-0344.HO	Mongol.HO
553	-0.19796636148915045	-0.0012797249516442893	492961	MON-0345.HO	Mongol.HO
554	-0.19533693454899506	0.010435386570450532	492488	MON-0348.HO	Mongol.HO
555	-0.20455927685579878	-0.00022386854858383025	494365	MON-0352.HO	Mongol.HO
556	-0.2026687418589151	0.0037185478294342526	490888	MON-0400.HO	Mongol.HO
557	-0.20169274104192808	-0.004916170402549365	492532	MON-0413.HO	Mongol.HO
558	-0.18534548932859707	0.008703780850435142	493756	MON-0423.HO	Mongol.HO
559	-0.18425899920606523	0.011740299762290999	492609	MON-0425.HO	Mongol.HO
560	-0.20271114494313358	0.0016571933282432492	494899	MON-0426.HO	Mongol.HO
561	-0.1959941937384049	0.0046066673645638835	495582	MON-0441.HO	Mongol.HO
562	-0.19210147048775486	0.00455854837019052	492102	MON-0444.HO	Mongol.HO
563	-0.18385763153509535	0.006705426810941752	494745	MON-0453.HO	Mongol.HO
564	-0.17407529008351275	0.009802834732474034	483219	MON-0455.HO	Mongol.HO
565	-0.2033367655266737	0.01458500049103808	494739	MON-0465.HO	Mongol.HO
566	-0.18956694790307996	0.025981322634471782	492850	MON-0483.HO	Mongol.HO
567	-0.19733088150268732	0.012061619585716804	494186	MON-0500.HO	Mongol.HO
568	-0.19036730527603493	0.013251241047214164	494783	MON-232.HO	Mongol.HO
569	-0.20801683184495387	-0.0013961634282261422	496458	MON-558.HO	Mongol.HO
570	-0.18302368284942366	0.005779035011760694	495331	MON-611.HO	Mongol.HO
571	-0.0979415938722882	0.007675009116299709	496216	NOG-15.HO	Nogai_Astrakhan.HO
572	-0.10173715032629396	0.007474091605501141	496706	NOG-17.HO	Nogai_Astrakhan.HO
573	-0.09080288825288073	0.001414903644896132	496043	NOG-18.HO	Nogai_Astrakhan.HO
574	-0.10300504367214067	0.008069519465036909	496979	NOG-19.HO	Nogai_Astrakhan.HO
575	-0.1067972349129892	0.003772937053892452	496570	NOG-21.HO	Nogai_Astrakhan.HO
576	-0.09457778020332173	0.002220672097041062	495695	NOG-42.HO	Nogai_Astrakhan.HO
577	-0.044062337781660035	0.004823440743473124	496468	NOG-125.HO	Nogai_Stavropol.HO
578	-0.09521498886777709	-0.0003000369252863465	496990	NOG-127.HO	Nogai_Stavropol.HO
579	-0.04966361139814359	0.0007177442272081369	496437	NOG-129.HO	Nogai_Stavropol.HO
580	-0.12094459832592418	-0.0010834320298985576	496681	NOG-130.HO	Nogai_Stavropol.HO
581	-0.08038609121773409	0.0026974530187755955	496880	NOG-133.HO	Nogai_Stavropol.HO
582	-0.08759142606599854	0.001565951161751182	496660	NOG-217.HO	Nogai_Stavropol.HO
583	-0.06315862885728879	0.0074523323702191625	496616	NOG-220.HO	Nogai_Stavropol.HO
584	-0.08726323970957149	0.004850203594264206	496857	NOG-224.HO	Nogai_Stavropol.HO
585	-0.10327525846853412	-0.0010476666720597176	494888	NOG-263.HO	Nogai_Stavropol.HO
586	-0.08994961425524986	0.00098630335322262	496759	NOG-357.HO	Nogai_Stavropol.HO
587	0.03761286589132209	-0.02279163703067486	496626	OCE-058.HO	Ossetian.HO
588	0.03668610435793422	-0.022501688578294182	497146	OCE-155.HO	Ossetian.HO
589	0.04009137911418811	-0.023909522958962193	496774	OCE-160.HO	Ossetian.HO
590	0.044295358249744114	-0.025493856092077646	496769	OCE-161.HO	Ossetian.HO
591	0.041555766296717665	-0.024180191508096863	497119	OCE-195.HO	Ossetian.HO
592	0.040932372842418144	-0.026791960453430352	492983	OCE-224.HO	Ossetian.HO
593	0.033952761207148054	0.022790166853007065	495349	Rakr-203.HO	Russian_Archangelsk_Krasnoborsky.HO
594	0.03506464523623938	0.014969095836626008	496039	Rakr-205.HO	Russian_Archangelsk_Krasnoborsky.HO
595	0.03326411225873917	0.01684801801346412	496199	Rakr-237.HO	Russian_Archangelsk_Krasnoborsky.HO
596	0.03499066456558206	0.023920148731145206	494046	Rakr-248.HO	Russian_Archangelsk_Krasnoborsky.HO
597	0.02852333366101977	0.025128470956190998	496950	Rakr-341.HO	Russian_Archangelsk_Krasnoborsky.HO
598	0.034737140898889435	0.020650376464226225	496937	Rakr-345.HO	Russian_Archangelsk_Krasnoborsky.HO
599	0.013626744965550684	0.029437009624121886	496395	Rakrlsh-002.HO	Russian_Archangelsk_Leshukonsky.HO
600	0.017657943555270384	0.036225767990940655	496441	Rakrlsh-140.HO	Russian_Archangelsk_Leshukonsky.HO
601	0.01609737368968203	0.032176639198452164	492118	Rakrlsh-143.HO	Russian_Archangelsk_Leshukonsky.HO
602	0.019867322923097744	0.034808753685853205	496132	Rakrlsh-144.HO	Russian_Archangelsk_Leshukonsky.HO
603	0.023376976487214558	0.024629200325746888	496272	Rakrlsh-149.HO	Russian_Archangelsk_Leshukonsky.HO
604	0.05305202065482204	0.009416660942235595	496432	Rbgp-200.HO	Russian.HO
605	0.05807985831689836	0.012244901858522905	495206	Rbgp-201.HO	Russian.HO
606	0.058535852875293205	0.005526652313724393	496258	Rbgp-203.HO	Russian.HO
607	0.054904040847975	0.013471334068257427	496290	Rbgp-205.HO	Russian.HO
608	0.057468993335941514	0.013936820686660524	496644	Rkbo-12.HO	Russian.HO
609	0.05343736964405293	0.011237723053735724	496897	Rkbo-16.HO	Russian.HO
610	0.05439491542541067	0.011734555307155685	496458	Rkbo-44.HO	Russian.HO
611	0.05948906390611504	0.012952300354823804	495575	Rkbo-58.HO	Russian.HO
612	0.04317067145517484	0.013157552991774213	493948	Rksh-402.HO	Russian.HO
613	0.05114757490750974	0.010104546005769629	488114	Rksh-405.HO	Russian.HO
614	0.046139992359636534	0.014166888167161457	482025	Rksh-407.HO	Russian.HO
615	0.053685003339555656	0.011837892800407049	495328	Rksh-412.HO	Russian.HO
616	0.05546934427187554	0.01230973183088643	496252	Rkuch-03.HO	Russian.HO
617	0.051540848106739895	0.013439277968420071	496139	Rkuch-05.HO	Russian.HO
618	0.05659312890988898	0.0067487228846819835	494019	Rkuch-53.HO	Russian.HO
619	0.05127222348977025	0.0107486718709439	496500	Rkuch-58.HO	Russian.HO
620	0.0415864582368856	0.011322909929091978	495312	Rorl-102.HO	Russian.HO
621	0.058982642083366704	0.01032966640489163	493881	Rorl-110.HO	Russian.HO
622	0.055932147527643104	0.007933956566402897	495958	Rorl-114.HO	Russian.HO
623	0.056098947898515335	0.009323120428178698	494685	Rorl-155.HO	Russian.HO
624	0.029121143358100492	0.026914865558967736	492698	RPin-114.HO	Russian_Archangelsk_Pinezhsky.HO
625	0.026135736245685753	0.030854289984639294	495575	RPin-123.HO	Russian_Archangelsk_Pinezhsky.HO
626	0.030816745035139582	0.023128686540315708	496063	RPin-143.HO	Russian_Archangelsk_Pinezhsky.HO
627	0.02573815629263405	0.020303684198206648	485185	RPin-145.HO	Russian_Archangelsk_Pinezhsky.HO
628	0.02520166110737466	0.029085952350487335	494870	RPin-151.HO	Russian_Archangelsk_Pinezhsky.HO
629	0.057780271481824984	0.011090827993010869	494290	Rps-002.HO	Russian.HO
630	0.06380171140571565	0.017976539115271157	495067	Rps-004.HO	Russian.HO
631	0.0552786645766888	0.01373930518281859	493649	Rps-006.HO	Russian.HO
632	0.05753157502851677	0.0126561238138198	496816	Rps-012.HO	Russian.HO
633	0.05042530980688197	0.014077463687478899	489285	Rps-090.HO	Russian.HO
634	0.05437100550450336	0.01118859586975159	495864	Rps-091.HO	Russian.HO
635	0.05152797802058133	0.014869895761668517	496685	Rps-098.HO	Russian.HO
636	0.05425725730113789	0.009871526242953056	495149	Rrzm-08.HO	Russian.HO
637	0.05185733809755922	0.007432217436011988	485187	Rrzm-10.HO	Russian.HO
638	0.04696789283342024	0.014066921190857819	496448	Rrzm-13.HO	Russian.HO
639	0.05095619143254283	0.005305788956929617	490968	Rrzm-16.HO	Russian.HO
640	0.05144056035863816	0.008254509567657822	496567	Rrzm-83.HO	Russian.HO
641	0.05251129982429405	0.014885045584709662	494729	Rrzs-3.HO	Russian.HO
642	0.04980258498321925	0.015078690889762738	496093	Rrzs-7.HO	Russian.HO
643	0.053808478248773974	0.011980534219524587	496505	Rrzs-11.HO	Russian.HO
644	0.04941422006275532	0.015559490869182771	496611	Rrzs-32.HO	Russian.HO
645	0.05061211844901258	0.010128054912008848	496646	Rrzs-58.HO	Russian.HO
646	0.05155326366330383	0.010963478613566993	495645	Rrzs-66.HO	Russian.HO
647	0.04549417418655599	0.013860238372077279	495744	Rrzs-88.HO	Russian.HO
648	0.05832047074992229	0.010587509996552941	494002	Rsm-103.HO	Russian.HO
649	0.058145222852341555	0.010727997034467415	496351	Rsm-109.HO	Russian.HO
650	0.060528385163983796	0.010188794657498838	496094	Rsm-166.HO	Russian.HO
651	0.06116424856349161	0.012537484211323465	495932	Rsm-171.HO	Russian.HO
652	0.05586032979465625	0.010392744568064594	494947	Rsm-176.HO	Russian.HO
653	0.05543868499066082	0.007965650031507976	491442	Rsm-179.HO	Russian.HO
654	0.05671762033718316	0.009497501107050204	496705	Rsm-181.HO	Russian.HO
655	0.04946821077351709	0.01661758808920359	493738	RYAR-173.HO	Russian.HO
656	0.0445406248138572	0.016249468870214976	496403	RYAR-223.HO	Russian.HO
657	0.050219642338656806	0.012933700478228075	494579	RYAR-232.HO	Russian.HO
658	0.044832038681858456	-0.024839630953694007	496675	Shap-55.HO	Adygei.HO
659	0.05198272338838951	-0.02564841726502158	496987	Shap-156.HO	Adygei.HO
660	0.04251875207784945	-0.024297558277164562	497175	Shap-225.HO	Adygei.HO
661	-0.1273836729442263	0.03280060958484272	497170	Shor-202.HO	Shor_Mountain.HO
662	-0.11599771171243815	0.03775493868883085	496740	Shor-204.HO	Shor_Mountain.HO
663	-0.12037642695415585	0.041265328444436554	497185	Shor-209.HO	Shor_Mountain.HO
664	-0.12160677792834867	0.03365127765695191	491791	Shor-262.HO	Shor_Mountain.HO
665	-0.12496261393126673	0.04249553130392098	496571	Shor-263.HO	Shor_Mountain.HO
666	-0.12625460519454781	0.036174106776804806	497094	Shor-292.HO	Shor_Mountain.HO
667	-0.1215544712641763	0.044081547531228185	496695	Shor-293.HO	Shor_Mountain.HO
668	-0.0809818842969366	0.016483693773508327	497205	STA-003.HO	Tatar_Siberian.HO
669	-0.07817666355910091	0.01881833599691083	497107	STA-004.HO	Tatar_Siberian.HO
670	-0.0875982771535189	0.03297243851690652	496738	STA-006.HO	Tatar_Siberian.HO
671	-0.059226871342996805	0.023950342382023763	496794	STA-112.HO	Tatar_Siberian.HO
672	-0.07966511361612401	0.030493308359473222	497170	STA-116.HO	Tatar_Siberian.HO
673	-0.0617662202538902	0.025457129835093108	496714	STA-120.HO	Tatar_Siberian.HO
674	-0.07521060407337414	0.02830039511263537	496165	STA-122.HO	Tatar_Siberian.HO
675	-0.05360175957509156	0.019615979925354667	496465	STA-126.HO	Tatar_Siberian.HO
676	-0.07042292735816022	0.02590723592584731	496737	STA-128.HO	Tatar_Siberian.HO
677	-0.07008055109582706	0.02581158994381083	497240	STA-205.HO	Tatar_Siberian.HO
678	-0.08182504525727491	0.024762839796492648	497054	STA-211.HO	Tatar_Siberian.HO
679	-0.09131124528984254	0.02716806974904685	496579	STA-212.HO	Tatar_Siberian.HO
680	-0.09657272425050764	0.03519126945365433	496599	STA-237.HO	Tatar_Siberian.HO
681	-0.08811988853312307	0.03371968969972461	497060	STA-265.HO	Tatar_Siberian.HO
682	-0.09342171986691192	0.025372589380997537	497176	STA-297.HO	Tatar_Siberian.HO
683	-0.08591535506230848	0.01865042116292357	497032	STA-300.HO	Tatar_Siberian.HO
684	-0.06848546448343262	0.025573830612392094	496554	STA-304.HO	Tatar_Siberian.HO
685	-0.08216736769221406	0.023930907685635175	496617	STA-306.HO	Tatar_Siberian.HO
686	-0.09573649631792644	0.01831690081233801	496938	STA-309.HO	Tatar_Siberian.HO
687	-0.09018790276166266	0.05529827245614367	494794	STA-357.HO	Tatar_Siberian_Zabolotniye.HO
688	-0.08961613756464622	0.05003507695390286	496252	STA-362.HO	Tatar_Siberian_Zabolotniye.HO
689	-0.09540971884977188	0.056714125694397946	497091	STA-366.HO	Tatar_Siberian_Zabolotniye.HO
690	-0.08807059483730872	0.04961536022040891	496677	STA-434.HO	Tatar_Siberian_Zabolotniye.HO
691	-0.09177677970253706	0.04878816022458822	497247	STA-435.HO	Tatar_Siberian_Zabolotniye.HO
692	0.003721970532001286	-0.020317173828362022	497211	TJ-0080.HO	Tajik.HO
693	0.0006239448167156271	-0.019028938322810884	496822	TJ-0086.HO	Tajik.HO
694	-0.001127833723789866	-0.017266959363653932	496447	TJ-0091.HO	Tajik.HO
695	-0.13853297813792143	0.002547694425208892	496902	TJ-011.HO	Kyrgyz_Tajikistan.HO
696	-0.14193937604241388	-0.002660884223915504	497221	TJ-032.HO	Kyrgyz_Tajikistan.HO
697	-0.1351614741203784	0.004206556173990813	496855	TJ-038.HO	Kyrgyz_Tajikistan.HO
698	-0.1262325827815902	0.0022456535559069193	497164	TJ-098.HO	Kyrgyz_Tajikistan.HO
699	0.019670529644824415	-0.014444072943488845	496620	TJ-0108.HO	Tajik.HO
700	-0.00641293827268409	-0.013687221830370237	496941	TJ-0155.HO	Tajik.HO
701	0.0034588830832799943	-0.014980692752874135	497275	TJ-0484.HO	Tajik.HO
702	-0.0010515130230334055	-0.013943646936816476	496424	TJ-0486.HO	Tajik.HO
703	-0.013158506921540454	-0.012862297868666954	496571	TJ-0495.HO	Tajik.HO
704	0.0020215505814649847	-0.01747211365550701	497196	TJ-0500.HO	Tajik.HO
705	0.005492231893462023	-0.01711546796070336	496618	TJ-0517.HO	Tajik.HO
706	0.009404345679211317	-0.017504119892708905	496770	TJ-0555.HO	Tajik.HO
707	0.003955461833047415	-0.018563853365338945	496313	TJ-0573.HO	Tajik.HO
708	0.005499108219283863	-0.01677034949078332	497021	TJ-0574.HO	Tajik.HO
709	-0.019532708612079855	-0.016250006294205237	496851	TJ-0686.HO	Tajik.HO
710	0.006440748142148437	-0.008108176193832724	496711	TJ-0688.HO	Tajik.HO
711	-0.004767947533549022	-0.020675024183639153	496821	TJ-0796.HO	Tajik.HO
712	-0.00036709527489494996	-0.016001245579346627	495463	TJ-0798.HO	Tajik.HO
713	-0.00550943702973092	-0.01703859905500179	496634	TJ-0807.HO	Tajik.HO
714	-0.009038503439230287	-0.011358043075118663	497206	TJ-0982.HO	Tajik.HO
715	-0.005576120512166932	-0.016760703410109032	496968	TJ-0984.HO	Tajik.HO
716	-0.004415088930926517	-0.011398049430793686	496856	TJ-0986.HO	Tajik.HO
717	0.00222454755353443	-0.017318745058733362	497146	TJ-1032.HO	Tajik.HO
718	0.005376539954035144	-0.014681919344109402	496827	TJ-1041.HO	Tajik.HO
719	0.006978659038389309	0.014184766627061125	497025	TTR-086.HO	Tatar_Kazan.HO
720	-0.0042956378168850775	0.017327369803356096	496642	TTR-094.HO	Tatar_Kazan.HO
721	0.004792997280088895	0.020318951086922117	496321	TTR-097.HO	Tatar_Kazan.HO
722	-0.008684020114919965	0.015047546535810698	495653	TTR-201.HO	Tatar_Kazan.HO
723	0.005157397220891408	0.016237818763957565	496367	TTR-217.HO	Tatar_Kazan.HO
724	0.01831168874685102	0.01178724416138523	496665	TTR-241.HO	Tatar_Mishar.HO
725	-0.002486171924620124	0.016891286995277113	496995	TTR-244.HO	Tatar_Kazan.HO
726	-0.0009610691442743926	0.018072648529305273	495913	TTR-245.HO	Tatar_Kazan.HO
727	0.0004123878392946542	0.013517253712827694	495934	TTR-249.HO	Tatar_Kazan.HO
728	0.0005913165126711625	0.01329612589915556	496444	TTR-250.HO	Tatar_Kazan.HO
729	0.018924638316953464	0.01193800315417129	496326	TTR-271.HO	Tatar_Mishar.HO
730	0.012102020908679555	0.01104747811711044	496527	TTR-272.HO	Tatar_Mishar.HO
731	0.0005920800622979662	0.013088340519749615	495953	TTR-330.HO	Tatar_Kazan.HO
732	0.012909591407905367	0.009574782300209203	496644	TTR-356.HO	Tatar_Mishar.HO
733	0.0047165668655713405	0.019007509538451928	496737	TTR-359.HO	Tatar_Mishar.HO
734	0.013359719042076697	0.013735976387718498	496339	TTR-362.HO	Tatar_Mishar.HO
735	0.010837423851483596	0.01003688449489204	496813	TTR-436.HO	Tatar_Mishar.HO
736	0.01690596591201449	0.016440674468203142	482719	TTR-460.HO	Tatar_Mishar.HO
737	0.016570023645783086	0.01361687975561391	497040	TTR-462.HO	Tatar_Mishar.HO
738	0.012886428508573857	0.011708930115064861	495759	TTR-464.HO	Tatar_Mishar.HO
739	0.007182152774937356	0.025374638924785607	496539	Ttr-473.HO	Chuvash.HO
740	-0.001154565787870277	0.03145290483110359	497243	Ttr-474.HO	Chuvash.HO
741	-0.009713877082068643	0.0291683889292855	497240	Ttr-481.HO	Chuvash.HO
742	-0.006965819849395942	0.01674489315597449	496917	TTR-493.HO	Tatar_Kazan.HO
743	-0.006486959488153359	0.01824426761658989	495984	TTR-501.HO	Tatar_Kazan.HO
744	-0.00985353823657006	0.026387202028886197	497218	Ttr-507.HO	Chuvash.HO
745	0.0002780622347398358	0.015170704890536173	496240	TTR-514.HO	Tatar_Kazan.HO
746	-0.008610228655023387	0.03175161159162869	497209	Ttr-568.HO	Chuvash.HO
747	0.01844813863685767	0.019734650213374838	497054	Ttr-569.HO	Chuvash.HO
748	-0.19268668085801366	0.05705211587926466	496991	TUV-004.HO	Tuvinian.HO
749	-0.1815464577862412	0.045262227330882504	496689	TUV-008.HO	Tuvinian.HO
750	-0.18166845265872933	0.04842704206488928	496495	TUV-024.HO	Tuvinian.HO
751	-0.18729662867270763	0.04794029303718501	496933	TUV-044.HO	Tuvinian.HO
752	-0.18550884339087756	0.04286782823588258	496997	TUV-059.HO	Tuvinian.HO
753	-0.1873457220570634	0.04085464211988778	497243	TUV-062.HO	Tuvinian.HO
754	-0.19098019635865443	0.042648640306371915	496577	TUV-071.HO	Tuvinian.HO
755	-0.18280530106619086	0.04497422514133685	496601	TUV-096.HO	Tuvinian.HO
756	-0.1930568636535976	0.06438128695113451	496945	TUV-121.HO	Todzin.HO
757	-0.19758758771855148	0.07687502213286872	497122	TUV-195.HO	Todzin.HO
758	-0.20354353228104066	0.07102635815713747	497046	TUV-199.HO	Todzin.HO
759	-0.1781630075061845	0.04275967128075944	496809	TUV-349.HO	Tuvinian.HO
760	-0.17640340776889393	0.045589819990275664	495853	TUV-392.HO	Tuvinian.HO
761	-0.01645358635804258	0.03615677888160005	496773	UDM-004.HO	Udmurt.HO
762	-0.02551785646453068	0.04201533121357545	496857	UDM-033.HO	Udmurt.HO
763	-0.021866755719517354	0.04104765468113214	496947	UDM-034.HO	Udmurt.HO
764	-0.023278942083420857	0.04297233685223965	496747	UDM-138.HO	Udmurt.HO
765	-0.014085624965156742	0.04068953473802314	496596	UDM-229.HO	Udmurt.HO
766	-0.024864983770363287	0.038024935687898304	496751	UDM-254.HO	Udmurt.HO
767	-0.013755140475687218	0.035910014278928364	496904	UDM-255.HO	Udmurt.HO
768	-0.019863526297727963	0.037568922598716324	497158	UDM-256.HO	Udmurt.HO
769	-0.007047277200896501	0.02907888817149329	497141	UDM-287.HO	Besermyan.HO
770	-0.009323567181193084	0.03142956738384073	496609	UDM-309.HO	Besermyan.HO
771	-0.012670540873652401	0.039145641737658596	497107	UDM-318.HO	Udmurt.HO
772	-0.016962992927860156	0.039836364438355774	497132	UDM-335.HO	Udmurt.HO
773	-0.008675499601592437	0.032522973995011986	497165	UDM-349.HO	Besermyan.HO
774	-0.00958915603397519	0.031618406216402745	497141	UDM-357.HO	Besermyan.HO
775	-0.013574298249480978	0.03616191891364608	496660	UDM-362.HO	Besermyan.HO
776	-0.010729443688534509	0.029418603017748582	497145	UDM-366.HO	Besermyan.HO
777	0.0608354227421005	0.008136044490830456	496656	UKR-1283.HO	Ukrainian.HO
778	0.06032998264362482	0.010570135841503044	496920	UKR-1291.HO	Ukrainian.HO
779	0.053396432452655275	0.010390066043878744	496514	UKR-1292.HO	Ukrainian.HO
780	0.05837325026880453	0.004130929596291849	497155	UKR-1377.HO	Ukrainian.HO
781	0.06054664646130185	0.00765305015935414	496523	UKR-1399.HO	Ukrainian_North.HO
782	0.05606974415788032	0.0045682720437936605	479925	UKR-1903.HO	Ukrainian_North.HO
783	0.05546408887753457	0.010108163995189738	496553	UKR-1909.HO	Ukrainian_North.HO
784	0.05404371106811329	0.0048996590567758225	496498	UKR-1913.HO	Ukrainian_North.HO
785	0.05789490561416615	0.005224055041506295	496976	UKR-1951.HO	Ukrainian_North.HO
786	0.05970129054105639	0.009314287140114294	494953	UKR-1978.HO	Ukrainian_North.HO
787	0.0585716296229462	0.011395150382304342	496734	UKR-1992.HO	Ukrainian_North.HO
788	0.058081703604095855	0.005483102449052979	496589	UKR-2021.HO	Ukrainian_North.HO
789	-0.06651962209874418	-0.012611053706737818	496394	UZB-229.HO	Uzbek.HO
790	-0.0472891752659074	-0.010232589212288755	496872	UZB-232.HO	Uzbek.HO
791	-0.04937090305241528	-0.011477842662046621	496969	UZB-234.HO	Uzbek.HO
792	-0.04777314809612835	-0.008372660197886034	496426	UZB-235.HO	Uzbek.HO
793	-0.0511729027005346	-0.015402100882120517	497202	UZB-236.HO	Uzbek.HO
794	-0.05378731036381188	-0.010096809317420897	496599	UZB-237.HO	Uzbek.HO
795	-0.050916713252111924	-0.01425199160850812	497109	UZB-238.HO	Uzbek.HO
796	-0.06512453370023823	-0.011084752297564776	495936	UZB-244.HO	Uzbek.HO
797	-0.05363475162425372	-0.017674850094243064	496808	UZB-246.HO	Uzbek.HO
798	-0.07547632743551978	-0.003101738961603267	497001	UZB-301.HO	Uzbek.HO
799	-0.041452057222477814	-0.008787023866737076	496388	UZB-302.HO	Uzbek.HO
800	-0.008724097448917034	-0.007801181642276423	496550	UZB-303.HO	Uzbek.HO
801	-0.05223808637923319	-0.007900388498126742	496123	UZB-304.HO	Uzbek.HO
802	-0.06253778514368413	-0.004842076829392828	496556	UZB-305.HO	Uzbek.HO
803	-0.03865233563546407	-0.014293225663620762	496192	UZB-306.HO	Uzbek.HO
804	0.002289176405278336	-0.02157554072699547	496839	UZB-307.HO	Uzbek.HO
805	-0.06646255615398662	-0.0006003222177854122	496801	UZB-308.HO	Uzbek.HO
806	-0.20068488495184134	-0.04798903960103853	496925	UZB-400.HO	Dungan.HO
807	-0.20687045717469238	-0.04978924518989185	496602	UZB-401.HO	Dungan.HO
808	-0.20709438805718192	-0.05699087341808962	496978	UZB-410.HO	Dungan.HO
809	-0.19490266139719217	-0.05422385398645111	496639	UZB-411.HO	Dungan.HO
810	-0.2126685017114056	-0.052738480640627215	496691	UZB-412.HO	Dungan.HO
811	-0.20766473036642405	-0.04053750605764801	496935	UZB-416.HO	Dungan.HO
812	-0.1995346299929293	-0.05340288862736812	497072	UZB-417.HO	Dungan.HO
813	-0.19376174828368306	-0.051706073745600864	496716	UZB-420.HO	Dungan.HO
814	-0.19981208640777076	-0.0509098481039411	497179	UZB-421.HO	Dungan.HO
815	-0.21638663244645118	-0.05854994334946841	497183	UZB-422.HO	Dungan.HO
816	-0.2072095535323582	-0.05321735932591286	496819	UZB-425.HO	Dungan.HO
817	-0.18667288565939802	-0.050930201965561146	497057	UZB-427.HO	Dungan.HO
818	-0.19796361969996792	-0.04870564932674353	496834	UZB-431.HO	Dungan.HO
819	0.04650338239285797	-0.0197299764485862	496674	YY-2.HO	Adygei.HO
820	0.04619477653976418	-0.01935661927532874	496911	YY-18.HO	Adygei.HO
821	0.044221966175226876	-0.023021011076081097	496835	YY-36.HO	Adygei.HO
822	-0.017942876484260052	-0.0394039527755979	500019	SA062.HO	Ignore_Khomani.HO
823	-0.02915542526130584	-0.04111651513080391	499973	SA1004.HO	Khomani.HO
824	-0.02961835067739635	-0.04521118890175637	499808	SA063.HO	Khomani.HO
825	-0.03320033309087071	-0.044995246436699346	500075	SA010.HO	Khomani.HO
826	-0.024169207265735116	-0.040470491924063726	500178	SA064.HO	Khomani.HO
827	-0.03210091841926247	-0.04527864141511658	500179	SA073.HO	Khomani.HO
828	-0.028994257490721792	-0.045270517277582537	499633	SA1025.HO	Khomani.HO
829	-0.01058961190451985	-0.0321351986082238	499820	SA078.HO	Khomani.HO
830	-0.014664221922581731	-0.03719556947029671	500025	SA083.HO	Khomani.HO
831	-0.21328635996969653	0.07588576616581011	499439	Yuk_009.HO	Yukagir_Tundra.HO
832	-0.21395399378132698	0.0769870450737913	499963	Yuk_025.HO	Yukagir_Tundra.HO
833	-0.16032911461099034	0.09627153415719913	500480	Nga_051.HO	Ignore_Nganasan.HO
834	-0.2190119420223554	0.07017948737844645	500464	Yuk_022.HO	Yukagir_Tundra.HO
835	-0.21133693613165228	0.07624434542638599	500253	Yuk_020.HO	Yukagir_Tundra.HO
836	-0.15489143786295625	0.049759088737965626	500330	MC_12.HO	Ignore_Chukchi.HO
837	-0.1988261198580215	0.060093105814627186	500117	MC_40.HO	Chukchi.HO
838	-0.20549005391114736	0.06543680981015004	499876	Yuk_024.HO	Yukagir_Tundra.HO
839	-0.1923657192375223	0.05573463797148421	499955	Nesk_25.HO	Eskimo_Naukan.HO
840	-0.22396912428419552	0.08067616716548277	500389	Yuk_023.HO	Yukagir_Tundra.HO
841	-0.20412195772506184	0.06057389154842861	500203	MC_16.HO	Chukchi.HO
842	-0.1340141371093406	0.050247344919746556	500497	MC_28.HO	Ignore_Chukchi.HO
843	-0.07237111077489974	0.035520107409430145	500390	MC_02.HO	Ignore_Chukchi.HO
844	-0.20105413408267822	0.06547299066027853	500346	MC_15.HO	Chukchi.HO
845	-0.19922463172969532	0.06833786265595698	500280	MC_18.HO	Chukchi.HO
846	-0.20865245186698742	0.06573272322894505	500349	Yuk_004.HO	Yukagir_Tundra.HO
847	-0.20667430451215965	0.12206625663492243	499799	Nga_052.HO	Ignore_Nganasan.HO
848	-0.20282072656101338	0.06272418308742048	500261	MC_08.HO	Chukchi.HO
849	-0.230710217375596	0.1403447821260821	500382	Nov_005.HO	Nganasan.HO
850	-0.20138141787224506	0.0697572595097216	500369	MC_25.HO	Chukchi.HO
851	-0.2236632602531142	0.08266999947012164	499448	Yuk_019.HO	Yukagir_Tundra.HO
852	-0.2111545241773695	0.07272873540082256	500404	Yuk_011.HO	Yukagir_Tundra.HO
853	-0.18897237251531546	0.05671618398326947	500469	Nesk_22.HO	Eskimo_Naukan.HO
854	-0.20751488140678687	0.06642212248730983	498577	Sesk_47.HO	Chukchi1.HO
855	-0.20431699320237823	0.065650431265161	500409	MC_17.HO	Chukchi.HO
856	-0.19551103150866614	0.05749786938220488	500332	Nesk_15.HO	Eskimo_Naukan.HO
857	-0.23158724002781794	0.09005209146019083	500361	Yuk_021.HO	Yukagir_Tundra.HO
858	-0.20353603214569477	0.06685884289813693	500310	MC_06.HO	Chukchi.HO
859	-0.19930991825512515	0.06446269852774594	500222	MC_38.HO	Chukchi.HO
860	-0.19368092211205948	0.06321892447963764	500453	MC_14.HO	Chukchi.HO
861	-0.13022427117012153	0.04620459419347579	500425	MC_20.HO	Ignore_Chukchi.HO
862	-0.19434188213120737	0.06408384414219485	500110	Nesk_23.HO	Eskimo_Naukan.HO
863	-0.23724206333317133	0.035052165489960374	500214	Ul5.HO	Ulchi.HO
864	-0.24097886257337864	0.04075808107747736	499492	Ul31.HO	Ulchi.HO
865	-0.24307566780660322	0.050786038559942244	500352	Ul65.HO	Ulchi.HO
866	-0.051422312306948936	0.021002509414843235	500257	Tuba4.HO	Ignore_Tubalar.HO
867	-0.12487475052166355	0.030535078871720068	500055	Tuba12.HO	Tubalar.HO
868	-0.11660672729034188	0.027107367116677647	500339	Tuba20.HO	Tubalar.HO
869	-0.03948074876914859	0.003573185558277051	500054	Tuba28.HO	Ignore_Tubalar.HO
870	-0.06391502649293974	0.04162529827481984	500238	Nel19.HO	Yukagir_Forest.HO
871	-0.10325520323554645	0.04962543568142655	500356	Nlk16.HO	Even.HO
872	-0.19942567192676697	0.05835939491812491	500180	Esk20.HO	Eskimo_ChaplinSireniki.HO
873	-0.18364384761153024	0.053660788872173744	500136	Kor16.HO	Ignore_Koryak.HO
874	-0.21446087330249047	0.06819548653362693	499966	Kor66.HO	Koryak.HO
875	-0.239180184605028	0.022173005913001316	498792	Ul6.HO	Ulchi.HO
876	-0.23640072387845673	0.03308378865257651	500292	Ul33.HO	Ulchi.HO
877	-0.24303745065874527	0.0008887287979121342	500454	Ul66.HO	Ignore_Ulchi.HO
878	-0.08479676780606864	0.021190177681886035	498469	Tuba5.HO	Ignore_Tubalar.HO
879	-0.11877904122689957	0.033564348638367734	497823	Tuba13.HO	Tubalar.HO
880	-0.12450305458422224	0.029701505852789217	499520	Tuba21.HO	Tubalar.HO
881	-0.1263986326708294	0.028289615441696954	500048	Tuba29.HO	Tubalar.HO
882	-0.18340890136996243	0.06202811096066503	500414	Nlk1.HO	Even_o.HO
883	-0.22167714215985562	0.08326628327628506	500206	Nlk18.HO	Even.HO
884	-0.20110776790188215	0.05872106244761788	500244	Esk29.HO	Eskimo_ChaplinSireniki.HO
885	-0.20974713386430488	0.06878920261759496	500244	Kor30.HO	Koryak.HO
886	-0.20329142001440062	0.06273891029359065	500146	Kor72.HO	Itelmen.HO
887	-0.23590482108217564	-0.0028075094932428716	499544	Ul9.HO	Ignore_Ulchi.HO
888	-0.22794371000959326	0.07640204427358845	500424	Ul41.HO	Ignore_Ulchi.HO
889	-0.24346343225143252	0.034253311588102596	500236	Ul71.HO	Ulchi.HO
890	-0.12227299936718596	0.0321124132709542	500202	Tuba6.HO	Tubalar.HO
891	-0.03477175893126478	0.02139384076203626	499544	Tuba14.HO	Ignore_Tubalar.HO
892	-0.12416875388961417	0.036276802398518306	500347	Tuba22.HO	Tubalar.HO
893	-0.12859734888206373	0.031060032311067437	500431	Tuba30.HO	Tubalar.HO
894	-0.22886234485710014	0.07846394840318753	500288	Nlk3.HO	Even.HO
895	-0.03336602548302855	0.02471173930066049	500278	Nlk19.HO	Even.HO
896	-0.1461384378557821	0.052578056097841545	499529	Kor39.HO	Ignore_Koryak.HO
897	-0.2344165141768977	0.08739718916173231	500342	Kor86.HO	Ignore_Itelmen.HO
898	-0.24427153733361145	0.02169792569167184	500228	Ul10.HO	Ulchi.HO
899	-0.24327224204301665	0.04311142593230314	500439	Ul43.HO	Ulchi.HO
900	-0.237959692707475	0.03262481783084894	498627	Ul72.HO	Ulchi.HO
901	-0.029900034662273468	0.023679238687445755	500052	Tuba7.HO	Ignore_Tubalar.HO
902	-0.12165825396693962	0.02941840791893241	500464	Tuba15.HO	Tubalar.HO
903	-0.1242501905021674	0.02624897641756751	500160	Tuba23.HO	Tubalar.HO
904	-0.1160244967250967	0.0348740755811524	500309	Tuba31.HO	Tubalar.HO
905	-0.13532935843026228	0.05083452404025401	499995	Nlk5.HO	Even.HO
906	-0.11600233861209365	0.037179116938907235	500115	Ale9.HO	Tlingit.HO
907	-0.1953619138644691	0.05701972362497819	499983	Esk38.HO	Eskimo_ChaplinSireniki.HO
908	-0.20428853802241587	0.06264979083768034	500234	Kor40.HO	Koryak.HO
909	-0.10063792385931218	0.021698633393726734	499813	Ul61.HO	Ignore_Ulchi.HO
910	-0.2391710088385807	0.027164563971425672	500160	Ul44.HO	Ulchi.HO
911	-0.24003965912559488	0.028180997284494635	500374	Ul74.HO	Ulchi.HO
912	-0.02304450452132892	0.01792521504839602	499798	Tuba8.HO	Ignore_Tubalar.HO
913	-0.13275335435194008	0.033673507510488865	499869	Tuba16.HO	Tubalar.HO
914	-0.12204668378021238	0.02870768760355635	500348	Tuba24.HO	Tubalar.HO
915	-0.07986555942254166	0.038116641290279106	500451	Nel13.HO	Yukagir_Forest.HO
916	-0.1861809356305082	0.0704286501352932	500298	Nlk6.HO	Even.HO
917	-0.19293509967695466	0.05486615985559778	500283	Sir77.HO	Eskimo_ChaplinSireniki.HO
918	-0.20430275373659798	0.06027286925145152	499801	Kor49.HO	Koryak.HO
919	-0.23846417857887114	0.0038735450649406843	500369	Ul19.HO	Ulchi.HO
920	-0.0960182747353722	0.01595817670889636	500434	Ul54.HO	Ignore_Ulchi.HO
921	-0.11532917659782056	0.03116118750806078	500341	Tuba1.HO	Tubalar.HO
922	-0.12526797611362442	0.03091113754916345	499731	Tuba9.HO	Tubalar.HO
923	-0.13334438402782064	0.034732347278504334	500154	Tuba17.HO	Tubalar.HO
924	-0.10509148767187318	0.029593600635993183	500304	Tuba25.HO	Tubalar.HO
925	-0.08464816432958348	0.046201198008166834	477279	Nel15.HO	Yukagir_Forest.HO
926	-0.07588983962048526	0.03245308575787758	500263	Ale14.HO	Aleut_o.HO
927	-0.1973662287688382	0.06306133522037259	497781	Sir14.HO	Eskimo_ChaplinSireniki.HO
928	-0.20177629591251026	0.05797421861315933	499717	Kor54.HO	Koryak.HO
929	-0.21588041714922884	0.07320925547667584	500271	Ckrd8.HO	Yukagir_Tundra.HO
930	-0.23592520506356146	0.05422768933886348	499525	Ul24.HO	Ulchi.HO
931	-0.24037834761825785	0.03296580150594959	498477	Ul59.HO	Ulchi.HO
932	-0.1087079145917821	0.02785000727724298	500305	Tuba2.HO	Tubalar.HO
933	-0.10623749651169125	0.032724651414515825	499828	Tuba10.HO	Tubalar.HO
934	-0.12121190885354065	0.03724222726612862	500449	Tuba18.HO	Tubalar.HO
935	-0.0879986400944341	0.02945901383729125	500054	Tuba26.HO	Ignore_Tubalar.HO
936	-0.07141790925893671	0.04245470083132208	500278	Nel16.HO	Yukagir_Forest.HO
937	-0.08549240052670849	0.04464862054029736	500476	Nlk10.HO	Even.HO
938	-0.06486441607361289	0.037298444524459594	500217	Ale16.HO	Tlingit.HO
939	-0.198573052695757	0.05750622968887014	500369	Sir26.HO	Eskimo_Sireniki.HO
940	-0.2020385146211105	0.06097575195623225	500353	Kor57.HO	Itelmen.HO
941	-0.21737057091766293	0.07744669854278809	497882	Ckrd9.HO	Yukagir_Tundra.HO
942	-0.10275590562329126	0.012554232164511878	500361	Ul62.HO	Ignore_Ulchi.HO
943	-0.09363838483336691	0.010787206595968898	485993	Tuba3.HO	Ignore_Tubalar.HO
944	-0.1041754268070598	0.03401984954001936	500290	Tuba11.HO	Tubalar.HO
945	-0.12412526312762413	0.03483232432027597	500064	Tuba19.HO	Tubalar.HO
946	-0.10403608548999566	0.026102643580047658	500277	Tuba27.HO	Ignore_Tubalar.HO
947	-0.08996811741775634	0.053359572601209056	500212	Nel17.HO	Yukagir_Forest.HO
948	-0.09194433511240689	0.05045781365362694	500297	Nlk14.HO	Even.HO
949	-0.026662281897197236	0.023060009908362086	500368	Ale32.HO	Aleut_o1.HO
950	-0.20236660246332563	0.06547588472473843	500365	Kor61.HO	Koryak.HO
951	-0.22308950778967165	0.03258971044529998	439520	Ul27.HO	Ignore_Ulchi.HO
952	0.016464770492127506	-0.03742551728027652	499676	HGDP00001.HO	Brahui.HO
953	0.015387955818986752	-0.0347844476881117	499713	HGDP00003.HO	Brahui.HO
954	0.0106640440897506	-0.03180484859888599	500209	HGDP00005.HO	Brahui.HO
955	0.018048386322655922	-0.03669540825866894	499244	HGDP00007.HO	Brahui.HO
956	0.016282521975634477	-0.03714057986596016	499203	HGDP00011.HO	Brahui.HO
957	0.004267589760352711	-0.038214374484402944	498463	HGDP00013.HO	Ignore_Brahui.HO
958	0.0191125680874724	-0.036023614372332695	500043	HGDP00015.HO	Brahui.HO
959	0.018853628635621053	-0.03600165027244968	500098	HGDP00017.HO	Brahui.HO
960	0.011252720710657287	-0.03195804907292201	500065	HGDP00019.HO	Brahui.HO
961	0.02041812092372168	-0.0368913462212235	499874	HGDP00021.HO	Brahui.HO
962	0.018346770631456434	-0.031508154197285074	500090	HGDP00023.HO	Brahui.HO
963	0.01739356298389593	-0.035135580805839034	500172	HGDP00025.HO	Brahui.HO
964	0.015250520716529192	-0.03719348647492682	499786	HGDP00027.HO	Brahui.HO
965	0.008187400564879719	-0.03603768320502132	499927	HGDP00029.HO	Ignore_Brahui.HO
966	0.01766044717083023	-0.03632446526280417	500201	HGDP00031.HO	Brahui.HO
967	0.018316697345046158	-0.03731424757896097	500255	HGDP00033.HO	Brahui.HO
968	0.01100926556874229	-0.041816442403189526	500263	HGDP00035.HO	Brahui.HO
969	0.018524487306515586	-0.03599863522949041	499710	HGDP00037.HO	Brahui.HO
970	0.005252980564656144	-0.037297258523811425	500039	HGDP00039.HO	Brahui.HO
971	0.019045430742791594	-0.03129763929855311	500167	HGDP00041.HO	Ignore_Brahui.HO
972	0.018759856708715775	-0.0357694154533844	499738	HGDP00043.HO	Brahui.HO
973	0.019373010052116543	-0.035582939432362994	495872	HGDP00045.HO	Brahui.HO
974	0.018164763118558375	-0.034801922371455275	500271	HGDP00047.HO	Brahui.HO
975	0.016612247317863968	-0.03336825955280885	499719	HGDP00049.HO	Brahui.HO
976	0.020415394312455825	-0.0343929689555114	499489	HGDP00052.HO	Balochi.HO
977	0.026907281399677362	-0.028547804979359118	500106	HGDP00054.HO	Balochi.HO
978	0.0029250679256791856	-0.039011006911777016	499747	HGDP00056.HO	Balochi.HO
979	0.010070349265034325	-0.0358057487157427	499562	HGDP00057.HO	Ignore_Balochi.HO
980	0.011523015362457893	-0.033676519565894174	500099	HGDP00058.HO	Balochi.HO
981	0.014655701165583436	-0.03718125213380681	500335	HGDP00060.HO	Ignore_Balochi.HO
982	0.022300389169024337	-0.03616361711110325	499755	HGDP00062.HO	Balochi.HO
983	0.02257436021322352	-0.03329918428394104	498788	HGDP00064.HO	Balochi.HO
984	0.018224728990259103	-0.03221904431334504	500024	HGDP00066.HO	Balochi.HO
985	0.0038986540088925092	-0.033327946374087924	497066	HGDP00068.HO	Balochi.HO
986	-0.03155217074283659	-0.03698709677538217	499280	HGDP00070.HO	Ignore_Balochi.HO
987	0.01963282538917041	-0.03263376158624137	496958	HGDP00072.HO	Balochi.HO
988	0.019795235699786754	-0.037828435825563285	499908	HGDP00074.HO	Balochi.HO
989	0.015350966308820848	-0.03608746443261458	500113	HGDP00076.HO	Ignore_Balochi.HO
990	0.01863158021516866	-0.031075861164753648	497997	HGDP00078.HO	Balochi.HO
991	0.020741228300378466	-0.0335206300098554	499824	HGDP00080.HO	Balochi.HO
992	0.017982471130189984	-0.029641801574974095	498807	HGDP00082.HO	Balochi.HO
993	0.02112335832426179	-0.03457069111770829	499863	HGDP00086.HO	Balochi.HO
994	0.01810095246637815	-0.03212520090980421	491856	HGDP00088.HO	Balochi.HO
995	0.006033253664830051	-0.0347240058454405	496523	HGDP00090.HO	Balochi.HO
996	0.009697699833722637	-0.03746368077663495	499936	HGDP00092.HO	Balochi.HO
997	0.012814118592007219	-0.03190135721404105	499864	HGDP00094.HO	Balochi.HO
998	0.01377560325276221	-0.035940757317897955	499850	HGDP00096.HO	Balochi.HO
999	0.012828040720641528	-0.03419836021069552	498735	HGDP00098.HO	Balochi.HO
1000	-0.10720206446259513	-0.008579756586761257	499994	HGDP00099.HO	Hazara.HO
1001	-0.07688791220224557	-0.013393833464093658	499776	HGDP00100.HO	Ignore_Hazara.HO
1002	-0.10259890291166107	-0.013316201147884142	495002	HGDP00102.HO	Ignore_Hazara.HO
1003	-0.10893727191003445	-0.013016557208944393	498030	HGDP00103.HO	Hazara.HO
1004	-0.0670742380618175	-0.013285647992755851	498719	HGDP00104.HO	Ignore_Hazara.HO
1005	-0.10752752502593678	-0.016357852267742074	496872	HGDP00105.HO	Ignore_Hazara.HO
1006	-0.09543292699151273	-0.0127793533726513	498778	HGDP00106.HO	Hazara.HO
1007	-0.1000390999254232	-0.016586826567025422	499493	HGDP00108.HO	Ignore_Hazara.HO
1008	-0.1025395176440013	-0.010399612885249569	498519	HGDP00109.HO	Hazara.HO
1009	-0.09253341228939516	-0.023563694147168652	497143	HGDP00110.HO	Hazara.HO
1010	-0.11622493666796839	-0.012965108261382495	499799	HGDP00112.HO	Ignore_Hazara.HO
1011	-0.10539899154718581	-0.007939061345217883	499531	HGDP00115.HO	Hazara.HO
1012	-0.10312965757751853	-0.013779183808829951	495400	HGDP00116.HO	Hazara.HO
1013	-0.09686612931640938	-0.015663230444543094	499657	HGDP00118.HO	Hazara.HO
1014	-0.08433619658777149	-0.016710666306186665	494339	HGDP00119.HO	Ignore_Hazara.HO
1015	-0.09736983178530581	-0.01268435213702899	497919	HGDP00120.HO	Hazara.HO
1016	-0.10541580281483329	-0.015235711684228779	499760	HGDP00121.HO	Hazara.HO
1017	-0.10431478855958332	-0.012138844446226343	498796	HGDP00122.HO	Hazara.HO
1018	-0.09346673635807097	-0.011822225452027336	499107	HGDP00124.HO	Hazara.HO
1019	-0.10297917757999275	-0.018024509770416315	498163	HGDP00125.HO	Hazara.HO
1020	-0.10347698521369462	-0.007179256809925774	497104	HGDP00127.HO	Hazara.HO
1021	-0.0350034195774454	-0.01896652306049797	495459	HGDP00129.HO	Ignore_Hazara.HO
1022	-0.00919420030815732	-0.03939777285593119	499145	HGDP00130.HO	Ignore_Makrani.HO
1023	0.02415808814620824	-0.03765560805896683	499625	HGDP00131.HO	Makrani.HO
1024	0.022498249695498226	-0.031014272302335576	498902	HGDP00133.HO	Makrani.HO
1025	0.021508225728740428	-0.03249209531069652	499018	HGDP00134.HO	Makrani.HO
1026	0.023158930868200835	-0.0347199075668418	499886	HGDP00135.HO	Makrani.HO
1027	0.01636530470243141	-0.03658532886908929	499250	HGDP00136.HO	Makrani.HO
1028	0.022624052556193215	-0.04207034777907653	499761	HGDP00137.HO	Makrani.HO
1029	0.017234762823541815	-0.034444519031750935	499855	HGDP00139.HO	Ignore_Makrani.HO
1030	0.01359572888884084	-0.03341554065086311	498943	HGDP00140.HO	Makrani.HO
1031	0.019099114981777847	-0.03710734773531066	498563	HGDP00141.HO	Makrani.HO
1032	-0.0024543322614737225	-0.03303637857551744	500133	HGDP00143.HO	Ignore_Makrani.HO
1033	0.021189672140990445	-0.03992869534358674	500202	HGDP00144.HO	Makrani.HO
1034	0.02122308512727973	-0.036811773626600874	499946	HGDP00145.HO	Makrani.HO
1035	0.02828574398363088	-0.03683398007493995	499104	HGDP00146.HO	Makrani.HO
1036	0.018417442604254163	-0.030765546994465282	499665	HGDP00148.HO	Makrani.HO
1037	-0.0020719146448311206	-0.03666024259393484	498878	HGDP00149.HO	Ignore_Makrani.HO
1038	0.007420716911142502	-0.03424352480499643	499868	HGDP00150.HO	Ignore_Makrani.HO
1039	0.023299382283585923	-0.03583860495756676	499138	HGDP00151.HO	Makrani.HO
1040	0.018756530888026646	-0.03542698006451923	500107	HGDP00153.HO	Makrani.HO
1041	0.022735089914875644	-0.03074537683286459	499282	HGDP00154.HO	Makrani.HO
1042	0.025251475066679647	-0.03478318779314951	499498	HGDP00155.HO	Makrani.HO
1043	0.022600971286831296	-0.037331324027861455	499289	HGDP00157.HO	Makrani.HO
1044	0.021014379178014114	-0.03443537355943277	499849	HGDP00158.HO	Makrani.HO
1045	0.02050884858620399	-0.036996053634490864	499896	HGDP00160.HO	Makrani.HO
1046	0.020523259543759408	-0.0371146867033141	499999	HGDP00161.HO	Makrani.HO
1047	-0.007323286362809053	-0.03856831775209187	497474	HGDP00167.HO	Sindhi_Pakistan.HO
1048	-0.005740104319801145	-0.03737839327846287	495517	HGDP00169.HO	Sindhi_Pakistan.HO
1049	-0.0003142019453859192	-0.035502865981385925	497725	HGDP00171.HO	Sindhi_Pakistan.HO
1050	-0.0005451710710084579	-0.03607566308934944	496620	HGDP00179.HO	Sindhi_Pakistan.HO
1051	-0.0029174220179745782	-0.03327316586966906	498579	HGDP00181.HO	Sindhi_Pakistan.HO
1052	-0.004588890162836908	-0.031356684843267466	498425	HGDP00187.HO	Sindhi_Pakistan.HO
1053	-0.0004480905580972425	-0.0349211255608478	497485	HGDP00191.HO	Sindhi_Pakistan.HO
1054	-0.010292449574911839	-0.03644011078776351	498919	HGDP00195.HO	Sindhi_Pakistan.HO
1055	-0.005833001205369671	-0.030936669307251644	499334	HGDP00197.HO	Sindhi_Pakistan.HO
1056	-0.0018300393451598069	-0.030608193150401784	497602	HGDP00201.HO	Sindhi_Pakistan.HO
1057	-0.0012401437570549797	-0.03641592848205206	497404	HGDP00205.HO	Sindhi_Pakistan.HO
1058	-0.014618887963758041	-0.037167573909677745	499066	HGDP00206.HO	Sindhi_Pakistan.HO
1059	-0.0025505232888464622	-0.035384663142942516	493681	HGDP00208.HO	Sindhi_Pakistan.HO
1060	-0.006688126232582062	-0.033334333498427994	499106	HGDP00210.HO	Sindhi_Pakistan.HO
1061	0.01319035102563344	-0.02586705800276058	497151	HGDP00213.HO	Pathan.HO
1062	0.009185528227459617	-0.02656532853875638	499274	HGDP00214.HO	Ignore_Pathan.HO
1063	-0.000657442492211155	-0.0277943453943762	496457	HGDP00216.HO	Pathan.HO
1064	0.006663784060869684	-0.02502133587534508	498530	HGDP00218.HO	Pathan.HO
1065	0.00139369956581603	-0.034290585959523764	499049	HGDP00222.HO	Pathan.HO
1066	0.0071744781259768416	-0.0286749614037384	498195	HGDP00224.HO	Pathan.HO
1067	0.003164375524344468	-0.024694099651762315	498016	HGDP00226.HO	Pathan.HO
1068	-0.002006681046531298	-0.02585874364785633	498521	HGDP00228.HO	Pathan.HO
1069	0.0008784485228598736	-0.030095286074608013	498725	HGDP00232.HO	Pathan.HO
1070	0.01077967997910143	-0.025126571323961493	497669	HGDP00241.HO	Pathan.HO
1071	0.015113641762160178	-0.024487729900383334	498771	HGDP00243.HO	Pathan.HO
1072	-0.00015409521388577488	-0.026767589028176816	499189	HGDP00244.HO	Pathan.HO
1073	-0.0018014255599846586	-0.02838131643571752	498933	HGDP00248.HO	Pathan.HO
1074	0.007726842710384937	-0.02765032632572989	498126	HGDP00254.HO	Pathan.HO
1075	-0.009857965509319241	-0.0275083886908763	498999	HGDP00258.HO	Pathan.HO
1076	0.011862121163987086	-0.023541456046168065	497540	HGDP00259.HO	Pathan.HO
1077	0.004365972880778138	-0.028120129774952703	498056	HGDP00262.HO	Pathan.HO
1078	-0.0016230774481136624	-0.031166703579240725	498912	HGDP00264.HO	Pathan.HO
1079	0.009652902727769067	-0.020450343645148982	497627	HGDP00277.HO	Kalash.HO
1080	0.003730850874241061	-0.023862396309199882	497881	HGDP00279.HO	Ignore_Kalash.HO
1081	0.007023249939116086	-0.02219186357004395	492720	HGDP00281.HO	Kalash.HO
1082	0.008651244296303637	-0.022397871116569774	498323	HGDP00285.HO	Kalash.HO
1083	0.005497934237842095	-0.023662970933370282	498855	HGDP00286.HO	Kalash.HO
1084	0.0076332906186564456	-0.025587928504767387	498213	HGDP00288.HO	Kalash.HO
1085	0.0053173217990944216	-0.028339115644820865	497135	HGDP00290.HO	Kalash.HO
1086	0.0075368233076210725	-0.0240985650356754	499528	HGDP00298.HO	Kalash.HO
1087	0.00563137295448666	-0.021787664324505466	498670	HGDP00302.HO	Kalash.HO
1088	0.007683791407144851	-0.02658950366014316	499120	HGDP00307.HO	Kalash.HO
1089	0.003540676898215189	-0.02127108654250608	497632	HGDP00311.HO	Kalash.HO
1090	0.003215217907933941	-0.023568843941661956	495554	HGDP00313.HO	Kalash.HO
1091	0.006942838602127487	-0.023689732949587945	500197	HGDP00315.HO	Kalash.HO
1092	0.007373209170113896	-0.02420876202938303	500114	HGDP00319.HO	Kalash.HO
1093	0.011844331916389261	-0.02560858713078003	498494	HGDP00323.HO	Kalash.HO
1094	0.0075464575355035785	-0.018664301965528513	497703	HGDP00328.HO	Kalash.HO
1095	0.006044377578169631	-0.018399436660520872	498852	HGDP00330.HO	Kalash.HO
1096	0.007316290253593987	-0.022069995765414917	494873	HGDP00333.HO	Kalash.HO
1097	-0.03059975923930951	-0.02712337239339832	499067	HGDP00336.HO	Burusho.HO
1098	-0.02127023878142091	-0.0275707051406075	498407	HGDP00338.HO	Burusho.HO
1099	-0.026010395941117273	-0.0252727851265897	493044	HGDP00341.HO	Burusho.HO
1100	-0.026016751733475285	-0.02866933498273238	492311	HGDP00346.HO	Burusho.HO
1101	-0.023519255067073537	-0.034077305264162826	495010	HGDP00351.HO	Burusho.HO
1102	-0.023038892809377355	-0.030199522913803484	497983	HGDP00356.HO	Burusho.HO
1103	-0.024407354958038783	-0.03423663781889497	497870	HGDP00359.HO	Burusho.HO
1104	-0.020996654785596782	-0.029407948553782877	497841	HGDP00364.HO	Burusho.HO
1105	-0.02855047655556968	-0.027319765041100775	497480	HGDP00371.HO	Burusho.HO
1106	-0.028603726077251562	-0.032637080444322765	497911	HGDP00372.HO	Burusho.HO
1107	-0.034502453936377596	-0.03338428262757353	497076	HGDP00376.HO	Ignore_Burusho.HO
1108	-0.023329417176370455	-0.03095872903293339	498635	HGDP00382.HO	Burusho.HO
1109	-0.019407998343901556	-0.0325330881555486	498961	HGDP00388.HO	Burusho.HO
1110	-0.023609273974504685	-0.0302967447488869	498090	HGDP00392.HO	Burusho.HO
1111	-0.024261877982148336	-0.028089403274496723	497439	HGDP00397.HO	Ignore_Burusho.HO
1112	-0.023685371969233707	-0.02449737554135433	498601	HGDP00402.HO	Burusho.HO
1113	-0.02903685626253749	-0.03305276485546687	498152	HGDP00407.HO	Burusho.HO
1114	-0.02103345381084942	-0.027105331024287416	495869	HGDP00412.HO	Burusho.HO
1115	-0.02390464028407453	-0.027529876807649678	497950	HGDP00417.HO	Burusho.HO
1116	-0.024821124686331682	-0.02975254477326222	498671	HGDP00423.HO	Burusho.HO
1117	-0.01900169175214883	-0.027268151548830014	498878	HGDP00428.HO	Burusho.HO
1118	-0.014824507902669804	-0.02894318693423668	497514	HGDP00433.HO	Burusho.HO
1119	-0.023551838242405282	-0.03145316903351242	498917	HGDP00438.HO	Burusho.HO
1120	-0.01891293867442435	-0.02607222680016006	499125	HGDP00444.HO	Burusho.HO
1121	-0.02464311647545201	-0.03076976644568346	499242	HGDP00445.HO	Burusho.HO
1122	-0.029960491624315494	-0.04457651514314535	496268	HGDP00449.HO	Mbuti.HO
1123	-0.034220861137529604	-0.04914805401121191	496941	HGDP00452.HO	Ignore_Biaka.HO
1124	-0.03212793745570775	-0.048606641162973696	497138	HGDP00453.HO	Ignore_Biaka.HO
1125	-0.034496689392060825	-0.04717801401754967	496608	HGDP00454.HO	Biaka.HO
1126	-0.03590928435571622	-0.04461548970652236	497474	HGDP00455.HO	Biaka.HO
1127	-0.035315379336441584	-0.047306527388148466	497638	HGDP00457.HO	Biaka.HO
1128	-0.037458312246064676	-0.04481208312568542	498162	HGDP00458.HO	Biaka.HO
1129	-0.03246754458813033	-0.046135602884672736	493013	HGDP00459.HO	Biaka.HO
1130	-0.034801638518838884	-0.04710742796269678	497993	HGDP00460.HO	Biaka.HO
1131	-0.03610031765165475	-0.0449376063138331	496840	HGDP00461.HO	Biaka.HO
1132	-0.032861395854671946	-0.045830881981294536	497525	HGDP00462.HO	Mbuti.HO
1133	-0.037109269069112716	-0.045475764140870956	497350	HGDP00463.HO	Mbuti.HO
1134	-0.037357304097767136	-0.04584588810657856	498179	HGDP00464.HO	Biaka.HO
1135	-0.03477636518410461	-0.04607485228538117	497608	HGDP00465.HO	Biaka.HO
1136	-0.03717635814325479	-0.047389142563698576	498089	HGDP00466.HO	Biaka.HO
1137	-0.03509407406234998	-0.047696654689988	497403	HGDP00467.HO	Mbuti.HO
1138	-0.03277603663942826	-0.04362376359545677	498001	HGDP00469.HO	Biaka.HO
1139	-0.03691924141832283	-0.04681313174650987	498530	HGDP00470.HO	Biaka.HO
1140	-0.03659836367827771	-0.045928359442605766	492468	HGDP00472.HO	Biaka.HO
1141	-0.03558429254851776	-0.046827042807777636	496861	HGDP00473.HO	Biaka.HO
1142	-0.03469706278880148	-0.04581999212697655	497566	HGDP00474.HO	Mbuti.HO
1143	-0.035778338202986204	-0.049016672799282485	498316	HGDP00475.HO	Biaka.HO
1144	-0.03622104862602998	-0.04784767877896424	497375	HGDP00476.HO	Mbuti.HO
1145	-0.035261402231162774	-0.04582145481650273	497861	HGDP00478.HO	Mbuti.HO
1146	-0.035125155119635106	-0.04462525706129239	497721	HGDP00479.HO	Ignore_Biaka.HO
1147	0.06805147258116821	-0.00028616759316225986	500303	HGDP00511.HO	French.HO
1148	0.0632173221411141	-0.004749418172454764	499637	HGDP00512.HO	French.HO
1149	0.062497839724177794	-0.003797619883309644	499893	HGDP00513.HO	French.HO
1150	0.06196540339954993	0.0006726587621740973	498266	HGDP00514.HO	French.HO
1151	0.06420903270314611	-0.0010184657039368165	500166	HGDP00515.HO	French.HO
1152	0.06540025358767966	-0.004974701472391346	499573	HGDP00516.HO	French.HO
1153	0.06311274206394349	-0.0007386910793352064	499402	HGDP00517.HO	French.HO
1154	0.06347078606815452	-0.0019243517733057707	499972	HGDP00518.HO	French.HO
1155	0.06469151964774153	0.0019863277662120096	500230	HGDP00519.HO	French.HO
1156	0.06379137146182717	-0.008423453707241292	498200	HGDP00520.HO	Ignore_French.HO
1157	0.06458284357374573	-0.004887477051999674	499865	HGDP00522.HO	French.HO
1158	0.0610072974223618	0.00018199230205083694	498697	HGDP00523.HO	French.HO
1159	0.06595534695613603	-0.004627311950229144	498510	HGDP00524.HO	French.HO
1160	0.06342743950808213	-0.00442308708944545	499951	HGDP00525.HO	French.HO
1161	0.06292440730923823	-0.004779301043904244	500146	HGDP00526.HO	French.HO
1162	0.06181200177533769	-0.001016839949662223	499211	HGDP00527.HO	French.HO
1163	0.06250664541753433	-0.0019583092708504424	497598	HGDP00528.HO	French.HO
1164	0.06427054109564109	-0.004033168958042385	495457	HGDP00529.HO	French.HO
1165	0.06800445907766953	-0.008089278644607628	500171	HGDP00530.HO	French_o.HO
1166	0.06781018199624689	-0.005180580190464529	496577	HGDP00531.HO	French.HO
1167	0.0619707448536418	0.002847321667758588	500304	HGDP00533.HO	French.HO
1168	0.06320369229572434	-0.0027296389674717585	493780	HGDP00534.HO	French.HO
1169	0.06346945144222069	0.0030058757534347368	499529	HGDP00535.HO	French.HO
1170	0.06469116881609505	-0.006085731987116286	493352	HGDP00536.HO	French.HO
1171	0.06532994746801238	-0.0004077474030375654	499188	HGDP00537.HO	French.HO
1172	0.06548339689141582	-0.002284165631508504	500408	HGDP00538.HO	French.HO
1173	0.06750016540207046	-0.0030700472048207474	495532	HGDP00539.HO	French.HO
1174	-0.12262668758138785	-0.05033260071734209	499441	HGDP00540.HO	Papuan.HO
1175	-0.12160801998919907	-0.049686065769452184	499825	HGDP00541.HO	Papuan.HO
1176	-0.12136214601992489	-0.05075745764379014	500214	HGDP00543.HO	Papuan.HO
1177	-0.1417578679257534	-0.05827888784171731	499981	HGDP00544.HO	Ignore_Papuan.HO
1178	-0.11965758742385531	-0.05294376983021658	500317	HGDP00545.HO	Papuan.HO
1179	-0.11961217735638585	-0.051209278321105896	500062	HGDP00546.HO	Papuan.HO
1180	-0.12281822201442101	-0.052658664776269834	500009	HGDP00547.HO	Papuan.HO
1181	-0.12131697076251681	-0.050610774281054746	500128	HGDP00548.HO	Papuan.HO
1182	-0.11949802180402098	-0.04912600230715395	499978	HGDP00549.HO	Papuan.HO
1183	-0.11909736135900309	-0.05090963577860678	500172	HGDP00550.HO	Papuan.HO
1184	-0.12113740509106193	-0.05015645794340362	500156	HGDP00552.HO	Papuan.HO
1185	-0.1207805194992306	-0.05184374683936044	500187	HGDP00553.HO	Papuan.HO
1186	-0.12120851047266244	-0.049563736309611514	499852	HGDP00554.HO	Papuan.HO
1187	-0.11596725256431999	-0.05371364255062852	499498	HGDP00555.HO	Papuan.HO
1188	-0.11896804968236185	-0.047198853481372705	499577	HGDP00556.HO	Papuan.HO
1189	0.0579142646798799	-0.03369200373867386	499305	HGDP00557.HO	Druze.HO
1190	0.06068453695752013	-0.034426773722088834	499809	HGDP00558.HO	Druze.HO
1191	0.056792597890863994	-0.033218564974170084	499059	HGDP00559.HO	Druze.HO
1192	0.05814868911597883	-0.029981612879889	500183	HGDP00560.HO	Druze.HO
1193	0.056042091622859384	-0.02804980950722974	496032	HGDP00561.HO	Druze.HO
1194	0.05642868418718016	-0.02938809128575967	500123	HGDP00562.HO	Druze.HO
1195	0.056433137267840286	-0.03177484839741795	499108	HGDP00563.HO	Druze.HO
1196	0.06109182767877962	-0.03420132374393443	496961	HGDP00564.HO	Druze.HO
1197	0.0583195108677027	-0.03362390404357212	500004	HGDP00565.HO	Druze.HO
1198	0.05494557124761892	-0.030620674917175572	496942	HGDP00566.HO	Druze.HO
1199	0.05610181715183531	-0.031873982035274036	499248	HGDP00567.HO	Druze.HO
1200	0.05712216839515917	-0.029487255555779822	499650	HGDP00568.HO	Druze.HO
1201	0.05861845329980363	-0.031672125013783296	499508	HGDP00569.HO	Druze.HO
1202	0.058462376103188086	-0.02854519021544483	499481	HGDP00571.HO	Druze.HO
1203	0.055276656167049555	-0.03276125720563893	499246	HGDP00572.HO	Druze.HO
1204	0.05634357740947818	-0.025714150336809318	499090	HGDP00573.HO	Druze.HO
1205	0.058620054062283926	-0.03291196498793141	497533	HGDP00574.HO	Druze.HO
1206	0.05806449480294041	-0.03166878180233452	498696	HGDP00575.HO	Druze.HO
1207	0.05337417470552903	-0.03240736180287678	499813	HGDP00576.HO	Ignore_Druze.HO
1208	0.05391068447079351	-0.03232734723688798	494488	HGDP00577.HO	Druze.HO
1209	0.05482488910765308	-0.03075328989730673	499473	HGDP00578.HO	Druze.HO
1210	0.06050750680430612	-0.03409494279788874	498740	HGDP00579.HO	Druze.HO
1211	0.056565047783993454	-0.029941904441934345	499458	HGDP00580.HO	Druze.HO
1212	0.05181601949824048	-0.03294296931458003	492389	HGDP00581.HO	Ignore_Druze.HO
1213	0.05527353561477426	-0.031839946828656304	500283	HGDP00582.HO	Druze.HO
1214	0.057201103763011664	-0.03263251578359726	500054	HGDP00583.HO	Druze.HO
1215	0.05474981024310744	-0.02822452115018497	497018	HGDP00584.HO	Druze.HO
1216	0.05655940130614317	-0.03088514349529226	499337	HGDP00586.HO	Druze.HO
1217	0.057680722995648345	-0.028311217408466875	499787	HGDP00587.HO	Druze.HO
1218	0.05605604377587572	-0.030101374950200238	492811	HGDP00588.HO	Druze.HO
1219	0.05762423461747228	-0.02953184471517942	499803	HGDP00590.HO	Ignore_Druze.HO
1220	0.05685254919333275	-0.026843656979475387	500294	HGDP00591.HO	Druze.HO
1221	0.05878950659334144	-0.03172398828697371	499123	HGDP00594.HO	Druze.HO
1222	0.05477506891660482	-0.03276328326767954	498456	HGDP00595.HO	Druze.HO
1223	0.058956020407690705	-0.03155504267689949	499496	HGDP00597.HO	Druze.HO
1224	0.05729676010466274	-0.030306479834126702	500413	HGDP00598.HO	Druze.HO
1225	0.05713199887216626	-0.03169076773736331	498984	HGDP00599.HO	Druze.HO
1226	0.05477940756859078	-0.03341691809851214	494344	HGDP00600.HO	Druze.HO
1227	0.05831653589595772	-0.03152104101560286	499843	HGDP00601.HO	Druze.HO
1228	0.05747909476983739	-0.03466874892688564	496464	HGDP00602.HO	Druze.HO
1229	0.056361688067612145	-0.036585102561382074	499481	HGDP00604.HO	Druze.HO
1230	0.05645388521608857	-0.028827523412193735	500395	HGDP00606.HO	Druze.HO
1231	0.04895391778841497	-0.040381002362716384	499086	HGDP00607.HO	BedouinB.HO
1232	0.05479169614624262	-0.03276451968868236	499696	HGDP00608.HO	BedouinB.HO
1233	0.04688988213609526	-0.03349004548679072	500159	HGDP00609.HO	BedouinA.HO
1234	0.052569702047906196	-0.035133381912332486	499522	HGDP00610.HO	BedouinB.HO
1235	0.04334666484966138	-0.034176756720756485	500226	HGDP00611.HO	BedouinA.HO
1236	0.05413140124961363	-0.03805107729674474	500139	HGDP00612.HO	BedouinB.HO
1237	0.04665053035772921	-0.03231813429281293	500106	HGDP00613.HO	BedouinA.HO
1238	0.04780640726278344	-0.036120272179236836	500256	HGDP00614.HO	BedouinA.HO
1239	0.04733580711360541	-0.030288901328893506	499800	HGDP00615.HO	BedouinA.HO
1240	0.05058448830872731	-0.03640082704999127	500227	HGDP00616.HO	BedouinB.HO
1241	0.055782787053681636	-0.03655552272171016	499866	HGDP00618.HO	BedouinB.HO
1242	0.053906965552169055	-0.03149056101646952	499837	HGDP00619.HO	BedouinA.HO
1243	0.045235990838012885	-0.03673315841791965	500021	HGDP00620.HO	BedouinA.HO
1244	-0.022907839245733853	-0.04664272993150427	498849	HGDP00621.HO	Ignore_BedouinB.HO
1245	0.04769245683245641	-0.031171538847660992	499988	HGDP00622.HO	BedouinA.HO
1246	0.05422324298832695	-0.037602989624126754	500074	HGDP00623.HO	BedouinB.HO
1247	0.05393420980816035	-0.040028493318064136	500100	HGDP00624.HO	BedouinB.HO
1248	0.0479935347580389	-0.034869810893285835	499732	HGDP00625.HO	BedouinA.HO
1249	0.048162606537708354	-0.030080931701397775	499901	HGDP00626.HO	BedouinA.HO
1250	0.04556062373186643	-0.03992142041792526	499484	HGDP00627.HO	Ignore_BedouinB.HO
1251	0.04609263840140282	-0.02765252753971298	500006	HGDP00628.HO	BedouinA.HO
1252	0.044943138628364486	-0.032758521204008496	500069	HGDP00629.HO	BedouinA.HO
1253	0.04943434577536758	-0.03604543520932071	499807	HGDP00630.HO	BedouinB.HO
1254	0.056353082100115866	-0.04051828271381046	500252	HGDP00631.HO	BedouinB.HO
1255	0.04522811995129833	-0.036417615009574744	497227	HGDP00632.HO	BedouinA.HO
1256	0.0463300578356469	-0.031040078013838242	499751	HGDP00634.HO	BedouinA.HO
1257	0.04539331578072601	-0.034064453322349954	500034	HGDP00635.HO	BedouinA.HO
1258	0.05361547957106182	-0.03719614070159063	499823	HGDP00636.HO	BedouinB.HO
1259	0.04448286194175559	-0.03545684922604535	499958	HGDP00637.HO	BedouinA.HO
1260	0.047793332364681584	-0.035290625935216556	499515	HGDP00638.HO	BedouinA.HO
1261	0.05187756933754353	-0.032684843364305924	499978	HGDP00639.HO	BedouinA.HO
1262	0.04214994222547911	-0.031726750066350395	499712	HGDP00640.HO	BedouinA.HO
1263	0.05189982567017838	-0.037840916536895336	499082	HGDP00641.HO	BedouinB.HO
1264	0.051875291618404956	-0.035492631966559	500109	HGDP00642.HO	BedouinA.HO
1265	0.05327153566256817	-0.036603377422075555	500054	HGDP00643.HO	BedouinB.HO
1266	0.0485331702792781	-0.03393531879495617	498713	HGDP00644.HO	BedouinA.HO
1267	0.047471453031329436	-0.030725984572225522	500212	HGDP00645.HO	BedouinA.HO
1268	0.04620260442290524	-0.03607674474805317	499989	HGDP00646.HO	BedouinA.HO
1269	0.04853306240356411	-0.03188226338356166	499605	HGDP00647.HO	BedouinA.HO
1270	0.04924956568108502	-0.034020945418149096	500291	HGDP00648.HO	BedouinB.HO
1271	0.0545966588675044	-0.036804535237268746	499501	HGDP00649.HO	BedouinB.HO
1272	0.051205996041140935	-0.034506392466995724	498823	HGDP00650.HO	BedouinB.HO
1273	0.05111055518107518	-0.0346104263225982	499933	HGDP00651.HO	BedouinB.HO
1274	0.05036291907074885	-0.03684343874091707	497247	HGDP00653.HO	BedouinB.HO
1275	0.048196585810486095	-0.0272844762378384	500221	HGDP00654.HO	BedouinA.HO
1276	-0.1394818780702444	-0.055888904039373154	500013	HGDP00655.HO	Nasioi.HO
1277	-0.14160043806769876	-0.05201474742252069	500313	HGDP00656.HO	Nasioi.HO
1278	-0.13952121332601672	-0.05904843442082047	499462	HGDP00660.HO	Nasioi.HO
1279	-0.13753578919860984	-0.05592260035051393	500156	HGDP00661.HO	Nasioi.HO
1280	-0.14138687977561767	-0.056754355277753216	500095	HGDP00662.HO	Nasioi.HO
1281	-0.1381588920857918	-0.054582821956043116	499881	HGDP00663.HO	Nasioi.HO
1282	-0.138862147407165	-0.05602710096726929	500223	HGDP00664.HO	Nasioi.HO
1283	0.07532456452601084	-0.01825649423362361	499006	HGDP00666.HO	Sardinian.HO
1284	0.07181588131445378	-0.0157805292645083	499720	HGDP00667.HO	Sardinian.HO
1285	0.07341131474830827	-0.01422657777644276	500150	HGDP00668.HO	Sardinian.HO
1286	0.0738663741140898	-0.022714326237452336	500044	HGDP00669.HO	Sardinian.HO
1287	0.07481612198971765	-0.02071102340468713	499688	HGDP00670.HO	Sardinian.HO
1288	0.07557545708174726	-0.019495944241157543	500454	HGDP00671.HO	Sardinian.HO
1289	0.07033768971576641	-0.020353274369200217	499354	HGDP00672.HO	Italian_Sardinian.HO
1290	0.07237202358386355	-0.02171002170678922	499580	HGDP00673.HO	Sardinian.HO
1291	0.07434613354710125	-0.017574730075927126	498647	HGDP00674.HO	Sardinian.HO
1292	0.05073715387569845	-0.028906446261840812	499386	HGDP00675.HO	Palestinian.HO
1293	0.04976572253489898	-0.032723885074939126	497130	HGDP00676.HO	Palestinian.HO
1294	0.05351940355557148	-0.027481023518828692	498729	HGDP00677.HO	Palestinian.HO
1295	0.05264669064869479	-0.032108950361922885	499708	HGDP00679.HO	Palestinian.HO
1296	0.04556450258168307	-0.030876058440339492	498007	HGDP00680.HO	Palestinian.HO
1297	0.04715312443734987	-0.03169979261832481	499961	HGDP00683.HO	Palestinian.HO
1298	0.050686355712803076	-0.03252170437916146	500077	HGDP00684.HO	Palestinian.HO
1299	0.049853124255576836	-0.034883964585522	499783	HGDP00685.HO	Palestinian_oAfrican.HO
1300	0.04691884786504162	-0.035209494309732685	499961	HGDP00686.HO	Palestinian.HO
1301	0.05515092528232722	-0.03343191526362586	499812	HGDP00687.HO	Palestinian_oAfrican.HO
1302	0.05164807465974535	-0.0316762708917377	500232	HGDP00688.HO	Palestinian.HO
1303	0.052821311262980015	-0.03245536260545101	500085	HGDP00689.HO	Palestinian.HO
1304	0.05191680167434053	-0.029416124395565246	499752	HGDP00690.HO	Palestinian.HO
1305	0.049307293293890254	-0.03456247463620241	499947	HGDP00691.HO	Palestinian.HO
1306	0.03895836302275587	-0.032918947279556035	500069	HGDP00692.HO	Ignore_Palestinian.HO
1307	0.0545048066143948	-0.030806555702063722	499876	HGDP00694.HO	Palestinian.HO
1308	0.05234593124114396	-0.03037939307831515	499974	HGDP00696.HO	Palestinian.HO
1309	0.052528139210985134	-0.035999853709648914	499557	HGDP00697.HO	Palestinian.HO
1310	0.04890243089940185	-0.03398945592791988	500113	HGDP00698.HO	Palestinian.HO
1311	0.05519026118644929	-0.03168673146711743	500398	HGDP00699.HO	Palestinian.HO
1312	0.04859952527052869	-0.03183285117945746	498833	HGDP00700.HO	Palestinian.HO
1313	0.0525290452741168	-0.03652983899881205	496669	HGDP00701.HO	BedouinB.HO
1314	-0.16745941533818154	0.027570535318586626	499261	HGDP00702.HO	Piapoco.HO
1315	-0.1397331897180828	0.017580727303834212	499287	HGDP00703.HO	Ignore_Piapoco.HO
1316	-0.16601869383176765	0.025002516124366318	499312	HGDP00704.HO	Piapoco.HO
1317	-0.17042184041364797	0.026331390970884418	498350	HGDP00706.HO	Piapoco.HO
1318	-0.19599880232071049	-0.0808261688944051	498227	HGDP00711.HO	Ignore_Cambodian.HO
1319	-0.2302649185084505	-0.07832335775166373	499884	HGDP00712.HO	Ignore_Cambodian.HO
1320	-0.19485734402105026	-0.08875418986163114	495932	HGDP00713.HO	Cambodian.HO
1321	-0.2096905469110186	-0.08994322210086135	496747	HGDP00714.HO	Cambodian.HO
1322	-0.18981013259892043	-0.08983979311738541	499530	HGDP00715.HO	Cambodian.HO
1323	-0.21549859992857226	-0.08580013138412441	490675	HGDP00716.HO	Cambodian.HO
1324	-0.2031559078539778	-0.09206337943557194	492967	HGDP00717.HO	Cambodian.HO
1325	-0.21185633616955954	-0.08470790319673263	499546	HGDP00719.HO	Cambodian.HO
1326	-0.20030557794825132	-0.08925245594523078	499884	HGDP00720.HO	Cambodian.HO
1327	-0.19473328539643395	-0.08967186945052823	498340	HGDP00721.HO	Cambodian.HO
1328	0.04996611671923168	-0.030653236718155633	499997	HGDP00722.HO	Palestinian.HO
1329	0.054614724838782304	-0.03356581195158422	500069	HGDP00724.HO	Palestinian.HO
1330	0.05072980826696706	-0.036278652785750896	500204	HGDP00725.HO	Palestinian.HO
1331	0.05258570302379267	-0.034620750711783714	500168	HGDP00726.HO	Palestinian.HO
1332	0.052910599660309234	-0.03340921195752466	499862	HGDP00727.HO	Palestinian.HO
1333	0.04882244996810726	-0.034559952660775085	500268	HGDP00729.HO	Palestinian.HO
1334	0.053448751695702346	-0.03506943233019463	499846	HGDP00730.HO	Palestinian.HO
1335	0.04627775029091141	-0.03631604559270082	500315	HGDP00731.HO	Palestinian_oAfrican.HO
1336	0.05724883739748358	-0.03328286446939332	499991	HGDP00732.HO	Palestinian.HO
1337	0.05186950435117823	-0.031673219303544956	500089	HGDP00733.HO	Palestinian.HO
1338	0.04978587215278924	-0.034497241754364805	499961	HGDP00734.HO	Palestinian.HO
1339	0.050647390971820666	-0.03346525792386605	500074	HGDP00735.HO	Palestinian.HO
1340	0.05124488830251678	-0.03835298433395113	499912	HGDP00736.HO	Palestinian.HO
1341	0.052503838971656405	-0.03303370890240426	499930	HGDP00737.HO	Palestinian.HO
1342	0.043778008306737705	-0.037404567913396684	499976	HGDP00738.HO	Ignore_Palestinian.HO
1343	0.047543032805726165	-0.033911217789149	500247	HGDP00739.HO	Palestinian.HO
1344	0.05170885778105485	-0.030922983887516523	499988	HGDP00740.HO	Palestinian.HO
1345	0.050366604509112914	-0.03283522143040014	499953	HGDP00741.HO	Ignore_Palestinian.HO
1346	0.04657132097496679	-0.03483388152902542	499816	HGDP00744.HO	Ignore_Palestinian.HO
1347	0.04434678620023272	-0.03263573969942436	499966	HGDP00745.HO	Palestinian.HO
1348	-0.24151476750206274	-0.050703016094122554	497041	HGDP00747.HO	Japanese.HO
1349	-0.2420584990978831	-0.056570169562454156	499346	HGDP00748.HO	Japanese.HO
1350	-0.24140023349153897	-0.049689233005755465	499451	HGDP00749.HO	Japanese.HO
1351	-0.24159146215132313	-0.04991780309285395	499520	HGDP00750.HO	Japanese.HO
1352	-0.2351612029012259	-0.056672763224338805	499185	HGDP00751.HO	Japanese.HO
1353	-0.24210340382691792	-0.054685995755300226	499441	HGDP00752.HO	Japanese.HO
1354	-0.24003468443500392	-0.05404455443327043	497923	HGDP00753.HO	Japanese.HO
1355	-0.23899177604024532	-0.05301839537481119	499203	HGDP00754.HO	Japanese.HO
1356	-0.24005994565641423	-0.054676931723205216	499705	HGDP00755.HO	Japanese.HO
1357	-0.24024339668994216	-0.04889752089402461	498687	HGDP00756.HO	Japanese.HO
1358	-0.23934780579308906	-0.05113423419894979	499483	HGDP00757.HO	Japanese.HO
1359	-0.23858163178114347	-0.05143648737716039	499962	HGDP00758.HO	Japanese.HO
1360	-0.2480518519233737	-0.055898065636356485	499814	HGDP00759.HO	Japanese.HO
1361	-0.24655353098117638	-0.051340547606082865	498807	HGDP00760.HO	Japanese.HO
1362	-0.23958338110826985	-0.05337117269703071	494110	HGDP00761.HO	Japanese.HO
1363	-0.2402628816467838	-0.050100249085213044	499926	HGDP00762.HO	Japanese.HO
1364	-0.24167335346967952	-0.05386399498692735	499375	HGDP00763.HO	Japanese.HO
1365	-0.23836753131659644	-0.0532168919339268	499666	HGDP00764.HO	Japanese.HO
1366	-0.24019495219526754	-0.053400295452984296	497447	HGDP00765.HO	Japanese.HO
1367	-0.24074958995894927	-0.05280035089626933	499969	HGDP00766.HO	Japanese.HO
1368	-0.23948944007615203	-0.05204212131399298	497589	HGDP00767.HO	Japanese.HO
1369	-0.24299229084913906	-0.05077600015656841	499875	HGDP00768.HO	Japanese.HO
1370	-0.2416945109203289	-0.056657515140476664	499308	HGDP00769.HO	Japanese.HO
1371	-0.24413191392115424	-0.05112353826432229	499744	HGDP00771.HO	Japanese.HO
1372	-0.23789685840159386	-0.053356146666858645	498867	HGDP00772.HO	Japanese.HO
1373	-0.23809194043626963	-0.05643249199579951	499406	HGDP00773.HO	Japanese.HO
1374	-0.24227644238304752	-0.08454914414030568	499765	HGDP00774.HO	Han.HO
1375	-0.2419525872669926	-0.07817613504207192	499433	HGDP00775.HO	Han.HO
1376	-0.24141131077932043	-0.08805824480690623	500147	HGDP00776.HO	Han.HO
1377	-0.2369347345520386	-0.06412535011660792	500241	HGDP00777.HO	Han.HO
1378	-0.24300159757756404	-0.07195794685102183	499303	HGDP00779.HO	Han.HO
1379	-0.23773071474191132	-0.07936108564537267	500239	HGDP00780.HO	Han.HO
1380	-0.2386311676143297	-0.0907121704962151	500093	HGDP00781.HO	Han.HO
1381	-0.24114269846124964	-0.07177358968208643	499322	HGDP00782.HO	Han.HO
1382	-0.23900887898491627	-0.06889508033614908	500208	HGDP00783.HO	Han.HO
1383	-0.23916742474622804	-0.0782541009483339	499985	HGDP00784.HO	Han.HO
1384	-0.23974176274358763	-0.08546853779070505	500126	HGDP00785.HO	Han.HO
1385	-0.24468486101344147	-0.07751167345407586	500328	HGDP00786.HO	Han.HO
1386	-0.13645187303644582	-0.05348770687230299	500266	HGDP00787.HO	Nasioi.HO
1387	-0.13608575077058388	-0.05770861925873918	500252	HGDP00788.HO	Nasioi.HO
1388	-0.24131255739897792	-0.04855488482926761	497938	HGDP00790.HO	Japanese.HO
1389	-0.2392551857197369	-0.05273475835835301	499840	HGDP00791.HO	Japanese.HO
1390	0.06020612336909069	0.0018468233122345308	499396	HGDP00794.HO	Orcadian.HO
1391	0.059782689929571406	0.0050198019363012075	497266	HGDP00796.HO	Orcadian.HO
1392	0.06296331548060094	0.006186300239121392	499641	HGDP00797.HO	Orcadian.HO
1393	0.06356971372828664	0.0041371423655663	499641	HGDP00798.HO	Orcadian.HO
1394	0.06497400171799841	0.005685316710522516	497589	HGDP00799.HO	Orcadian.HO
1395	0.06116484893710883	0.0032034968719255375	499546	HGDP00800.HO	Orcadian.HO
1396	0.0638444104398212	0.010425563502806646	498734	HGDP00802.HO	Orcadian.HO
1397	0.0646017131791899	-0.0004694627803075557	498405	HGDP00803.HO	Orcadian.HO
1398	0.06177727340717484	0.002869799730703709	499793	HGDP00805.HO	Orcadian.HO
1399	0.06683462233476617	0.00835893664939436	500158	HGDP00806.HO	Orcadian.HO
1400	0.06179241381165872	0.0004070426514618308	500288	HGDP00807.HO	Orcadian.HO
1401	0.06108631728928482	0.0008579640198355438	500132	HGDP00808.HO	Orcadian.HO
1402	0.06489607526397607	0.002667423695971295	499160	HGDP00810.HO	Orcadian.HO
1403	-0.24789527592438632	-0.08271718642257646	500028	HGDP00811.HO	Han.HO
1404	-0.2376844324640347	-0.0814899939966753	499795	HGDP00812.HO	Han.HO
1405	-0.24684258093778322	-0.0837365351143762	499440	HGDP00813.HO	Han.HO
1406	-0.24283402995772288	-0.067033777872829	500231	HGDP00814.HO	Han.HO
1407	-0.24274076182495102	-0.07617742765464948	499902	HGDP00815.HO	Han.HO
1408	-0.23767969563547955	-0.086356465741424	499206	HGDP00817.HO	Han.HO
1409	-0.24553204404725995	-0.07770979779628988	500250	HGDP00818.HO	Han.HO
1410	-0.245038961359818	-0.08660260751434286	500294	HGDP00819.HO	Han.HO
1411	-0.23957387968009897	-0.08485946196844556	498566	HGDP00820.HO	Han.HO
1412	-0.23998056914940752	-0.0880636078305811	499842	HGDP00821.HO	Han.HO
1413	-0.24392795727020108	-0.07934777785106699	500011	HGDP00822.HO	Han.HO
1414	-0.2405972576662796	-0.051750099157893414	498778	HGDP00828.HO	Japanese.HO
1415	-0.16604453747643652	0.02776442511404948	499772	HGDP00832.HO	Surui.HO
1416	-0.1635844871964731	0.028333621156864434	491343	HGDP00837.HO	Surui.HO
1417	-0.16777511368629103	0.028098891152426208	496376	HGDP00838.HO	Surui.HO
1418	-0.16405975036161813	0.029955005270378417	493800	HGDP00843.HO	Surui.HO
1419	-0.16977302678537595	0.024161069150784864	494910	HGDP00845.HO	Surui.HO
1420	-0.17077147378361812	0.027054395449467455	496479	HGDP00846.HO	Surui.HO
1421	-0.16704103648869004	0.028282577729395037	496263	HGDP00849.HO	Surui.HO
1422	-0.16660411022104293	0.02864378345490736	496232	HGDP00852.HO	Surui.HO
1423	-0.14670918236075145	0.024573065226780648	499433	HGDP00854.HO	Mayan.HO
1424	-0.16262150704523506	0.02903399570566307	499715	HGDP00855.HO	Mayan.HO
1425	-0.15359453486913938	0.02370624993451006	499951	HGDP00856.HO	Mayan.HO
1426	-0.16426373834153346	0.02424034792877106	499769	HGDP00857.HO	Mayan.HO
1427	-0.15404067151154238	0.023290076739277216	499649	HGDP00858.HO	Mayan.HO
1428	-0.15274370480524477	0.02840683941044037	499773	HGDP00859.HO	Mayan.HO
1429	-0.09436981079566006	0.013858750216661957	499124	HGDP00860.HO	Ignore_Mayan.HO
1430	-0.1293180945867211	0.025238950308962164	500222	HGDP00861.HO	Mayan.HO
1431	-0.14432764800469897	0.022324218521293952	500062	HGDP00862.HO	Mayan.HO
1432	-0.14974056237733366	0.023303864681428813	496291	HGDP00863.HO	Mayan.HO
1433	-0.153664103420669	0.029342767831030257	498905	HGDP00864.HO	Mayan.HO
1434	-0.15974721664197125	0.02265302907355251	500129	HGDP00865.HO	Mayan.HO
1435	-0.13682647128818973	0.020304198924531353	497658	HGDP00868.HO	Mayan.HO
1436	-0.1281115085021896	0.01931212540436448	500034	HGDP00869.HO	Mayan.HO
1437	-0.15470123852291834	0.027937716189491875	500328	HGDP00870.HO	Mayan.HO
1438	-0.10108597658219551	0.019587786210936414	500128	HGDP00871.HO	Ignore_Mayan.HO
1439	-0.15495247102993628	0.03060738921008628	499174	HGDP00872.HO	Mayan.HO
1440	-0.1550027527918405	0.028840884648335282	500093	HGDP00873.HO	Mayan.HO
1441	-0.1477875838849789	0.022269329518553375	499364	HGDP00875.HO	Mayan.HO
1442	-0.10126207291765095	0.01715719119530962	500345	HGDP00876.HO	Ignore_Mayan.HO
1443	-0.13814435271536823	0.022572005170739207	500286	HGDP00877.HO	Mayan.HO
1444	0.03660486930102733	0.022015273846422243	500306	HGDP00879.HO	Russian.HO
1445	0.03939000344253396	0.015616386150191185	500387	HGDP00880.HO	Russian.HO
1446	0.03229802008924683	0.018302600876265035	500228	HGDP00881.HO	Ignore_Russian.HO
1447	0.030819741279158135	0.019144292408360065	498968	HGDP00882.HO	Russian.HO
1448	0.03603088288370924	0.02373352740372093	500261	HGDP00883.HO	Russian.HO
1449	0.044668793233631425	0.017435712703954123	499725	HGDP00884.HO	Russian.HO
1450	0.03674329655991079	0.018977195122030516	491776	HGDP00887.HO	Russian.HO
1451	0.04107574611209323	0.018995624455166973	499140	HGDP00888.HO	Russian.HO
1452	0.039964333921821256	0.021140296059925665	499817	HGDP00889.HO	Russian.HO
1453	0.03697249567073549	0.021133191960873304	499130	HGDP00890.HO	Russian.HO
1454	0.0346694563592378	0.020105191735824073	500062	HGDP00891.HO	Russian.HO
1455	0.03888374807420599	0.018217679413572083	500241	HGDP00892.HO	Russian.HO
1456	0.033264201498776715	0.020680422254964033	500148	HGDP00893.HO	Russian.HO
1457	0.031226381469305713	0.019380685753404132	499051	HGDP00894.HO	Russian.HO
1458	0.02745363020360255	0.02189387388491822	493339	HGDP00895.HO	Russian.HO
1459	0.03399832804568408	0.021963745743245125	500317	HGDP00896.HO	Russian.HO
1460	0.0369169475772223	0.01987341827662394	499827	HGDP00897.HO	Russian.HO
1461	0.02965424002947851	0.021009904032895405	500419	HGDP00898.HO	Russian.HO
1462	0.037281191520390555	0.020275457911950973	499856	HGDP00899.HO	Russian.HO
1463	0.04479318268117294	0.015716882967918306	499214	HGDP00900.HO	Russian.HO
1464	0.032068685654329264	0.024346958386132902	500388	HGDP00901.HO	Russian.HO
1465	0.03641096017016206	0.013791594009902155	500186	HGDP00902.HO	Russian.HO
1466	0.03800776538337978	0.018995947544287836	499440	HGDP00903.HO	Russian.HO
1467	-0.03293745288909186	-0.04822298306592958	498454	HGDP00904.HO	Mandenka.HO
1468	-0.030567044668722544	-0.04496907472742277	498072	HGDP00905.HO	Mandenka.HO
1469	-0.031067841594755452	-0.04772833571214669	499900	HGDP00906.HO	Mandenka.HO
1470	-0.029733382206545197	-0.045692552732790416	496012	HGDP00907.HO	Mandenka.HO
1471	-0.03172263227760636	-0.04882536651210063	498290	HGDP00908.HO	Mandenka.HO
1472	-0.03199691959108073	-0.04552564824972168	497994	HGDP00909.HO	Mandenka.HO
1473	-0.028674083052598352	-0.043929693406870356	497349	HGDP00910.HO	Mandenka.HO
1474	-0.030233085775279625	-0.04915681416613355	497844	HGDP00911.HO	Ignore_Mandenka.HO
1475	-0.033611254731376015	-0.047333384615581064	498441	HGDP00912.HO	Mandenka.HO
1476	-0.03078577810367418	-0.04648789908457399	497776	HGDP00913.HO	Mandenka.HO
1477	-0.029900580058253245	-0.04548451379449526	498727	HGDP00915.HO	Mandenka.HO
1478	-0.035764322908355864	-0.046498238348652	499531	HGDP00917.HO	Mandenka.HO
1479	-0.03102569523445132	-0.046812563821605424	499223	HGDP00918.HO	Ignore_Mandenka.HO
1480	-0.03366078566278982	-0.04981165033454161	497950	HGDP00920.HO	Yoruba.HO
1481	-0.03210633647705738	-0.04602647438544974	498566	HGDP00924.HO	Yoruba.HO
1482	-0.03332280334419337	-0.047135407643370875	496861	HGDP00925.HO	Yoruba.HO
1483	-0.032960295417946685	-0.046411859218803184	498763	HGDP00926.HO	Yoruba.HO
1484	-0.032237608178976626	-0.049153580738555504	498109	HGDP00928.HO	Yoruba.HO
1485	-0.03363322164901684	-0.045794863357696926	498558	HGDP00929.HO	Yoruba.HO
1486	-0.03246909976483545	-0.04591219279829916	497659	HGDP00930.HO	Yoruba.HO
1487	-0.03366386193491232	-0.04826615407114274	493246	HGDP00931.HO	Yoruba.HO
1488	-0.0364253127543209	-0.052147789318112425	499024	HGDP00932.HO	Yoruba.HO
1489	-0.035640999447456904	-0.0516561778244579	498532	HGDP00933.HO	Yoruba.HO
1490	-0.03184560788510015	-0.04521445750646212	498522	HGDP00934.HO	Yoruba.HO
1491	-0.032252217157910455	-0.04864295656259139	498249	HGDP00935.HO	Yoruba.HO
1492	-0.03232433998817546	-0.050268679682082734	498081	HGDP00936.HO	Yoruba.HO
1493	-0.03265619063101657	-0.04526021838212403	498045	HGDP00937.HO	Yoruba.HO
1494	-0.03427595821544952	-0.04457325119630916	498176	HGDP00938.HO	Yoruba.HO
1495	-0.03182930098096165	-0.04487021018631034	498193	HGDP00939.HO	Yoruba.HO
1496	-0.03560253297509467	-0.050179718246030396	498423	HGDP00940.HO	Yoruba.HO
1497	-0.033049319919939785	-0.047703844945294595	498574	HGDP00941.HO	Yoruba.HO
1498	-0.03367770667266772	-0.050404826046840726	498988	HGDP00942.HO	Yoruba.HO
1499	-0.032795368183183383	-0.046605080979411226	498695	HGDP00943.HO	Yoruba.HO
1500	-0.03362186626946322	-0.05035597082124675	498320	HGDP00944.HO	Yoruba.HO
1501	-0.20835961524296323	0.04817180899667337	499242	HGDP00945.HO	Yakut.HO
1502	-0.21021849582919144	0.0561297997150657	500065	HGDP00946.HO	Yakut.HO
1503	-0.19743352584761095	0.05358667369762667	499783	HGDP00947.HO	Yakut.HO
1504	-0.18792841735642368	0.049357164636635316	499376	HGDP00948.HO	Yakut.HO
1505	-0.14211006558981434	0.03754237791889733	500090	HGDP00949.HO	Ignore_Yakut.HO
1506	-0.18279712265174827	0.04952939228387907	499484	HGDP00950.HO	Yakut.HO
1507	-0.20719658217505815	0.05682546106229453	500120	HGDP00951.HO	Yakut.HO
1508	-0.20412594679969465	0.04976027210614853	499740	HGDP00952.HO	Yakut.HO
1509	-0.1323357391381699	0.04663575259256575	499287	HGDP00953.HO	Ignore_Yakut.HO
1510	-0.20703853440357503	0.0480645194288082	498204	HGDP00954.HO	Yakut.HO
1511	-0.20878521146957574	0.05896472966918314	499727	HGDP00955.HO	Yakut.HO
1512	-0.20998071360630757	0.05242702150587186	499713	HGDP00956.HO	Yakut.HO
1513	-0.21405557250217486	0.054324435437831387	499610	HGDP00957.HO	Ignore_Yakut.HO
1514	-0.19381464556608072	0.05306887038112403	500150	HGDP00958.HO	Yakut.HO
1515	-0.2380754112033406	0.08040111811293096	499485	HGDP00959.HO	Ignore_Yakut.HO
1516	-0.21261508457550857	0.06001005255264471	500284	HGDP00960.HO	Yakut.HO
1517	-0.20666135116423992	0.04924587766741099	498886	HGDP00961.HO	Yakut.HO
1518	-0.21127175416815372	0.05839451239654192	500140	HGDP00962.HO	Yakut.HO
1519	-0.20958485848998246	0.049077109627167936	499399	HGDP00963.HO	Yakut.HO
1520	-0.20096326003133622	0.05241543889101508	498908	HGDP00964.HO	Yakut.HO
1521	-0.20641011266441558	0.05546054903567489	499717	HGDP00965.HO	Yakut.HO
1522	-0.19539616492826126	0.049824303141143264	498859	HGDP00966.HO	Yakut.HO
1523	-0.20584145082424318	0.052480593868531177	500181	HGDP00967.HO	Yakut.HO
1524	-0.19041942292619762	0.04890479071670815	499390	HGDP00968.HO	Yakut.HO
1525	-0.16263919605732582	0.04339634961204389	499860	HGDP00969.HO	Ignore_Yakut.HO
1526	-0.16749417415077006	0.023061455606707464	500268	HGDP00970.HO	Piapoco.HO
1527	-0.23987243084598353	-0.06954098297511734	499759	HGDP00971.HO	Han.HO
1528	-0.2416997726593752	-0.08087579510400665	499446	HGDP00972.HO	Han.HO
1529	-0.24708812880696043	-0.07962280372665534	499653	HGDP00973.HO	Han.HO
1530	-0.23740334523096135	-0.08565290168660454	500229	HGDP00974.HO	Han.HO
1531	-0.24113124905207273	-0.09159483123646242	499626	HGDP00975.HO	Han.HO
1532	-0.24328932745117318	-0.07363075117902697	499800	HGDP00976.HO	Han.HO
1533	-0.24411636156452796	-0.08198229431584296	498554	HGDP00977.HO	Han.HO
1534	-0.03639472132794333	-0.048466558235922594	497672	HGDP00982.HO	Mbuti.HO
1535	-0.03859088815371168	-0.04792766601650153	497514	HGDP00984.HO	Mbuti.HO
1536	-0.034577386885943	-0.04548756196875515	497958	HGDP00985.HO	Biaka.HO
1537	-0.03598712550954211	-0.04695566925967364	498045	HGDP00986.HO	Biaka.HO
1538	-0.03572088091226517	-0.04710856550652303	497279	HGDP00987.HO	Ju_hoan_North.HO
1539	-0.030445779298965737	-0.045601363071289924	497892	HGDP00991.HO	Ju_hoan_North.HO
1540	-0.03551244246461023	-0.046515978155895824	497711	HGDP00992.HO	Ju_hoan_North.HO
1541	-0.035620578257024346	-0.04780230839573161	497473	HGDP00993.HO	BantuSA.HO
1542	-0.033733382820417	-0.04756002980512045	497269	HGDP00994.HO	BantuSA.HO
1543	-0.16893768625846903	0.026937391323964267	496870	HGDP00995.HO	Karitiana.HO
1544	-0.1666752071916076	0.025216189325773915	496700	HGDP00999.HO	Karitiana.HO
1545	-0.16511635924881207	0.03264617059989874	495516	HGDP01001.HO	Karitiana.HO
1546	-0.16917743483281916	0.0261098695516636	499357	HGDP01003.HO	Karitiana.HO
1547	-0.1643897606205271	0.02557440610754491	498537	HGDP01006.HO	Karitiana.HO
1548	-0.16858243627541084	0.02798951790961077	497026	HGDP01010.HO	Karitiana.HO
1549	-0.16300678013859032	0.029098086978595075	498957	HGDP01012.HO	Karitiana.HO
1550	-0.17014051179341802	0.026311822712995717	496764	HGDP01013.HO	Karitiana.HO
1551	-0.1656956174185852	0.027900788365059492	498546	HGDP01014.HO	Karitiana.HO
1552	-0.16535017842657085	0.027579787502202985	499260	HGDP01015.HO	Karitiana.HO
1553	-0.17072427848288843	0.02619969593066932	499206	HGDP01018.HO	Karitiana.HO
1554	-0.16793078621174928	0.027219229056804396	498279	HGDP01019.HO	Karitiana.HO
1555	-0.24702027583987166	-0.08520059908416781	499103	HGDP01021.HO	Han.HO
1556	-0.2420843338461086	-0.06786444041804846	500372	HGDP01023.HO	Han.HO
1557	-0.2384542442821952	-0.07285770012753993	497951	HGDP01024.HO	Han.HO
1558	-0.1376814034538005	-0.055984910555170825	500003	HGDP01027.HO	Nasioi.HO
1559	-0.03377480132845191	-0.04739835339047764	497538	HGDP01028.HO	Namibia_Bantu_Herero.HO
1560	-0.03662441655982064	-0.04541788545442276	498403	HGDP01030.HO	BantuSA.HO
1561	-0.03412363964280375	-0.04555840446102574	494442	HGDP01031.HO	BantuSA_Ovambo.HO
1562	-0.03401671842910917	-0.04637218732651781	496860	HGDP01032.HO	Ju_hoan_North.HO
1563	-0.033533594822657005	-0.0457813638464156	498193	HGDP01033.HO	BantuSA.HO
1564	-0.032165696646714544	-0.04558041435937399	497864	HGDP01034.HO	BantuSA.HO
1565	-0.030785441968944168	-0.04827594127719216	497776	HGDP01035.HO	Namibia_Bantu_Herero.HO
1566	-0.033963243357676934	-0.04483942091204283	496200	HGDP01036.HO	Ju_hoan_North.HO
1567	-0.16043811216123058	0.02861256428119878	500326	HGDP01037.HO	Pima.HO
1568	-0.16504857167285564	0.026309841519748186	498911	HGDP01041.HO	Pima.HO
1569	-0.16650646179887427	0.02700051464427497	499864	HGDP01043.HO	Pima.HO
1570	-0.16701237998524923	0.0297533877477312	500140	HGDP01044.HO	Pima.HO
1571	-0.1672509289923661	0.030514568078246897	498942	HGDP01047.HO	Pima.HO
1572	-0.15534445641831693	0.029567356062960678	500301	HGDP01050.HO	Pima.HO
1573	-0.1608433444286341	0.030933384728264984	499564	HGDP01051.HO	Pima.HO
1574	-0.16762393852978721	0.029491479679454053	500012	HGDP01053.HO	Pima.HO
1575	-0.1531726490695859	0.02704161331591657	499820	HGDP01055.HO	Pima.HO
1576	-0.16552036327980138	0.030954692032022228	499878	HGDP01056.HO	Pima.HO
1577	-0.16546764518287552	0.03044097300550949	500314	HGDP01057.HO	Pima.HO
1578	-0.14966213969442974	0.028310139688802038	499620	HGDP01058.HO	Pima.HO
1579	-0.15963429005081514	0.031336530459829745	500391	HGDP01059.HO	Pima.HO
1580	-0.15711047710211054	0.030039934337306548	499936	HGDP01060.HO	Pima.HO
1581	0.07460054975311053	-0.022353837808944035	500119	HGDP01062.HO	Italian_Sardinian.HO
1582	0.0773716496773381	-0.02243809001724542	500189	HGDP01063.HO	Sardinian.HO
1583	0.07376422293066996	-0.020101512706014853	499218	HGDP01064.HO	Sardinian.HO
1584	0.07675423846925114	-0.018056212280592607	500352	HGDP01065.HO	Sardinian.HO
1585	0.0771214730861618	-0.021436256454322188	500436	HGDP01066.HO	Sardinian.HO
1586	0.07001573572002372	-0.024548588277020944	498030	HGDP01067.HO	Sardinian.HO
1587	0.07431455374046274	-0.02097040391587318	499313	HGDP01068.HO	Sardinian.HO
1588	0.07234413640123075	-0.02295661344600069	499777	HGDP01069.HO	Sardinian.HO
1589	0.07445195711770607	-0.02111051356351487	499457	HGDP01070.HO	Sardinian.HO
1590	0.0698764435364679	-0.01777199499252249	497790	HGDP01071.HO	Sardinian.HO
1591	0.07097510987324016	-0.019084121815389685	499198	HGDP01072.HO	Sardinian.HO
1592	0.07511313345612633	-0.018682102904466615	500358	HGDP01073.HO	Sardinian.HO
1593	0.07395545978797828	-0.018844143330603462	499067	HGDP01074.HO	Sardinian.HO
1594	0.07670170022212335	-0.018781060220950874	499947	HGDP01075.HO	Sardinian.HO
1595	0.07707113634691774	-0.018835823528959125	496441	HGDP01076.HO	Sardinian.HO
1596	0.07654101892442754	-0.018452279136595726	500390	HGDP01077.HO	Sardinian.HO
1597	0.07263144838509777	-0.014712259544871004	497023	HGDP01078.HO	Sardinian.HO
1598	0.07111180105886641	-0.01594951066840573	500411	HGDP01079.HO	Sardinian.HO
1599	-0.035733943726142206	-0.04471621736203577	496902	HGDP01081.HO	Mbuti.HO
1600	-0.034679596116633925	-0.04737834023017152	497252	HGDP01086.HO	Biaka.HO
1601	-0.03528588891243172	-0.04430347925106212	498486	HGDP01090.HO	Biaka.HO
1602	-0.031919387143210666	-0.04492845431219739	496380	HGDP01094.HO	Biaka.HO
1603	-0.2402236122198654	-0.07981212190997233	499805	HGDP01095.HO	Tujia.HO
1604	-0.2420011891310678	-0.0717329219840767	499347	HGDP01096.HO	Tujia.HO
1605	-0.24060772445409334	-0.08302761826303723	500179	HGDP01097.HO	Tujia.HO
1606	-0.23784848333809452	-0.07427089477171303	497326	HGDP01098.HO	Tujia.HO
1607	-0.23835508465478494	-0.0714033043314299	497053	HGDP01099.HO	Tujia.HO
1608	-0.24031953462326294	-0.07673527563433731	499954	HGDP01100.HO	Tujia.HO
1609	-0.23938503715023632	-0.07782199429394218	498664	HGDP01101.HO	Tujia.HO
1610	-0.24431798837526056	-0.07912326092760569	499603	HGDP01102.HO	Tujia.HO
1611	-0.24071544055022487	-0.08145794036225638	499035	HGDP01103.HO	Tujia.HO
1612	-0.24535492539446088	-0.07208167340931212	499982	HGDP01104.HO	Tujia.HO
1613	0.07114756125658547	-0.008532216436980215	500139	HGDP01147.HO	Italian_North.HO
1614	0.06207804965943846	-0.009469796449062191	499693	HGDP01149.HO	Ignore_Italian_North.HO
1615	0.06696817702855218	-0.009710566562754253	499541	HGDP01151.HO	Italian_North.HO
1616	0.06753194334881754	-0.012642288198272199	496575	HGDP01152.HO	Italian_North.HO
1617	0.06757416380308345	-0.012792280217671169	500280	HGDP01153.HO	Italian_North.HO
1618	0.0668478304011939	-0.011361185921636988	500011	HGDP01155.HO	Italian_North.HO
1619	0.06817991100169872	-0.011920180949324337	500228	HGDP01156.HO	Italian_North.HO
1620	0.0660277848017985	-0.010737562350472558	499826	HGDP01157.HO	Italian_North.HO
1621	0.0675841036112261	-0.014353960190851748	499826	HGDP01161.HO	Italian_North.HO
1622	0.06716320705928933	-0.02076335641894314	500277	HGDP01162.HO	Italian_North.HO
1623	0.06561501094145972	-0.01552158142876827	500079	HGDP01163.HO	Italian_North.HO
1624	0.0676362472921407	-0.015535970233378915	499584	HGDP01164.HO	Italian_North.HO
1625	0.06781119881334306	-0.01431720394710293	499982	HGDP01166.HO	Italian_North.HO
1626	0.05991148215500335	-0.01666868000367016	500366	HGDP01167.HO	Italian_North.HO
1627	0.06701640654958774	-0.0193133129312935	500309	HGDP01168.HO	Italian_North.HO
1628	0.06673853233457051	-0.01781081354316481	499692	HGDP01169.HO	Italian_North.HO
1629	0.06911247596635176	-0.013882713224430241	500217	HGDP01171.HO	Italian_North.HO
1630	0.06293356896136365	-0.014260220006163277	499182	HGDP01172.HO	Italian_North.HO
1631	0.06565395343610386	-0.014144626084504543	499891	HGDP01173.HO	Italian_North.HO
1632	0.06880934848063772	-0.013202010670872585	499677	HGDP01174.HO	Italian_North.HO
1633	0.0669704685649909	-0.011324177614780422	500368	HGDP01177.HO	Italian_North.HO
1634	-0.23451719140375688	-0.06313381653463623	497429	HGDP01179.HO	Yi.HO
1635	-0.23887174885927462	-0.0677537826521101	500156	HGDP01180.HO	Yi.HO
1636	-0.23303721802335836	-0.06575338799836856	500125	HGDP01181.HO	Yi.HO
1637	-0.2294847908031193	-0.050178305263506626	499099	HGDP01182.HO	Yi.HO
1638	-0.23374086409030392	-0.058687763630928765	500012	HGDP01183.HO	Yi.HO
1639	-0.23156171781366383	-0.06528570759913246	500217	HGDP01184.HO	Yi.HO
1640	-0.23433348526475462	-0.06650055617794123	500164	HGDP01185.HO	Yi.HO
1641	-0.23415621541788675	-0.06739118667664376	499877	HGDP01186.HO	Yi.HO
1642	-0.23995687846885774	-0.07544121816467621	499600	HGDP01187.HO	Yi.HO
1643	-0.23632359078724077	-0.05962355323172271	498769	HGDP01188.HO	Yi.HO
1644	-0.23713623983129045	-0.07993339143553363	499691	HGDP01189.HO	Miao.HO
1645	-0.2398579507650317	-0.07954584033815863	499561	HGDP01190.HO	Miao.HO
1646	-0.24123807091962374	-0.08750187127247969	499718	HGDP01191.HO	Miao.HO
1647	-0.24410579923356682	-0.08016372241821666	499945	HGDP01192.HO	Miao.HO
1648	-0.24168652619772085	-0.08393324280132894	499849	HGDP01193.HO	Miao.HO
1649	-0.23651092089593795	-0.08395572217794467	500115	HGDP01194.HO	Miao.HO
1650	-0.23902259590571145	-0.08031002922066972	499817	HGDP01195.HO	Miao.HO
1651	-0.2429648310268315	-0.07613895169869543	499665	HGDP01196.HO	Miao.HO
1652	-0.23979214439224164	-0.08028598363882782	499606	HGDP01197.HO	Miao.HO
1653	-0.23848346811406645	-0.08090440856747745	498557	HGDP01198.HO	Miao.HO
1654	-0.03333181878572905	-0.05001043882397669	498830	HGDP01199.HO	Mandenka.HO
1655	-0.032892909949591966	-0.04324096156678945	499668	HGDP01200.HO	Mandenka.HO
1656	-0.03297532854034386	-0.05019027318085548	499515	HGDP01202.HO	Mandenka.HO
1657	-0.24222558359347257	0.04561860788251695	499891	HGDP01203.HO	Oroqen.HO
1658	-0.23529967846325903	-0.01701583308493405	499644	HGDP01204.HO	Oroqen.HO
1659	-0.2335775222919761	0.007883321519727078	497095	HGDP01205.HO	Oroqen.HO
1660	-0.23368801728243482	0.03504346957339289	499875	HGDP01206.HO	Oroqen.HO
1661	-0.22699871926145104	0.009695145178759499	496775	HGDP01207.HO	Oroqen.HO
1662	-0.2360312305409685	0.007027892711742615	498839	HGDP01208.HO	Oroqen.HO
1663	-0.23399944646678436	0.021564363513656884	500320	HGDP01209.HO	Oroqen.HO
1664	-0.23596583157794251	0.05542430767182628	498887	HGDP01211.HO	Oroqen.HO
1665	-0.22756502454248187	-0.010298542706693958	499469	HGDP01212.HO	Oroqen.HO
1666	-0.23653909034648088	-0.008026449656864788	499804	HGDP01213.HO	Daur.HO
1667	-0.2249474944806747	-0.015792452848696674	499377	HGDP01214.HO	Daur.HO
1668	-0.22659038033969323	-0.011574251778241746	497688	HGDP01215.HO	Daur.HO
1669	-0.23073511586316675	-0.005685073333186976	498578	HGDP01216.HO	Daur.HO
1670	-0.22666264496898977	-0.01169685791459316	498297	HGDP01217.HO	Daur.HO
1671	-0.234031874541807	-0.01367050574876264	498192	HGDP01218.HO	Daur.HO
1672	-0.23413745919754078	-0.01017373489585133	499873	HGDP01220.HO	Daur.HO
1673	-0.2346015020176961	-0.012753220651211518	499245	HGDP01221.HO	Daur.HO
1674	-0.23083568953452976	-0.013053419776584689	498016	HGDP01222.HO	Daur.HO
1675	-0.2256527959916533	-0.03204792604296696	499504	HGDP01223.HO	Mongola.HO
1676	-0.2290060045265814	-0.045409772741407756	500288	HGDP01225.HO	Mongola.HO
1677	-0.2018855339470119	0.021454716020626135	499688	HGDP01226.HO	Ignore_Mongola.HO
1678	-0.22068563131981725	-0.03784830162308226	500358	HGDP01227.HO	Mongola.HO
1679	-0.22518481216106118	-0.038458810943285106	497806	HGDP01228.HO	Mongola.HO
1680	-0.20368207898898189	0.010206895891578464	498638	HGDP01229.HO	Ignore_Mongola.HO
1681	-0.21005936579123888	0.020815242087032195	499669	HGDP01230.HO	Ignore_Mongola.HO
1682	-0.23217132195500356	-0.03588545814505721	498952	HGDP01231.HO	Mongola.HO
1683	-0.22713947548814875	-0.046236318186150586	499143	HGDP01232.HO	Mongola.HO
1684	-0.2392158213468524	-0.0229970245656391	500269	HGDP01233.HO	Hezhen.HO
1685	-0.23377529447899253	0.011027441650015787	497908	HGDP01234.HO	Hezhen.HO
1686	-0.24154186965921917	-0.029529896501767506	500351	HGDP01236.HO	Ignore_Hezhen.HO
1687	-0.2420987949101209	0.015126724263021156	499968	HGDP01237.HO	Hezhen.HO
1688	-0.22971588371375337	-0.021087684060937223	498773	HGDP01238.HO	Hezhen.HO
1689	-0.23213389313030214	-0.024763009710543432	499764	HGDP01239.HO	Hezhen.HO
1690	-0.23605825467763383	0.015813332865009893	499176	HGDP01240.HO	Hezhen.HO
1691	-0.23721140987600725	-0.027366811185314595	500319	HGDP01241.HO	Hezhen.HO
1692	-0.2382210150834689	-0.006342960335803199	499301	HGDP01242.HO	Hezhen.HO
1693	-0.17438858214406394	-0.022478722286045135	499405	HGDP01243.HO	Ignore_Xibo.HO
1694	-0.23029446492563646	-0.03259424368987878	498714	HGDP01244.HO	Xibo.HO
1695	-0.23532161140933913	-0.025455768675643572	499888	HGDP01245.HO	Xibo.HO
1696	-0.23522332082845224	-0.02919803931793557	499004	HGDP01246.HO	Xibo.HO
1697	-0.20807258120779878	-0.032941261386775465	500306	HGDP01247.HO	Ignore_Xibo.HO
1698	-0.22015118564416222	-0.031141701170193367	500017	HGDP01248.HO	Xibo.HO
1699	-0.23089243170900384	-0.03242224458801597	500331	HGDP01249.HO	Xibo.HO
1700	-0.22464469236697387	-0.031122567096298247	499698	HGDP01250.HO	Xibo.HO
1701	-0.2338048255881537	-0.035384479099921366	498351	HGDP01251.HO	Xibo.HO
1702	0.0440825752374256	-0.029760357256923112	498786	HGDP01253.HO	Mozabite.HO
1703	0.04238061570825368	-0.025652146768852264	497025	HGDP01254.HO	Mozabite.HO
1704	0.04724044425206181	-0.02265637556577299	498002	HGDP01255.HO	Mozabite.HO
1705	0.04394214262390899	-0.0303190332624846	500120	HGDP01256.HO	Mozabite.HO
1706	0.041222097669615765	-0.03331144823595619	500378	HGDP01257.HO	Mozabite.HO
1707	0.042493281150130346	-0.030023652722330447	500251	HGDP01258.HO	Mozabite.HO
1708	0.036302626591054654	-0.03129753693148196	499831	HGDP01259.HO	Mozabite.HO
1709	0.03904780557609776	-0.03173944098523756	499452	HGDP01260.HO	Ignore_Mozabite.HO
1710	0.022687213503263123	-0.03364099558743274	499681	HGDP01261.HO	Ignore_Mozabite.HO
1711	0.038911039448175824	-0.03156435550813117	500065	HGDP01262.HO	Mozabite.HO
1712	0.04728510662261812	-0.03044844850915808	500134	HGDP01263.HO	Mozabite.HO
1713	0.043891320947383995	-0.030162391681444505	500248	HGDP01264.HO	Mozabite.HO
1714	0.045159606715068606	-0.028759618452722426	499646	HGDP01265.HO	Mozabite.HO
1715	0.04418371174869997	-0.03325210602208326	499902	HGDP01268.HO	Mozabite.HO
1716	0.0436059278412397	-0.027369854479048498	500101	HGDP01269.HO	Ignore_Mozabite.HO
1717	-0.012333818656374342	-0.04494762364249308	499577	HGDP01270.HO	Ignore_Mozabite.HO
1718	0.005073395943261934	-0.038551723954000874	500088	HGDP01271.HO	Ignore_Mozabite.HO
1719	0.0435494866266459	-0.0320519930433921	499959	HGDP01272.HO	Mozabite.HO
1720	0.04212821061418034	-0.03106295276581638	499758	HGDP01273.HO	Ignore_Mozabite.HO
1721	0.036233777935205	-0.028709771369457307	499502	HGDP01274.HO	Mozabite.HO
1722	0.04520061158041424	-0.03082807615624443	499491	HGDP01275.HO	Mozabite.HO
1723	0.04243200074031472	-0.03251231656607146	500321	HGDP01276.HO	Mozabite.HO
1724	0.04111336957009679	-0.03244503975711601	499952	HGDP01277.HO	Mozabite.HO
1725	0.043698758766429015	-0.028284294269336242	500068	HGDP01278.HO	Mozabite.HO
1726	0.04090311236594444	-0.03253413958375553	499992	HGDP01279.HO	Mozabite.HO
1727	0.047040878301410426	-0.02722054469315989	499632	HGDP01280.HO	Mozabite.HO
1728	0.046541205499334666	-0.030332057661894493	500164	HGDP01282.HO	Mozabite.HO
1729	-0.029432220362479142	-0.046765669217029474	499445	HGDP01283.HO	Mandenka.HO
1730	-0.033256656136868935	-0.04738768521821703	499327	HGDP01284.HO	Mandenka.HO
1731	-0.02949785450428329	-0.04553988941064792	499783	HGDP01286.HO	Mandenka.HO
1732	-0.2331009336496378	-0.06264383278174906	499846	HGDP01287.HO	Han.HO
1733	-0.233934153333962	-0.06142760650176439	499584	HGDP01288.HO	Han.HO
1734	-0.23528629631985995	-0.06327603317215012	499755	HGDP01289.HO	Han.HO
1735	-0.23418183027497103	-0.05991686054352162	500340	HGDP01290.HO	Han.HO
1736	-0.23445887596275802	-0.06377113743342572	499474	HGDP01291.HO	Han.HO
1737	-0.23827021953006988	-0.05984705346722846	500345	HGDP01292.HO	Han.HO
1738	-0.23457047855758284	-0.06538220382799952	500133	HGDP01293.HO	Han.HO
1739	-0.23544330943417277	-0.06862011248778294	499830	HGDP01294.HO	Han.HO
1740	-0.23460428651142545	-0.056250565344958904	500012	HGDP01295.HO	Han.HO
1741	-0.23237060046331964	-0.06431194645739165	498559	HGDP01296.HO	Han.HO
1742	-0.08734977251276595	-0.017339701354996774	499137	HGDP01297.HO	Uyghur.HO
1743	-0.07808598046196658	-0.01880277336027213	500215	HGDP01298.HO	Uyghur.HO
1744	-0.09961417261166067	-0.019396460179690468	498301	HGDP01299.HO	Uyghur.HO
1745	-0.08909455199651824	-0.01329206442551429	500353	HGDP01300.HO	Uyghur.HO
1746	-0.09656646794030066	-0.015556042679077625	499993	HGDP01301.HO	Uyghur.HO
1747	-0.13164403139364975	-0.0003551297716347825	497123	HGDP01302.HO	Uyghur.HO
1748	-0.08178330357299914	-0.018009297229360784	499255	HGDP01303.HO	Uyghur.HO
1749	-0.11589751368702866	-0.019727090664043087	499338	HGDP01304.HO	Uyghur.HO
1750	-0.1141083395593509	-0.012475784467129656	498761	HGDP01305.HO	Uyghur.HO
1751	-0.1036080209190737	-0.01585265566516221	498011	HGDP01306.HO	Uyghur.HO
1752	-0.23285556681092368	-0.09458998963879708	499655	HGDP01307.HO	Dai.HO
1753	-0.22773848991153123	-0.09528869557709296	500172	HGDP01308.HO	Dai.HO
1754	-0.2335050423337258	-0.09925779224478408	499802	HGDP01309.HO	Dai.HO
1755	-0.23107710197101664	-0.09836893729522707	500205	HGDP01310.HO	Dai.HO
1756	-0.23064338441716653	-0.09565883063846375	499881	HGDP01311.HO	Dai.HO
1757	-0.23359558419872076	-0.09622084820443991	500215	HGDP01312.HO	Dai.HO
1758	-0.23138331102996743	-0.09537293137531191	498919	HGDP01313.HO	Dai.HO
1759	-0.23596411835922562	-0.0938592120635245	499940	HGDP01314.HO	Dai.HO
1760	-0.23228485476369254	-0.09521531589995502	499854	HGDP01315.HO	Dai.HO
1761	-0.23177960825913815	-0.09888237143530249	498293	HGDP01316.HO	Dai.HO
1762	-0.23461802371482887	-0.08623410963346252	500169	HGDP01317.HO	China_Lahu.HO
1763	-0.22987467802178435	-0.08981130997935255	499956	HGDP01318.HO	China_Lahu.HO
1764	-0.22548646100571737	-0.08505867389620678	499493	HGDP01319.HO	China_Lahu.HO
1765	-0.2319026619829296	-0.08946541214941357	500176	HGDP01320.HO	China_Lahu.HO
1766	-0.23065119599123177	-0.08473534985969752	500019	HGDP01321.HO	China_Lahu.HO
1767	-0.22830539030860544	-0.09018725868293563	498787	HGDP01322.HO	China_Lahu.HO
1768	-0.23002773491825618	-0.08482168286534834	500288	HGDP01323.HO	China_Lahu.HO
1769	-0.23182137582313087	-0.08261728744235135	500310	HGDP01326.HO	China_Lahu.HO
1770	-0.24072401198365176	-0.08958302453163874	499247	HGDP01327.HO	She.HO
1771	-0.24337816643873067	-0.08231826475789071	500071	HGDP01328.HO	She.HO
1772	-0.24171966036532264	-0.07979309157342737	500434	HGDP01329.HO	She.HO
1773	-0.2448106428423032	-0.08590792967016814	500299	HGDP01330.HO	She.HO
1774	-0.24317720857960268	-0.0866029878986198	499633	HGDP01331.HO	She.HO
1775	-0.2440510126346837	-0.08438696194196182	499887	HGDP01332.HO	She.HO
1776	-0.2402380157495367	-0.08176856680837606	499604	HGDP01333.HO	She.HO
1777	-0.23964245238722157	-0.08261187079629818	499808	HGDP01334.HO	She.HO
1778	-0.23975965948795422	-0.0839089359810132	499835	HGDP01335.HO	She.HO
1779	-0.24027182290408805	-0.08050053965567566	499687	HGDP01336.HO	She.HO
1780	-0.2343089258918365	-0.06397574497671601	497706	HGDP01337.HO	Naxi.HO
1781	-0.2359218055855802	-0.06428269856287759	499783	HGDP01338.HO	Naxi.HO
1782	-0.23431365848119032	-0.06868671679528127	500399	HGDP01339.HO	Naxi.HO
1783	-0.23167287110969817	-0.06205262726557275	500351	HGDP01340.HO	Naxi.HO
1784	-0.23158477391300222	-0.05927447629514914	499852	HGDP01341.HO	Naxi.HO
1785	-0.23583268422177422	-0.06337170456453911	500340	HGDP01342.HO	Naxi.HO
1786	-0.23466320694414128	-0.0655528893474219	497636	HGDP01344.HO	Naxi.HO
1787	-0.23350885729954565	-0.0635922938703022	497494	HGDP01345.HO	Naxi.HO
1788	-0.23173548097032912	-0.06259470395052222	500160	HGDP01346.HO	Naxi.HO
1789	-0.22137329839537287	-0.051735953706523376	500093	HGDP01347.HO	Tu.HO
1790	-0.2136457973673486	-0.0513164318326211	499412	HGDP01348.HO	Tu.HO
1791	-0.22513743095873756	-0.04923892432488636	498413	HGDP01349.HO	Tu.HO
1792	-0.21070472483928102	-0.04290485043713145	499716	HGDP01350.HO	Tu.HO
1793	-0.21906992216285123	-0.05020610102930623	499977	HGDP01351.HO	Tu.HO
1794	-0.22186873361011636	-0.05354750889766813	499548	HGDP01352.HO	Tu.HO
1795	-0.21109093593207975	-0.04734513227295968	499616	HGDP01353.HO	Tu.HO
1796	-0.22181210189357664	-0.055355896062782746	500000	HGDP01354.HO	Tu.HO
1797	-0.22447894476464322	-0.05311479265455023	500100	HGDP01355.HO	Tu.HO
1798	-0.21627206491926662	-0.049076205445322145	500269	HGDP01356.HO	Tu.HO
1799	0.0722040866892965	-0.008181097892172312	500401	HGDP01357.HO	Basque.HO
1800	0.06889388878526992	-0.003314883372312324	499249	HGDP01358.HO	Basque.HO
1801	0.0686325398160296	-0.004101883810995932	495990	HGDP01359.HO	Basque.HO
1802	0.06864559025932959	0.002070976838259219	499261	HGDP01360.HO	Basque.HO
1803	0.07117822710608755	-0.00454603280978603	500336	HGDP01362.HO	Basque.HO
1804	0.07131911770115461	-0.005226851396619161	499178	HGDP01363.HO	Basque.HO
1805	0.07127457765532602	-0.006480736218820173	498803	HGDP01364.HO	Basque.HO
1806	0.06986151114619275	-0.006339429629115597	498987	HGDP01365.HO	Basque.HO
1807	0.07020813717394546	-0.005447201573423419	499276	HGDP01366.HO	Basque.HO
1808	0.06922195624558722	-0.004028767457513871	500028	HGDP01367.HO	Basque.HO
1809	0.07032236969943277	-0.009241784726496484	500030	HGDP01368.HO	Basque.HO
1810	0.06806056603940998	-0.0019313723022325081	493446	HGDP01369.HO	Ignore_Basque.HO
1811	0.07043019160229602	-0.00403563158793	498776	HGDP01370.HO	Basque.HO
1812	0.06179347791785727	-0.005025749544357906	496632	HGDP01371.HO	Basque.HO
1813	0.07004589726608315	-0.0076155352882512585	498421	HGDP01372.HO	Ignore_Basque.HO
1814	0.06702630193856843	-0.004480324861533444	495423	HGDP01373.HO	Basque.HO
1815	0.06705785681637239	-0.002795441986605996	499579	HGDP01374.HO	Basque.HO
1816	0.07084314073961556	-0.004227293320255418	499852	HGDP01375.HO	Basque.HO
1817	0.07156080233911194	-0.0058986581945473775	497646	HGDP01377.HO	Basque.HO
1818	0.07354329620808608	-0.006053285916855326	499921	HGDP01378.HO	Basque.HO
1819	0.06930224886202797	-0.0013514801667565456	494936	HGDP01379.HO	Basque.HO
1820	0.07105287788199853	-0.004087319114791801	499472	HGDP01380.HO	Basque.HO
1821	0.033017405288392004	-0.01537423751957536	499561	HGDP01381.HO	Adygei.HO
1822	0.050772099312874026	-0.020663761529070433	500376	HGDP01382.HO	Adygei.HO
1823	0.04772880135354389	-0.022807313979434377	500046	HGDP01383.HO	Adygei.HO
1824	0.021629384408404534	-0.014746146112779834	499127	HGDP01384.HO	Ignore_Adygei.HO
1825	0.03956925498045536	-0.02122834449444378	500204	HGDP01385.HO	Adygei.HO
1826	0.04447446984640277	-0.025556238147194113	499822	HGDP01386.HO	Adygei.HO
1827	0.0478915754575396	-0.019228493046983073	499623	HGDP01387.HO	Adygei.HO
1828	0.027427996177808472	-0.0032803063774302335	500382	HGDP01388.HO	Ignore_Adygei.HO
1829	0.03301648218467713	-0.013377433419108539	497793	HGDP01396.HO	Adygei.HO
1830	0.03515114957585056	-0.013259132140793944	499523	HGDP01397.HO	Adygei.HO
1831	0.04753297659712479	-0.028431827706041305	500335	HGDP01398.HO	Adygei.HO
1832	0.04673586011575782	-0.02256908055701682	499591	HGDP01399.HO	Adygei.HO
1833	0.04301479496360536	-0.01659836472727993	499817	HGDP01400.HO	Adygei.HO
1834	0.04257570791968283	-0.022960916779168127	500315	HGDP01401.HO	Adygei.HO
1835	0.04359921549797351	-0.020996661608839503	499824	HGDP01402.HO	Adygei.HO
1836	0.05033714465931716	-0.021020584175537982	494618	HGDP01403.HO	Adygei.HO
1837	0.02980859489753908	-0.01846613941290757	500234	HGDP01404.HO	Adygei.HO
1838	-0.034169295502393955	-0.04535304507591076	498077	HGDP01405.HO	BantuKenya.HO
1839	-0.029184366192353834	-0.044598412287121164	495666	HGDP01408.HO	BantuKenya.HO
1840	-0.02957971906835354	-0.04442728454655493	494233	HGDP01411.HO	Ignore_BantuKenya.HO
1841	-0.034695907545061994	-0.0436681750035402	497989	HGDP01414.HO	BantuKenya.HO
1842	-0.027888288557878668	-0.04609265567622858	498633	HGDP01415.HO	Ignore_BantuKenya.HO
1843	-0.022057712773706002	-0.047341414388965636	499005	HGDP01416.HO	Ignore_BantuKenya.HO
1844	-0.03230524891649522	-0.04739167813367268	498135	HGDP01417.HO	BantuKenya.HO
1845	-0.03405850849008605	-0.04605470779355666	494820	HGDP01418.HO	BantuKenya.HO
1846	-0.03249261041891956	-0.049406048573449046	496699	HGDP01419.HO	BantuKenya.HO
1847	-0.03835851167484339	-0.04094105060977291	500692	Chimp_HO.HO	Primate_Chimp.HO
1848	-0.03807274556036562	-0.03663304428559771	457368	Vindija_light.HO	Vindija_light.HO
1849	-0.037520398683663275	-0.03943545998331535	419920	Macaque.HO	Macaque.HO
1850	-0.036474641130371306	-0.037804072306752916	380987	Marmoset.HO	Marmoset.HO
1851	-0.18727940186943917	0.055616976987002485	499883	ADR00090.HO	Eskimo_Naukan.HO
1852	-0.1926641570935972	0.057496612027712585	499926	ADR00092.HO	Eskimo_Naukan.HO
1853	-0.19406413455474483	0.057803435861306006	499475	ADR00089.HO	Eskimo_Naukan.HO
1854	-0.19394953894105665	0.051055905983550275	499943	ADR00093.HO	Eskimo_Naukan.HO
1855	-0.19533619276072092	0.05841496182174059	499799	ADR00098.HO	Eskimo_Naukan.HO
1856	-0.1981514753252043	0.06183998855084263	499762	ADR00064.HO	Chukchi.HO
1857	-0.22136074213108245	0.12928499112656375	499948	ADR00514.HO	Nganasan.HO
1858	-0.2081771952604386	0.06613199586919381	499316	ADR00074.HO	Chukchi.HO
1859	-0.2287469888436835	0.140585893642183	499083	ADR00513.HO	Nganasan.HO
1860	-0.20173137524037277	0.06334243226558647	498901	ADR00066.HO	Chukchi.HO
1861	-0.19620594890317886	0.05468759479131308	499004	ADR00102.HO	Eskimo_Naukan.HO
1862	-0.20303701591503434	0.06612176433727017	498515	ADR00065.HO	Chukchi.HO
1863	-0.19766240898501633	0.06394146284335075	499538	ADR00079.HO	Chukchi.HO
1864	-0.22455308514749409	0.13100035396316861	497325	ADR00509.HO	Nganasan.HO
1865	-0.20306306215527833	0.06255235294661915	499527	ADR00061.HO	Chukchi.HO
1866	-0.1917805392998142	0.05582655154147084	498827	ADR00096.HO	Eskimo_Naukan.HO
1867	-0.1969194898602218	0.0631731225544514	498694	ADR00068.HO	Chukchi.HO
1868	-0.20871395194519665	0.07026829933325354	499929	ADR00060.HO	Chukchi.HO
1869	-0.2007683768855387	0.059217239499937846	499046	ADR00059.HO	Chukchi.HO
1870	-0.22528785256474307	0.1359398893369268	499687	ADR00512.HO	Nganasan.HO
1871	-0.1975049307178706	0.06095482739500854	499831	ADR00057.HO	Chukchi.HO
1872	-0.2246362264633609	0.13821609404397625	499277	ADR00504.HO	Nganasan.HO
1873	-0.22629039313424196	0.13477815319298111	497682	ADR00507.HO	Nganasan.HO
1874	-0.2248509619399781	0.1396357584712606	499793	ADR00511.HO	Nganasan.HO
1875	-0.2287500357599633	0.13322423344269668	500018	ADR00510.HO	Nganasan.HO
1876	-0.2214961020039469	0.13541703268443314	499935	ADR00508.HO	Nganasan.HO
1877	-0.22760986883529286	0.14160470212344786	499473	ADR00515.HO	Nganasan.HO
1878	0.0006267305433992345	-0.04399066329671937	496381	Ayodo_21S.HO	Somali.HO
1879	-0.02059999876006614	-0.04758059661454499	500211	Ayodo_47K.HO	Kikuyu.HO
1880	-0.17065464036870706	0.027665431574231864	499158	mixe0029.HO	Mixe.HO
1881	0.0012086379663046132	-0.044150741853634684	499572	Ayodo_23S.HO	Somali.HO
1882	-0.020058809881282835	-0.04479246374703272	498956	Ayodo_67K.HO	Kikuyu.HO
1883	-0.16689911159275922	0.029062094027292904	499396	mixe0030.HO	Mixe.HO
1884	-0.0006521018765680619	-0.04343955727355036	497671	Ayodo_69S.HO	Somali.HO
1885	-0.11700760774192877	-0.04611436949186581	495049	IHW9118(BUR,E).HO	Australian.HO
1886	0.004584216448361705	-0.04388709512603835	499713	Ayodo_90S.HO	Somali.HO
1887	-0.022857466582326093	-0.019539268173843945	498488	IHW9124(IHL,AD036).HO	Ignore_Australian.HO
1888	-0.1706453316390747	0.033321218278054836	499853	mixe0015.HO	Mixe.HO
1889	-0.01762545193409827	-0.04376149132879328	499441	Ayodo_61K.HO	Kikuyu.HO
1890	-0.01708199209862817	-0.04638394274864916	494132	Ayodo_83K.HO	Kikuyu.HO
1891	-0.01740006149255282	-0.044391235524221716	499224	Ayodo_103M.HO	Masai.HO
1892	-0.015218105316973384	-0.0492645629923763	499490	Ayodo_101M.HO	Masai.HO
1893	-0.1649494819010988	0.026759403815519823	500182	mixe0035.HO	Mixe.HO
1894	-0.031832743658656834	-0.045999842320761083	489635	Bar08.HO	Hadza1.HO
1895	-0.16655007611276224	0.030874538758232373	499828	mixe0018.HO	Mixe.HO
1896	-0.02804817370070911	-0.045563932499302864	489694	Bar10.HO	Hadza1.HO
1897	-0.015140540178109464	-0.04105181268280794	498637	AD_066.HO	AfricanAmericans.HO
1898	-0.16799699819081143	0.029803523664433465	498788	mixe0026.HO	Mixe.HO
1899	-0.02300675667051705	-0.04298870689703117	498400	AD_064.HO	AfricanAmericans.HO
1900	-0.023382722312837383	-0.0383454130321222	499903	AD_505.HO	AfricanAmericans.HO
1901	-0.1653539198702301	0.02973380506268702	499803	mixe0027.HO	Mixe.HO
1902	-0.030755069453158743	-0.044704202934626416	486791	Bar13.HO	Hadza1.HO
1903	-0.01619447063233794	-0.040120144629068426	498307	AD_523.HO	AfricanAmericans.HO
1904	-0.02912819485244016	-0.03734072581382042	499036	AD_500.HO	AfricanAmericans.HO
1905	-0.16493663034435938	0.031837520784601496	499317	mixe0028.HO	Mixe.HO
1906	-0.028731179862502426	-0.0487461022000565	495058	End08.HO	Hadza1.HO
1907	-0.021697764059652114	-0.03961970852275682	499658	AD_510.HO	AfricanAmericans.HO
1908	-0.02131334058863798	-0.04250174732420448	498470	AD_015.HO	AfricanAmericans.HO
1909	-0.1693033592399581	0.02759175656618654	499264	mixe0007.HO	Mixe.HO
1910	-0.030295800913970487	-0.04742804930272	490625	Bar04.HO	Hadza1_outlier.HO
1911	-0.020943110524223447	-0.03905563386984805	499880	AD_061.HO	AfricanAmericans.HO
1912	-0.16599926379893226	0.03507308028624026	499017	mixe0009.HO	Mixe.HO
1913	-0.016985235851951656	-0.04072096106674838	498958	AD_076.HO	AfricanAmericans.HO
1914	0.013913854942585771	-0.023956130388084446	499170	AD_512.HO	AfricanAmericans.HO
1915	-0.027539046314932338	-0.041832273194085556	498955	AD_006.HO	AfricanAmericans.HO
1916	-0.02381527230672162	-0.04035108885795334	499536	AD_511.HO	AfricanAmericans.HO
1917	-0.006016411115787331	0.03792743179959954	496325	SD60_297.HO	Saami.WGA.HO
1918	0.011972339121719109	-0.04260562816269591	498492	EAF4646.HO	Afar.WGA.HO
1919	0.009969877620746201	-0.04114230349468035	499127	EAF4648.HO	Afar.WGA.HO
1920	0.012001868047969023	-0.040459322040506146	499083	EAF4644.HO	Afar.WGA.HO
1921	0.008520690149077075	-0.0421915188116396	499125	EAF4683.HO	Afar.WGA.HO
1922	0.013836923094078477	-0.04054901806260482	497829	EAF4700.HO	Afar.WGA.HO
1923	0.03900529407740824	-0.029176731096493037	496675	BBR030.HO	Berber.WGA.HO
1924	0.04135783295964605	-0.034060854246226534	494359	BBR031.HO	Berber.WGA.HO
1925	0.03878479837998102	-0.0318392362994568	497343	BBR032.HO	Berber.WGA.HO
1926	0.04184892001774076	-0.03214084150533633	494729	BBR033.HO	Berber.WGA.HO
1927	0.052837612105055984	-0.028742741049054676	493587	ARM012.HO	Armenian.WGA.HO
1928	0.054994467496626315	-0.02862122247795411	493567	ARM013.HO	Armenian.WGA.HO
1929	0.06164438471390124	-0.032606211420475574	495675	ARM014.HO	Armenian.WGA.HO
1930	0.016162823907526498	-0.04140042297056038	489371	ALG_LN_200.HO	Ain_Touta.WGA.HO
1931	0.04841622977993555	-0.030818864272792578	494882	ALG_LN_203.HO	Ain_Touta.WGA.HO
1932	0.04573933180806893	-0.029484845389096476	493886	ALG_LN_204.HO	Ain_Touta.WGA.HO
1933	0.045070170485323885	-0.03147233059344396	494735	Baku01.HO	Azeri.WGA.HO
1934	0.04587463801139182	-0.02804406196307487	494317	Baku02.HO	Azeri.WGA.HO
1935	0.04271374694868724	-0.025471657698645844	489296	Baku03.HO	Azeri.WGA.HO
1936	0.04212950628869659	-0.030468829552243507	489616	KHN_065.HO	Shaigi.WGA.HO
1937	0.04877544904721738	-0.030991605728547953	497662	KHN_069.HO	Shaigi.WGA.HO
1938	0.048072578050249344	-0.02750906157176678	496202	KHN_074.HO	Shaigi.WGA.HO
1939	0.04494792685489936	-0.029877704045091616	496791	KRD_010.HO	Kurd.WGA.HO
1940	0.0439515317230856	-0.03047611058880973	497834	KRD_011.HO	Kurd.WGA.HO
1941	0.027242547278177535	-0.027156806540559044	494595	Tash02.HO	Uzbek_outlier.WGA.HO
1942	0.05623458677114978	-0.030129716771344957	495855	GEO013.HO	Georgian.WGA.HO
1943	0.0519854895484065	-0.03282942069496979	489120	GEO014.HO	Georgian.WGA.HO
1944	0.05701184761721593	-0.027953812468940967	495080	ASR_001.HO	Assyrian.WGA.HO
1945	0.05642899969139614	-0.03420484559580605	497041	ASR_002.HO	Assyrian.WGA.HO
1946	0.055801056651635615	-0.03476304024885257	495289	ASR_003.HO	Assyrian.WGA.HO
1947	0.0562380126960075	-0.03377791803228169	490038	ASR_004.HO	Assyrian.WGA_outlier.HO
1948	0.054937048956564254	-0.02776776103575442	493740	ASR_005.HO	Assyrian.WGA.HO
1949	0.06497745076345575	-0.020797174131018236	497125	TLA010.HO	Greek.WGA.HO
1950	0.05921755863169524	-0.0166840494335626	498604	TLA011.HO	Greek_outlier.WGA.HO
1951	0.0667529067034523	-0.019749892462779993	493896	TLA012.HO	Greek.WGA.HO
1952	0.05921739938736685	-0.031398652222054964	496949	TLA013.HO	Greek_outlier.WGA.HO
1953	0.060091120367664216	-0.015771086293785173	489308	TLA015.HO	Greek.WGA.HO
1954	0.05992426045264234	-0.0189690048333969	494349	TLA017.HO	Greek.WGA.HO
1955	0.06427189567704375	-0.01934562964542718	493403	TLA018.HO	Greek.WGA.HO
1956	0.06521173315547873	-0.01557221605296383	496308	TLA019.HO	Greek.WGA.HO
1957	0.06393020031414076	-0.016455199611397235	496832	TLA020.HO	Greek.WGA.HO
1958	0.059153717141713	-0.018535237159388897	496550	TLA021.HO	Greek.WGA.HO
1959	0.06368834869838164	-0.02273571102407922	495678	TLA022.HO	Greek.WGA.HO
1960	0.06138788608879677	-0.014647108652496124	493803	TLA023.HO	Greek.WGA.HO
1961	0.06391860075859887	-0.02120272596917473	493839	TLA024.HO	Greek.WGA.HO
1962	0.06076627174465146	-0.01499729680497584	495152	TLA025.HO	Greek.WGA.HO
1963	0.05971812088086253	-0.02145901583214135	495238	TLA026.HO	Greek.WGA.HO
1964	0.06463721802449034	-0.01569581464718535	492992	TLA027.HO	Greek.WGA.HO
1965	0.06257967586022592	-0.018279618593941862	496329	TLA028.HO	Greek.WGA.HO
1966	0.06059374854595775	-0.014925198637665536	496550	TLA029.HO	Greek.WGA.HO
1967	-0.03123632420020945	-0.04587053609162731	494703	NA18500.HO	Ignore_YRI_relative.HO
1968	-0.03263650652885192	-0.04731738044807386	498796	NA18501.HO	YRI.HO
1969	-0.03215730489791313	-0.04473365550488814	487127	NA18503.HO	Ignore_YRI_relative.HO
1970	-0.03444272214216349	-0.044608239863800955	497867	NA18504.HO	YRI.HO
1971	-0.03052869412794371	-0.04672799075493526	497853	NA18505.HO	YRI.HO
1972	-0.03287446798620005	-0.0496328840684857	499172	NA18506.HO	Ignore_YRI_relative.HO
1973	-0.03283238187768735	-0.05036869385726605	498479	NA18507.HO	YRI.HO
1974	-0.033468126715029425	-0.049976791741686226	499277	NA18508.HO	YRI.HO
1975	-0.031080248422903314	-0.04788247602790405	497676	NA18515.HO	Ignore_YRI_relative.HO
1976	-0.031673857518052066	-0.04803181371097829	497023	NA18516.HO	YRI.HO
1977	-0.03210176085693004	-0.04994294038753875	497655	NA18517.HO	YRI.HO
1978	-0.03230407223042421	-0.04677604417390797	498697	NA18521.HO	Ignore_YRI_relative.HO
1979	-0.029938193746467206	-0.0472963513919133	498401	NA18522.HO	YRI.HO
1980	-0.03112218445477653	-0.04770226993240994	493340	NA18523.HO	YRI_o.HO
1981	-0.03155450563061284	-0.04523745849398013	498291	NA18852.HO	YRI.HO
1982	-0.033039832354081866	-0.04729424603751982	497595	NA18853.HO	YRI_o.HO
1983	-0.032496663022323326	-0.04547008612334855	499048	NA18854.HO	Ignore_YRI_relative.HO
1984	-0.03150792135653345	-0.04787841004264811	496227	NA18855.HO	YRI.HO
1985	-0.03304040803767389	-0.04664703295247703	498171	NA18856.HO	YRI.HO
1986	-0.03262545966621374	-0.048079653612473246	496218	NA18857.HO	Ignore_YRI_relative.HO
1987	-0.03290404481059908	-0.04702908898011805	497687	NA18858.HO	YRI.HO
1988	-0.034705691750365586	-0.04748908667361318	499707	NA18859.HO	YRI.HO
1989	-0.03577930560062534	-0.047489550060828986	496641	NA18860.HO	Ignore_YRI_relative.HO
1990	-0.035588506457770085	-0.04820097181636069	496975	NA18861.HO	YRI.HO
1991	-0.03529520324206159	-0.04959397242007122	497471	NA18862.HO	YRI.HO
1992	-0.03718955944002155	-0.04876672319316996	496106	NA18863.HO	Ignore_YRI_relative.HO
1993	-0.031011153210352974	-0.04762696613927264	499266	NA18870.HO	YRI.HO
1994	-0.033384593366775885	-0.04594451884193169	499790	NA18871.HO	YRI.HO
1995	-0.030278589551803393	-0.04734052148511087	494083	NA18872.HO	Ignore_YRI_relative.HO
1996	-0.03392721854725655	-0.04772338426696822	494948	NA18912.HO	YRI_o.HO
1997	-0.03264310032163474	-0.04628527375263104	499704	NA18913.HO	Ignore_YRI_relative.HO
1998	-0.03382182629589472	-0.047665363914299014	497833	NA18914.HO	Ignore_YRI_relative.HO
1999	-0.035109256920039064	-0.04442617549365518	495767	NA19092.HO	YRI_o.HO
2000	-0.03505165617931248	-0.04778509545911794	497686	NA19093.HO	YRI.HO
2001	-0.035762306444897626	-0.04708254588146226	498862	NA19094.HO	Ignore_YRI_relative.HO
2002	-0.03506053251258318	-0.0470371861390301	498082	NA19098.HO	YRI.HO
2003	-0.03322053185706737	-0.04500553958589841	498112	NA19099.HO	YRI.HO
2004	-0.036017261244822414	-0.04721654040039467	499361	NA19100.HO	Ignore_YRI_relative.HO
2005	-0.03363012134496326	-0.04686183011301785	497169	NA19101.HO	YRI.HO
2006	-0.03178408030970847	-0.04517992284701651	498649	NA19102.HO	YRI.HO
2007	-0.03185577764842838	-0.04451392040126974	497534	NA19103.HO	Ignore_YRI_relative.HO
2008	-0.03186154625208277	-0.04678157632960314	498563	NA19116.HO	YRI.HO
2009	-0.03300246589245311	-0.048724866522630264	499564	NA19119.HO	YRI.HO
2010	-0.034931266176078626	-0.04954489779108797	493229	NA19120.HO	Ignore_YRI_relative.HO
2011	-0.034891597273067024	-0.05026649729286563	498241	NA19127.HO	YRI.HO
2012	-0.031813191282847916	-0.049542598066621944	499819	NA19128.HO	YRI.HO
2013	-0.03312657890898218	-0.048123717529841674	498787	NA19129.HO	YRI_relative.HO
2014	-0.034258370691780844	-0.046310236650094386	499510	NA19130.HO	YRI.HO
2015	-0.03146998785939457	-0.049391563718346874	499109	NA19131.HO	YRI.HO
2016	-0.03345819310466723	-0.047544868567268604	497030	NA19132.HO	Ignore_YRI_relative.HO
2017	-0.030676146463052622	-0.04848738008038654	498933	NA19137.HO	YRI.HO
2018	-0.02946957002775431	-0.0500834276614494	498783	NA19138.HO	YRI.HO
2019	-0.03126696107926791	-0.050466950865577696	496622	NA19139.HO	Ignore_YRI_relative.HO
2020	-0.0319316146430446	-0.04644307053672894	496985	NA19140.HO	Ignore_YRI.HO
2021	-0.03310908110625418	-0.04980167370585883	498326	NA19141.HO	YRI.HO
2022	-0.03249619417592351	-0.04791680760572032	497760	NA19142.HO	Ignore_YRI_relative.HO
2023	-0.03053265969164543	-0.047373947564552016	498931	NA19143.HO	YRI.HO
2024	-0.03399032788270867	-0.046719673380321174	499010	NA19144.HO	YRI.HO
2025	-0.03391965193758167	-0.0486355402205323	497562	NA19154.HO	Ignore_YRI_relative.HO
2026	-0.034716245140971026	-0.051314071252920555	499653	NA19159.HO	YRI.HO
2027	-0.031034852841483183	-0.04619805260540089	497056	NA19160.HO	YRI.HO
2028	-0.03540626558687419	-0.04508591676591305	498372	NA19161.HO	Ignore_YRI_relative.HO
2029	-0.032664829186368365	-0.04524841298141357	497527	NA19171.HO	YRI.HO
2030	-0.03206694357910806	-0.04629359247897254	491119	NA19172.HO	YRI_o.HO
2031	-0.03353396940486696	-0.04416648016913957	499285	NA19173.HO	Ignore_YRI_relative.HO
2032	-0.03366492302486889	-0.04572218626578944	497691	NA19192.HO	Ignore_YRI.HO
2033	-0.032725793513726696	-0.04848531486717839	497661	NA19193.HO	YRI.HO
2034	-0.03270689343983528	-0.046164098486181145	498191	NA19194.HO	Ignore_YRI_relative.HO
2035	-0.03296740314461133	-0.04961508310860313	496366	NA19200.HO	YRI_o.HO
2036	-0.0319172189628959	-0.047532235965923174	496347	NA19201.HO	YRI.HO
2037	-0.03281659315134754	-0.049682830820787574	498093	NA19202.HO	Ignore_YRI_relative.HO
2038	-0.03424027564039462	-0.04920636589772061	497595	NA19203.HO	YRI.HO
2039	-0.032151529106494485	-0.04638218305112322	498094	NA19204.HO	YRI.HO
2040	-0.0316853991047548	-0.04519123850838726	499160	NA19206.HO	YRI.HO
2041	-0.03710302338065131	-0.045534115147916415	496303	NA19207.HO	YRI.HO
2042	-0.03524266996136655	-0.04526823660749676	497784	NA19208.HO	Ignore_YRI_relative.HO
2043	-0.03279224229186718	-0.046966607096416556	498333	NA19209.HO	YRI.HO
2044	-0.03136088616989019	-0.04749679415201527	499909	NA19210.HO	YRI.HO
2045	-0.032872681910890794	-0.045951242051788466	498070	NA19211.HO	Ignore_YRI_relative.HO
2046	-0.033760594569187535	-0.05015641645271888	497535	NA19221.HO	Ignore_YRI_relative.HO
2047	-0.03441437026374241	-0.047026796445946456	499810	NA19222.HO	YRI.HO
2048	-0.03484816922952376	-0.049163256566285625	498870	NA19223.HO	YRI.HO
2049	-0.03444326237522252	-0.04674635791027638	500148	NA19238.HO	YRI.HO
2050	-0.03301006498230077	-0.045613043440163634	499418	NA19239.HO	YRI.HO
2051	-0.03516105241635337	-0.046769885828253296	491497	NA19240.HO	YRI_o.HO
2052	0.0595869342995575	-0.006758869267296162	484253	BulgarianD6.HO	Bulgarian.HO
2053	0.060121456514458445	-0.006687212015506379	499560	BulgarianA4.HO	Bulgarian.HO
2054	0.06170145297830603	-0.0008300664460282308	500208	hungary3.HO	Hungarian.HO
2055	0.06068358214248433	0.016642674126051575	500347	LithuanianF1.HO	Lithuanian.HO
2056	0.04071850836854461	-0.025681614992883413	499672	iran19.HO	Iranian.HO
2057	0.03478064206778607	-0.02874506639198058	500191	iran14.HO	Iranian.HO
2058	0.043403884877996436	-0.03383178782491202	499829	syria464.HO	Syrian.HO
2059	0.05162661991140117	-0.03407942718205707	499733	Lebanon5.HO	Lebanese.HO
2060	0.012615811846942158	-0.03822949597735638	499914	SaudiA2.HO	Ignore_Saudi.HO
2061	0.050409946378405505	-0.029977563082037625	498744	Jordan543.HO	Jordanian.HO
2062	0.06321101740944551	-0.008873049895568546	499903	BulgarianE2.HO	Bulgarian.HO
2063	0.05751986958499776	-0.008461009662483795	496549	BulgarianB4.HO	Bulgarian.HO
2064	0.0620450713467897	-0.003105604113978108	500055	hungary6.HO	Hungarian.HO
2065	0.06130597497378413	0.013095864729206985	498303	lithuania3.HO	Lithuanian.HO
2066	0.036671326763474794	-0.027213250993152287	500072	iran2.HO	Iranian.HO
2067	0.03193318043028168	-0.033688720231459336	499652	iran20.HO	Iranian.HO
2068	0.06599042639968139	-0.02792393885731938	500046	syria361.HO	Syrian.HO
2069	0.03924559097755154	-0.028367130242672102	498565	Lebanon6.HO	Lebanese.HO
2070	0.05534197917994094	-0.03465366640939187	499399	SaudiA5.HO	Saudi.HO
2071	0.047591346980628765	-0.02605300474678621	500223	Jordan214.HO	Jordanian.HO
2072	0.0267847441387723	-0.03956996087089872	499593	Yemen2.HO	Yemeni.HO
2073	0.06063398083646838	-0.0070138175673580844	494762	BulgarianA1.HO	Bulgarian.HO
2074	0.05824557940920182	0.004839757156402485	499970	HungarianC5.HO	Hungarian.HO
2075	0.05890119880516135	0.0019368070493175728	498942	hungary7.HO	Hungarian.HO
2076	0.05442561010939535	0.015031773217702233	499981	lithuania10.HO	Lithuanian.HO
2077	0.044850763486711756	-0.03666630600502448	500057	Egypt7.HO	Egyptian.HO
2078	0.0396598031209181	-0.03004246147945061	499730	iran3.HO	Iranian.HO
2079	0.04822837156264768	-0.03209734874563732	499962	syria485.HO	Syrian.HO
2080	0.05321075291662063	-0.030764963436875174	499856	Lebanon7.HO	Lebanese.HO
2081	0.048974720539021285	-0.03537741683530341	499834	SaudiA6.HO	Saudi.HO
2082	0.053462045391281854	-0.03198923271306028	500223	Jordan445.HO	Jordanian.HO
2083	0.022267544311631162	-0.039939056589874566	500016	Yemen3.HO	Yemeni.HO
2084	0.06551651339232464	-0.008174171418691025	500001	BulgarianB1.HO	Bulgarian.HO
2085	0.059109944974893906	0.004298107509542026	500196	HungarianE5.HO	Hungarian.HO
2086	0.06170847305278398	0.000557981030871037	499773	HungarianH3.HO	Hungarian.HO
2087	0.06111678423229745	0.01773615464457556	500251	lithuania9.HO	Lithuanian.HO
2088	0.025258192273057777	-0.03696600394747853	500016	Egypt8.HO	Ignore_Egyptian.HO
2089	0.027110730959470728	-0.0317281340069197	500256	iran7.HO	Ignore_Iranian.HO
2090	0.0479281305165833	-0.02981553945854515	499096	syria520.HO	Syrian.HO
2091	0.05455860588284307	-0.02937639709567028	499825	syria4.HO	Syrian.HO
2092	0.04348183538140091	-0.027162928087005236	500324	Lebanon8.HO	Lebanese.HO
2093	0.05667455648112232	-0.03273872418580688	499992	SaudiA7.HO	Saudi.HO
2094	0.05041575946393075	-0.03014905778050395	499961	Jordan62.HO	Jordanian.HO
2095	0.06347149502762191	-0.008298373060227461	499373	BulgarianC1.HO	Bulgarian.HO
2096	0.05599072769105356	0.001951115340093472	500115	hungary15.HO	Hungarian.HO
2097	0.059321894516816014	0.016841949945272484	499442	LithuanianA1.HO	Lithuanian.HO
2098	0.05912631728796262	0.013251906298039035	498313	LithuanianE2.HO	Lithuanian.HO
2099	0.04958202014351328	-0.033283477134419294	499719	Egypt9.HO	Egyptian.HO
2100	0.040340540243652356	-0.03148964046648348	499585	iran11.HO	Iranian.HO
2101	0.039476612138302364	-0.03611080177842594	500213	syria461.HO	Syrian.HO
2102	0.05914178048837406	-0.03130663022321489	500181	Lebanon1.HO	Lebanese.HO
2103	0.055036153139902476	-0.036281071160281654	499657	saudi1434.HO	Saudi.HO
2104	0.0485639277200756	-0.030534407227037402	499689	Jordan603.HO	Jordanian.HO
2105	0.03705793932071552	-0.03686957864316426	499795	Yemen5.HO	Yemeni.HO
2106	0.058733316438828766	-0.007697013025237906	500265	BulgarianF1.HO	Bulgarian.HO
2107	0.05999496309866116	1.8314908632498287e-05	500204	hungary20.HO	Hungarian.HO
2108	0.05846422507290059	0.014257670157478435	499883	lithuania1.HO	Lithuanian.HO
2109	0.059690486407138976	0.013405257852112353	495843	lithuania8.HO	Lithuanian.HO
2110	0.04871338784883187	-0.038231164405832865	499801	Egypt10.HO	Egyptian.HO
2111	0.035933779521145445	-0.02862595493778071	498309	iran16.HO	Iranian.HO
2112	0.05174094893528207	-0.029268209246332683	499699	Lebanon2.HO	Lebanese.HO
2113	0.05391060937471734	-0.036403772434475984	500136	saudi1424.HO	Saudi.HO
2114	0.052543589155578045	-0.03383015389633679	500281	SaudiA9.HO	Saudi.HO
2115	0.045986793579666625	-0.030838890556288148	498151	Jordan307.HO	Jordanian.HO
2116	0.06300438561747225	-0.015123210661394448	500173	BulgarianH2.HO	Bulgarian.HO
2117	0.055969938034433966	0.0013308450746738114	500248	hungary2.HO	Hungarian.HO
2118	0.06303608489675372	0.01634682121712632	499788	lithuania2.HO	Lithuanian.HO
2119	0.04081169903724999	-0.03668438018005708	500079	Egypt3.HO	Egyptian.HO
2120	0.04168280273048224	-0.03008161905559851	495072	Egypt11.HO	Egyptian.HO
2121	0.03512491377381921	-0.03098558328507295	498035	iran17.HO	Iranian.HO
2122	0.04375553586927292	-0.03080027801747953	499052	syria6.HO	Syrian.HO
2123	0.057275605426141234	-0.03344558917548684	497916	Lebanon3.HO	Lebanese.HO
2124	0.03077920159753078	-0.03232244376954829	499098	saudi1436.HO	Ignore_Saudi.HO
2125	0.007915790131004425	-0.04157288958130976	500038	Jordan444.HO	Ignore_Jordanian.HO
2126	0.04155049353886278	-0.026762127319766713	500035	Jordan503.HO	Jordanian.HO
2127	0.046016219077476266	-0.032287807911963395	500162	Yemen9.HO	Yemeni.HO
2128	0.06227512969061305	-0.007859666210652769	499702	BulgarianF2.HO	Bulgarian.HO
2129	0.06026185938614929	-0.0024412980051883703	499991	HungarianD1.HO	Hungarian.HO
2130	0.06389888551879792	0.011113721697123402	500289	LithuanianD1.HO	Lithuanian.HO
2131	0.03864199328886194	-0.04106573025984369	499644	Egypt1.HO	Egyptian.HO
2132	0.04259477270032191	-0.03494331486639137	500009	Egypt12.HO	Egyptian.HO
2133	0.045968118723096744	-0.031178356649097256	499594	syria7.HO	Syrian.HO
2134	0.04864095511790456	-0.03738316582386616	498458	Lebanon4.HO	Lebanese.HO
2135	0.050472230311451205	-0.04274400088792799	499545	SaudiA1.HO	Saudi.HO
2136	0.04464044212512548	-0.033742756177595284	496370	Jordan646.HO	Jordanian.HO
2137	0.045668176346315814	-0.031125759721649236	498477	Jordan384.HO	Jordanian.HO
2138	0.049837153393194805	-0.03416002042550228	500201	Yemen10.HO	Yemeni.HO
2139	0.0356289566279925	-0.018696897349116157	499724	bal102.HO	Balkar.HO
2140	0.025463133104111794	-0.02061488185408541	500017	bal64.HO	Balkar.HO
2141	0.055082360376822175	-0.032009151974385815	499357	mg43.HO	Georgian.HO
2142	0.034523316395577014	-0.02204173860639481	499920	NorthOssetia19.HO	Ossetian.HO
2143	0.04488923786506247	-0.021109314125310336	499603	ch126.HO	Chechen.HO
2144	0.053584223392527434	-0.027683970505832097	500031	abh27.HO	Abkhasian.HO
2145	0.05739631882075202	-0.031412041911236546	499809	armenia176.HO	Armenian.HO
2146	0.04346443617525639	-0.016106846928895118	485722	lez38.HO	Lezgin.HO
2147	-0.002235426257647933	-0.011320540294771354	499903	nogay42.HO	Nogai_Karachay_Cherkessia.HO
2148	0.038527334635894486	-0.01846862020337246	497763	bal124.HO	Balkar.HO
2149	0.029279792616904745	-0.021570484443354104	499998	bal97.HO	Balkar.HO
2150	0.05533893590821941	-0.034124509471631044	500242	mg47.HO	Georgian.HO
2151	0.034984970154454294	-0.019721214054212677	500199	NorthOssetia2.HO	Ossetian.HO
2152	0.042830703684515255	-0.015601349921392081	500197	ch16.HO	Chechen.HO
2153	0.04990705844434087	-0.02796754712143977	499316	abh107.HO	Russia_Abkhasian.HO
2154	0.04940614320254534	-0.02998430716853811	495505	abh41.HO	Abkhasian.HO
2155	0.05690820758934905	-0.02902112504231654	499978	armenia191.HO	Armenian.HO
2156	0.046707373948000626	-0.015252268155608411	499522	lez40.HO	Lezgin.HO
2157	0.03592978238314866	-0.020975443331767964	499069	kumyks44.HO	Kumyk.HO
2158	-0.023836473105170623	-0.009556587846414746	499381	nogay35.HO	Nogai_Karachay_Cherkessia.HO
2159	0.0006517590300299231	-0.019100492660367206	499755	nogay34.HO	Nogai_Karachay_Cherkessia.HO
2160	0.03446724692657989	-0.021815424018517507	500080	bal136.HO	Balkar.HO
2161	0.05708339887699891	-0.03328627471720039	499990	mg22.HO	Georgian.HO
2162	0.05954658531586415	-0.03222116487736701	499697	mg49.HO	Georgian.HO
2163	0.0284114907385994	-0.013603200228404859	499580	NorthOssetia3.HO	Ossetian.HO
2164	0.04702193431963535	-0.015928233649196752	499403	ch174.HO	Chechen.HO
2165	0.05080983981587263	-0.029671877020622243	498972	abh119.HO	Abkhasian.HO
2166	0.059133204436104446	-0.030884279191631815	499917	armenia86.HO	Armenian.HO
2167	0.059005924878703805	-0.0353990448989351	498616	armenia279.HO	Armenian.HO
2168	-0.010737805220296413	-0.03565390294607428	316062	lez42.HO	Ignore_Lezgin.HO
2169	0.04075343318196604	-0.01630544109711352	469795	kumyks92.HO	Ignore_Kumyk.HO
2170	-0.02509966433785924	-0.009372445901261923	495705	nogay24.HO	Nogai_Karachay_Cherkessia.HO
2171	-0.17916336089657928	0.009845561990693962	497962	kalmyk11.HO	Kalmyk.HO
2172	0.03352496946502138	-0.022207758731637772	500044	bal22.HO	Balkar.HO
2173	0.059070261337109554	-0.0353640558431473	500339	mg23.HO	Georgian.HO
2174	0.06078733038005553	-0.031550937142567556	499597	mg62.HO	Georgian.HO
2175	0.03437882898712579	-0.01852576350160285	499807	NorthOssetia5.HO	Russia_NorthOssetian.HO
2176	0.04630089431916616	-0.017520165882481214	498184	ch179.HO	Chechen.HO
2177	0.05018253259386859	-0.027831995458014794	500168	abh122.HO	Abkhasian.HO
2178	0.05519480073588958	-0.03433773899882538	499976	armenia91.HO	Armenian.HO
2179	0.05484786084417417	-0.03427386728745305	496828	armenia293.HO	Armenian.HO
2180	0.04900574027453097	-0.019169075558880002	500002	lez49.HO	Lezgin.HO
2181	0.03589521860713901	-0.021811942273597746	499769	kumyks93.HO	Kumyk.HO
2182	-0.044662749306539164	-0.002643286786199709	500135	nogay25.HO	Nogai_Karachay_Cherkessia.HO
2183	-0.18019174203085253	0.011001179132671178	499710	kalmyk32.HO	Kalmyk.HO
2184	0.03278169940783512	-0.018356958148920872	498067	bal41.HO	Balkar.HO
2185	0.05424988747868623	-0.03156783342659596	499384	mg27.HO	Georgian.HO
2186	0.032301156873269614	-0.020788610580066865	500115	NorthOssetia11.HO	Ossetian.HO
2187	0.0317185547713122	-0.018249342501255775	500246	NorthOssetia8.HO	Ossetian.HO
2188	0.04687641076434273	-0.019995769446546494	500292	ch193.HO	Chechen.HO
2189	0.05357265220597871	-0.03477479115389367	498630	abh133.HO	Abkhasian.HO
2190	0.05399272097915096	-0.030476740077672364	497545	armenia102.HO	Armenian.HO
2191	0.04396637847283304	-0.018808389718232038	500071	lez31.HO	Lezgin.HO
2192	0.0471668107933458	-0.02115292962357975	499994	lez7.HO	Lezgin.HO
2193	0.04337698082864717	-0.017161401810933462	495130	kumyks98.HO	Kumyk.HO
2194	-0.012468662666345384	-0.006025154533766898	499962	nogay33.HO	Nogai_Karachay_Cherkessia.HO
2195	-0.17235042409270054	0.010123229572220465	498188	kalmyk9.HO	Kalmyk.HO
2196	0.02928732647820644	-0.016974471412669195	500322	bal42.HO	Balkar.HO
2197	0.06024965210192755	-0.030517264179125505	499195	mg31.HO	Georgian.HO
2198	0.03386177995661252	-0.018564705199810475	499812	NorthOssetia12.HO	Russia_NorthOssetian.HO
2199	0.035010593659130375	-0.020777235821938404	499764	NorthOssetia9.HO	Ossetian.HO
2200	0.04165519501154882	-0.016956216499173032	498218	ch21.HO	Chechen.HO
2201	0.055400057210684	-0.025968004810468882	500045	abh147.HO	Abkhasian.HO
2202	0.05438601828920741	-0.03370430349501	500009	armenia106.HO	Armenian.HO
2203	0.050420748829845416	-0.012422467605451203	500016	lez33.HO	Lezgin.HO
2204	0.04500646950626444	-0.01483776829006208	498960	lez9.HO	Lezgin.HO
2205	0.042494307955725924	-0.0147828398856815	499269	kumyks90.HO	Kumyk.HO
2206	-0.011575148093092794	-0.010592874493829793	498557	nogay44.HO	Nogai_Karachay_Cherkessia.HO
2207	-0.18804402242901083	0.007740363786921353	500002	kalmyk14.HO	Kalmyk.HO
2208	0.038445859388386926	-0.021499271639763878	499913	bal45.HO	Balkar.HO
2209	0.05871413665864216	-0.03102186309753853	500378	mg34.HO	Georgian.HO
2210	0.0341439297990836	-0.01802009065708468	499902	NorthOssetia14.HO	Ossetian.HO
2211	0.04554098140938865	-0.015027045654853566	497512	ch3.HO	Chechen.HO
2212	0.054375021019977356	-0.031009430990768888	500237	abh154.HO	Abkhasian.HO
2213	0.060019122486284354	-0.03555941929834214	500037	armenia139.HO	Armenian.HO
2214	0.04521290574092996	-0.014801407466387905	493821	lez36.HO	Lezgin.HO
2215	0.054298486441171225	-0.021067853183883586	500034	kumyks40.HO	Kumyk.HO
2216	0.03348828999390675	-0.023316451008301806	499789	kumyks94.HO	Kumyk.HO
2217	-0.003954517083850214	-0.005227394733440766	499358	nogay45.HO	Nogai_Karachay_Cherkessia.HO
2218	-0.18208557996190602	0.013744147562143583	500266	kalmyk67.HO	Kalmyk.HO
2219	0.04175213236772336	-0.015287292100441233	499962	bal50.HO	Balkar.HO
2220	0.05858255979483875	-0.031415381968288886	499156	mg40.HO	Georgian.HO
2221	0.037267451226843766	-0.021141291726791443	499780	NorthOssetia17.HO	Ossetian.HO
2222	0.043403431869578214	-0.020687098124368895	499941	ch113.HO	Chechen.HO
2223	0.049695317491165854	-0.01930180540787772	500189	ch31.HO	Chechen.HO
2224	0.052018489390041965	-0.031451185934378165	499665	abh24.HO	Abkhasian.HO
2225	0.05914467891134985	-0.03624354601881981	497688	armenia162.HO	Armenian.HO
2226	0.04539993677742505	-0.015446895430127904	500104	lez37.HO	Lezgin.HO
2227	0.033731286190246484	-0.014834448609440047	498333	kumyks41.HO	Kumyk.HO
2228	0.03751380959661981	-0.013177431868153804	500075	kumyks97.HO	Kumyk.HO
2229	-0.016505033966410457	-0.010100697060785374	498662	nogay46.HO	Nogai_Karachay_Cherkessia.HO
2230	-0.1855904028444743	0.018650887780039913	499860	kalmyk13.HO	Kalmyk.HO
2231	-0.19343833426169074	0.016669210779552805	499969	kalmyk39.HO	Kalmyk.HO
2232	-0.16668609542228738	0.022383122759529014	500187	altai363p.HO	Altaian.HO
2233	-0.1884677475412576	0.038083348172695514	499696	Tuvinians86.HO	Tuvinian.HO
2234	-0.21580603540203216	0.07638443469002602	500150	Dolgan1708.HO	Dolgan.HO
2235	-0.13950132726734749	0.09928260201027349	500196	Selkup38.HO	Selkup.HO
2236	0.058742725927848495	0.009737416921135476	499408	bel43s.HO	Belarusian.HO
2237	0.060317246385828784	0.007808832568750093	499397	UkrBel618.HO	Ukrainian.HO
2238	0.06263423610858876	0.003088349829109749	493457	UkrLv240.HO	Ukrainian.HO
2239	0.05308221797035383	0.016242927170544746	499834	Est393.HO	Estonian.HO
2240	0.03360814020330434	0.015723674461513137	499656	Mordovians27.HO	Mordovian.HO
2241	-0.010440101536830967	0.030626396046053307	499848	Chuvash33.HO	Chuvash.HO
2242	-0.0702526446446197	-0.006296883217272753	499567	usb24.HO	Uzbek.HO
2243	-0.18734115107166244	0.005575282402143931	499942	kalmyk55.HO	Kalmyk.HO
2244	-0.1577178326178681	0.02906213790771155	499563	altai380k.HO	Altaian.HO
2245	-0.18313790904562458	0.0383259360656664	499891	Tuvinians111.HO	Tuvinian.HO
2246	-0.20665565624917756	0.04710967749427503	499955	Dolgan3185.HO	Dolgan.HO
2247	-0.17528180765456514	0.09423386721444242	497586	Selkup83.HO	Selkup.HO
2248	0.05900046638087265	0.010315986461617315	500045	bel30s.HO	Belarusian.HO
2249	0.057006336283353054	0.0077429165371316055	499946	UkrBel620.HO	Ukrainian.HO
2250	0.056250228519714264	0.013318441790054416	499816	Est375.HO	Estonian.HO
2251	0.04800553392003228	0.022034803118447303	500225	Est380.HO	Estonian.HO
2252	0.0365171526054426	0.015554281361224435	499347	Mordovians28.HO	Mordovian.HO
2253	-0.01828236326574388	0.029257880211073842	499666	Chuvash37.HO	Chuvash.HO
2254	-0.08469706410769966	-0.004939572437684629	493551	usb25.HO	Uzbek.HO
2255	-0.18393076748500867	0.00814392510909218	499544	kalmyk22.HO	Kalmyk.HO
2256	-0.16169547867338346	0.02232091845335875	500084	altai280p.HO	Altaian.HO
2257	-0.19619672573020616	0.025833432388080935	500153	Tuvinians66.HO	Tuvinian.HO
2258	-0.1760215687228223	0.06148446300284881	465374	Dolgan3865.HO	Ignore_Dolgan.HO
2259	-0.19599028283040268	0.0981069508578687	492307	Selkup87.HO	Selkup.HO
2260	0.05431507362349629	0.009755801412534874	498914	bel72c.HO	Belarusian.HO
2261	0.05451922866084887	0.00987650413291594	500174	UkrBel622.HO	Ukrainian.HO
2262	0.05473646458631207	0.015323974484697588	499653	Est391.HO	Estonian.HO
2263	0.055221851631091216	0.01593334944228965	500078	Est377.HO	Estonian.HO
2264	0.03539028215469129	0.016666990542486212	498495	Mordovians30.HO	Mordovian.HO
2265	-0.01752692190803727	0.033963428551439856	499703	Chuvash13.HO	Chuvash.HO
2266	-0.07046863563362453	-0.005083050479229252	497164	usb35.HO	Uzbek.HO
2267	-0.18041601514413924	0.009970683767142934	499899	kalmyk44.HO	Kalmyk.HO
2268	-0.18286108671258738	0.0513128385912358	500191	Tuvinians64.HO	Tuvinian.HO
2269	-0.10468858439967622	0.0787341935433936	500233	Selkup220.HO	Selkup.HO
2270	-0.14292793916990748	0.09040401802251873	500186	Selkup121.HO	Selkup.HO
2271	0.05589584453480894	0.008270315379819508	497418	bel93c.HO	Belarusian.HO
2272	0.05846130542182969	0.007667830834521687	499896	UkrBel733.HO	Ukrainian.HO
2273	0.05215924779146823	0.01380253202880795	500054	Est372.HO	Estonian.HO
2274	0.03666779374703527	0.01959219362742501	500043	Mordovians4.HO	Mordovian.HO
2275	0.04018685014615541	0.011839384271797758	499538	Mordovians31.HO	Mordovian.HO
2276	-0.01052033235355414	0.031332752148352946	499292	Chuvash20.HO	Chuvash.HO
2277	-0.1028110074085936	-0.0022031803081232542	499789	usb40.HO	Uzbek.HO
2278	-0.15381541048831207	0.025538412921367996	499574	altai431k.HO	Altaian.HO
2279	-0.19472163284602906	0.03693998145845974	499094	Tuvinians51.HO	Tuvinian.HO
2280	-0.1851278149219966	0.04826228800613366	498290	Tuvinians67.HO	Tuvinian.HO
2281	-0.04732380214129126	0.05326703225288284	499684	Selkup105.HO	Selkup.HO
2282	-0.13591184946117782	0.09433613099587396	499709	Selkup82.HO	Selkup.HO
2283	0.057563244860892454	0.009662792337170246	499580	bel110c.HO	Belarusian.HO
2284	0.053750287995946874	0.007938507095443907	500060	UkrBel736.HO	Ukrainian.HO
2285	0.05546627585742203	0.012808230106919482	499933	Est358.HO	Estonian.HO
2286	0.04258553732078441	0.01313873623631577	499988	Mordovians17.HO	Mordovian.HO
2287	0.039804440823458465	0.013965063091318331	499878	Mordovians1.HO	Mordovian.HO
2288	-0.018804619017996665	0.03023967743265638	498798	Chuvash22.HO	Chuvash.HO
2289	-0.07082810961731364	-0.00875993028298641	494595	usb6.HO	Uzbek.HO
2290	-0.16033449912233513	0.023089787593072467	498683	altai283p.HO	Altaian.HO
2291	-0.19644474693206745	0.030223228063464485	499637	Tuvinians56.HO	Tuvinian.HO
2292	-0.18981647455364256	0.027120594516849048	500017	Tuvinians54.HO	Tuvinian.HO
2293	-0.12696736719252524	0.09468220870067706	499933	Selkup4.HO	Selkup.HO
2294	0.05581308319880752	0.005406911539652721	499250	bel8s.HO	Belarusian.HO
2295	0.053249292355028614	0.011219879381805993	499718	belarusian23vp.HO	Belarusian.HO
2296	0.055616518626557074	0.011185680639000536	499749	Est400.HO	Estonian.HO
2297	0.038634943084871344	0.01996796260739327	500276	Mordovians22.HO	Mordovian.HO
2298	-0.0052071553292544264	0.026668262626918546	500013	Chuvash26.HO	Chuvash.HO
2299	-0.014906103676309186	0.029279347032357617	499508	Chuvash24.HO	Chuvash.HO
2300	-0.03157266777793493	-0.020005319351086896	498091	usb64.HO	Uzbek.HO
2301	-0.14915585897450825	0.0227613460360473	499368	altai419A.HO	Altaian.HO
2302	-0.1921088265428989	0.024714374848302377	496196	Tuvinians61.HO	Tuvinian.HO
2303	-0.18830865961736165	0.06435134098422436	488250	Dolgan3875.HO	Dolgan.HO
2304	-0.11305887978867415	0.0835449953628681	500189	Selkup21.HO	Selkup.HO
2305	0.05711012458560455	0.01079773365992902	498575	bel23s.HO	Belarusian.HO
2306	0.05889935336441282	0.006805290143548731	499521	belarusian47zp.HO	Belarusian.HO
2307	0.05313654646395836	0.008918581754484555	499538	UkrLv228.HO	Ukrainian.HO
2308	0.05295068453327842	0.01710452012284062	500150	Est397.HO	Estonian.HO
2309	0.03450109312345015	0.015248894367902157	500311	Mordovians32.HO	Mordovian.HO
2310	-0.013824750574030138	0.036430290609829746	499815	Chuvash29.HO	Chuvash.HO
2311	-0.004338039870702808	0.029606395734048566	499801	Chuvash25.HO	Chuvash.HO
2312	-0.030217607704943996	-0.010842965686378808	493014	usb72.HO	Uzbek.HO
2313	-0.1650925718798387	0.034634080632936916	495640	altai409k.HO	Altaian.HO
2314	-0.18238146601681424	0.04038113218422975	498362	Tuvinians85.HO	Tuvinian.HO
2315	-0.17067119113932136	0.062184797508612354	486838	Dolgan3857.HO	Dolgan.HO
2316	-0.1635784330919657	0.09395784030055723	499663	Selkup4a.HO	Selkup.HO
2317	0.05988680563906537	0.011868383171657016	499875	bel82s.HO	Belarusian.HO
2318	0.05646559400523083	0.008185518354345393	498517	UkrBel614.HO	Ukrainian.HO
2319	0.06061853548744624	0.005852192532976472	499803	UkrLv237.HO	Ukrainian.HO
2320	0.05578897434287143	0.01499218056184838	500000	Est394.HO	Estonian.HO
2321	0.041819679906856144	0.01676885034580945	499460	Mordovians5.HO	Mordovian.HO
2322	-0.007510662111073978	0.027649257817044352	500278	Chuvash31.HO	Chuvash.HO
2323	-0.08980733175496296	0.0017437638478444838	499532	usb2.HO	Uzbek.HO
2324	-0.03852453926031963	-0.005824813423603504	499994	usb78.HO	Uzbek.HO
2325	-0.06837676103115632	-0.008527521333125895	499854	usb8.HO	Uzbek.HO
2326	0.013717256139076175	-0.011479832976002972	498058	tdj508_rushan.HO	Tajik.HO
2327	0.0199284512517064	-0.01336809601996012	499856	tdj126_shugnan.HO	Tajik.HO
2328	0.02091239818724384	-0.011129176029518788	499658	tdj868_rushan.HO	Tajik.HO
2329	-0.06304310633867194	-0.004002396811506934	498682	UZB178_turkmen.HO	Turkmen.HO
2330	0.004032012136347362	-0.012505966929203987	500235	tdj252_ishkashim.HO	Tajik.HO
2331	0.019501103740714915	-0.013348677511259694	500022	tdj979_shugnan.HO	Tajik.HO
2332	-0.04609452536298797	-0.0033832913146238873	500069	UZB180_turkmen.HO	Turkmen.HO
2333	0.011271335229442776	-0.024749473456909126	500213	tdj255_ishkashim.HO	Tajik.HO
2334	-0.011648856863932279	-0.01738112716236251	499827	UZB101_turkmen.HO	Turkmen_outlier.HO
2335	0.053326242745024566	-0.03577153693878404	500010	saudi1403.HO	Saudi.HO
2336	0.009653718358220601	-0.012729876246651754	499857	tdj269_ishkashim.HO	Tajik.HO
2337	-0.02657483671262478	-0.009376074801724118	500068	UZB102_turkmen.HO	Turkmen.HO
2338	0.04354291683806614	-0.036680135870522566	489462	Yemenese1529.HO	Yemeni.HO
2339	-0.07675601561947858	-0.0008659109678859656	499513	UZB105_turkmen.HO	Turkmen.HO
2340	0.014345512546080443	-0.009680698209132225	498773	tdj305_shugnan.HO	Tajik.HO
2341	-0.029480328813068994	-0.012401428406387867	499468	UZB111_turkmen.HO	Turkmen.HO
2342	-0.03144423795457722	-0.01817978711519139	499589	UZB150_turkmen.HO	Turkmen.HO
2343	-0.23170775449327277	-0.09083669415479025	499905	NA13597.HO	Atayal.HO
2344	-0.23508814095262429	-0.09267808231274371	499713	NA13605.HO	Atayal.HO
2345	-0.2376333744460219	-0.10692818203630869	499027	NA13613.HO	Ami.HO
2346	0.05978573219111349	0.0009999325706324547	499852	NA15202.HO	Hungarian.HO
2347	0.06156075865985093	0.004816633024967476	499750	NA15725.HO	Czech.HO
2348	0.05664912842798539	0.006012240947496022	499675	NA15733.HO	Czech.HO
2349	0.06442305006738411	0.006261867848347144	499260	NA15762.HO	Icelandic.HO
2350	0.06923405004500603	-0.016895227510094726	499117	NA17373.HO	Greek.HO
2351	-0.16177244536007446	0.0307723987347046	499813	NA11200.HO	Quechua.HO
2352	-0.014359058829803982	-0.043935700108794995	499697	NA21487.HO	Masai.HO
2353	-0.24087561673069058	-0.06491777186120626	499481	ND19394.HO	Korean.HO
2354	-0.2332556355310317	-0.0866032155979516	499887	NA13598.HO	Atayal.HO
2355	-0.23021566013685588	-0.0907044109617523	497376	NA13606.HO	Atayal.HO
2356	-0.23716165723260443	-0.09968187150123427	499800	NA13614.HO	Ami.HO
2357	0.0592207759023378	-0.0005263828162102791	500117	NA15203.HO	Hungarian.HO
2358	0.06404260679879308	0.004798648550464887	499549	NA15726.HO	Czech.HO
2359	0.062295118696843864	0.009800424683539932	499993	NA15755.HO	Icelandic.HO
2360	0.06013969250157601	0.005978490507741157	499323	NA15763.HO	Icelandic.HO
2361	0.06399569602839285	-0.03341877371815124	499880	NA17374.HO	Greek.HO
2362	-0.1495361278394172	0.027458008071374527	497451	NA11201.HO	Quechua_oEuropean.HO
2363	-0.014461379229005308	-0.04843620770461485	499202	NA21490.HO	Masai.HO
2364	-0.24624187510374487	-0.054439714569551864	499917	ND22219.HO	Korean.HO
2365	-0.23555533819103125	-0.09048725980295187	499599	NA13599.HO	Atayal.HO
2366	-0.2370379648015006	-0.09781486698154679	499407	NA13607.HO	Ami.HO
2367	-0.23537100494565655	-0.10184290077072031	499841	NA13615.HO	Ami.HO
2368	0.058530279545473705	0.0022229891500292935	500061	NA15204.HO	Hungarian.HO
2369	0.06099704851431094	0.005931919997644525	499677	NA15727.HO	Czech.HO
2370	0.06272561888468454	0.008241699010086182	499720	NA15756.HO	Icelandic.HO
2371	0.0628846667825576	0.006766297759902768	499498	NA15764.HO	Icelandic.HO
2372	0.057876265359965186	-0.022153575466793772	499823	NA17375.HO	Greek.HO
2373	-0.015805481168399242	-0.04333140733738178	499005	NA21514.HO	Masai.HO
2374	-0.2432447203922051	-0.051844559552051174	499604	NA00726.HO	Korean.HO
2375	-0.23416071932101976	-0.07801871004746092	499123	NA13600.HO	Ignore_Atayal.HO
2376	-0.23592517668303503	-0.09608891465640688	500084	NA13608.HO	Ami.HO
2377	-0.23689664324183224	-0.10334654556526193	499820	NA13616.HO	Ami.HO
2378	0.05998121667648581	0.003112261847807948	499799	NA15205.HO	Hungarian.HO
2379	0.06454034680958232	0.007511797880220455	499256	NA15728.HO	Czech.HO
2380	0.06319209150421144	0.0032888011708139017	499901	NA15757.HO	Icelandic.HO
2381	0.06132673271979627	0.004054452782228423	499453	NA15765.HO	Icelandic.HO
2382	0.06362315516785214	-0.030540323375150114	499687	NA17376.HO	Greek.HO
2383	-0.010095689741843418	-0.04203695374496145	498764	NA21302.HO	Masai.HO
2384	-0.014465091722697014	-0.04268320641608537	496768	NA21581.HO	Masai.HO
2385	-0.23184331137526423	-0.08840373906357155	499570	NA13601.HO	Atayal.HO
2386	-0.2381582667915942	-0.09595625682175599	499717	NA13609.HO	Ami.HO
2387	0.036052032764779786	-0.02326803064980567	499423	NA13626.HO	Adygei.HO
2388	0.06004463047642268	-1.2599137119898688e-05	499719	NA15206.HO	Hungarian.HO
2389	0.06426217651940452	0.003642388827341045	500140	NA15729.HO	Czech.HO
2390	0.06183985236199243	0.007864504273267785	500031	NA15758.HO	Icelandic.HO
2391	0.06212043404984898	0.00521493705486515	499785	NA15766.HO	Icelandic.HO
2392	0.06410370506608347	-0.014290589788987586	500065	NA17377.HO	Greek.HO
2393	-0.016365647087288313	-0.045084426034489256	499240	NA21310.HO	Masai.HO
2394	-0.0159741160412645	-0.04370796502456713	499713	NA21648.HO	Masai.HO
2395	-0.22936784989337897	-0.08910250567045039	499061	NA13602.HO	Atayal.HO
2396	-0.23713181983686624	-0.1017452489339326	499590	NA13610.HO	Ami.HO
2397	0.061710421003004626	0.007422177089456231	499258	NA15199.HO	Hungarian.HO
2398	0.05747510620830938	0.004609015701557828	499892	NA15207.HO	Hungarian.HO
2399	0.060322359400987485	0.0025494246245445266	499987	NA15730.HO	Czech.HO
2400	0.06583056376277444	0.007211195656504054	500081	NA15759.HO	Icelandic.HO
2401	0.06474654526858341	-0.025686444771811923	499442	NA17370.HO	Ignore_Greek.HO
2402	-0.13728850898035344	0.02534576482719428	499506	NA11197.HO	Quechua.HO
2403	-0.014765798680519948	-0.04674214851702052	499521	NA21366.HO	Masai.HO
2404	-0.24514913113034836	-0.05238284346210985	498875	ND13299.HO	Korean.HO
2405	-0.23161315493150472	-0.09229745987918878	499850	NA13603.HO	Atayal.HO
2406	-0.2377765683917019	-0.0988180846056152	499160	NA13611.HO	Ami.HO
2407	0.0597046148898034	0.00417280468961387	499361	NA15200.HO	Hungarian.HO
2408	0.06279435767810464	0.0012796386115930818	499926	NA15208.HO	Hungarian.HO
2409	0.059863646880146934	0.0034785088145155327	499841	NA15731.HO	Czech.HO
2410	0.06312998544303242	0.00876102972954698	499523	NA15760.HO	Icelandic.HO
2411	0.06444402159934677	-0.026125829701324575	499831	NA17371.HO	Ignore_Greek.HO
2412	-0.12426263255808243	0.021511136908310493	499872	NA11198.HO	Quechua.HO
2413	-0.017380011098112647	-0.04780451461301198	499497	NA21425.HO	Masai.HO
2414	-0.2487069419397178	-0.05204657574325072	499705	ND14916.HO	Korean.HO
2415	-0.2349528800605664	-0.09303856370372139	500088	NA13604.HO	Atayal.HO
2416	-0.23672274165874355	-0.09989092869571616	498992	NA13612.HO	Ami.HO
2417	0.06078897373777517	-3.172026553198421e-06	499441	NA15201.HO	Hungarian.HO
2418	0.061697818270813345	0.0010532923542870525	499637	NA15724.HO	Czech.HO
2419	0.06183074144347097	0.00657521522115072	499878	NA15732.HO	Czech.HO
2420	0.059287501865805885	0.006039193953486415	499951	NA15761.HO	Icelandic.HO
2421	0.06281978423979745	-0.012714545122882805	500040	NA17372.HO	Greek.HO
2422	-0.1391187274080714	0.022197858398874434	498615	NA11199.HO	Quechua.HO
2423	-0.0169701427755578	-0.046338329916735976	499690	NA21477.HO	Masai.HO
2424	-0.24329865059343275	-0.05153991690653743	499873	ND15143.HO	Korean.HO
2425	0.06224319712132538	0.0026358204236948757	498837	HG00103.HO	Scottish.HO
2426	0.06078425239610987	0.007165446114257378	499775	HG00104.HO	Scottish.HO
2427	0.0615937851281122	0.00535478966367233	499774	HG00105.HO	Scottish.HO
2428	0.06039184196623006	0.0044047552254282765	500064	HG00106.HO	Scottish.HO
2429	0.06842246916207041	0.0021724638695498643	500053	HG00128.HO	English.HO
2430	0.06390665312800908	0.00788821837940959	499436	HG00129.HO	English.HO
2431	0.06392291983900594	0.0011294853580288639	500120	HG00130.HO	English.HO
2432	0.0641920440724685	0.0011163583588869798	499680	HG00131.HO	English.HO
2433	0.06568693942953797	0.0009160621109195364	500140	HG00233.HO	English.HO
2434	0.06437301632168134	0.0027038940229757815	499812	HG00234.HO	English.HO
2435	0.06746642001969116	0.0040411421120076655	500020	HG00232.HO	English.HO
2436	0.061249145220753066	-0.009303524491333266	499918	HG01500.HO	Spanish.HO
2437	0.06332106038358809	-0.012685451445526214	499872	HG01501.HO	Spanish.HO
2438	0.06719566800617109	-0.004462104640749556	499608	HG01503.HO	Spanish.HO
2439	0.06297003203180151	-0.013906380915553221	500016	HG01504.HO	Spanish.HO
2440	0.06649164827091661	-0.010143859038441942	500054	HG01506.HO	Spanish.HO
2441	0.06364099789334715	-0.008172763388590241	500157	HG01507.HO	Spanish.HO
2442	0.0687289048965642	-0.010840954760673921	499891	HG01509.HO	Spanish.HO
2443	0.06696067573851866	-0.01112895849456539	499638	HG01510.HO	Spanish.HO
2444	0.06786602381712241	-0.005033363949361699	500121	HG01512.HO	Spanish.HO
2445	0.06855772766147868	-0.007872320816703658	499804	HG01513.HO	Spanish.HO
2446	0.06795308211452675	-0.003251669220354835	499541	HG01515.HO	Spanish_North.HO
2447	0.07043105966307378	-0.0036288806903909984	499946	HG01516.HO	Spanish_North.HO
2448	0.06947518364527094	-0.004937637731759485	499660	HG01518.HO	Spanish_North.HO
2449	0.06528194834906104	-0.01125773863042761	499350	HG01524.HO	Spanish.HO
2450	0.06452120451996045	-0.008810925250934423	499506	HG01527.HO	Spanish.HO
2451	0.06442404954975116	-0.008113521429931096	500212	HG01528.HO	Spanish.HO
2452	0.06252909315546629	-0.007538919805479571	500173	HG01530.HO	Spanish.HO
2453	0.06522577589484937	-0.004355558121490857	499860	HG01536.HO	Spanish.HO
2454	0.06788680062879887	-0.007876755320183415	500205	HG01537.HO	Spanish.HO
2455	0.0639554671716166	-0.009988532166302048	499974	HG01605.HO	Spanish.HO
2456	0.06783525048140847	-0.007845991856006955	499836	HG01606.HO	Spanish.HO
2457	0.06503270521355771	-0.011412521499872607	499529	HG01607.HO	Spanish.HO
2458	0.06275956844849967	-0.01184565645361701	500106	HG01608.HO	Spanish.HO
2459	0.06587953623067633	-0.009028861689179567	500055	HG01613.HO	Spanish.HO
2460	0.06511439821698932	-0.011050944106384108	500246	HG01615.HO	Spanish.HO
2461	0.061712958893283126	-0.012364139850009023	500270	HG01617.HO	Spanish.HO
2462	0.05969396465916565	-0.007990996364461274	500103	HG01618.HO	Spanish.HO
2463	0.06892949607689944	-0.012830944212203817	500306	HG01619.HO	Spanish.HO
2464	0.0638040099563983	-0.007384289639479553	500301	HG01620.HO	Spanish.HO
2465	0.06571384179615296	-0.00868920944421073	500145	HG01623.HO	Spanish.HO
2466	0.06368152538535378	-0.011776302753550606	500083	HG01624.HO	Spanish.HO
2467	0.06668626017263968	-0.007880525664117871	500044	HG01625.HO	Spanish.HO
2468	0.06105331744305057	-0.014796825273746308	499961	HG01626.HO	Spanish.HO
2469	0.060720925364400644	-0.015170274802175608	499793	HG01630.HO	Ignore_Spanish.HO
2470	0.03330725812477202	0.03265650462918947	499591	HG00171.HO	Finnish.HO
2471	0.04452167846668742	0.017015571932765906	500061	HG00174.HO	Finnish.HO
2472	0.04246037817405128	0.017534223788870193	500226	HG00190.HO	Finnish.HO
2473	0.03959419256715924	0.020987521989990765	500158	HG00266.HO	Finnish.HO
2474	0.06173612110467254	-0.0005784237498514538	500155	HG00231.HO	English.HO
2475	0.03502376097058249	0.02118351575720569	499944	HG00183.HO	Finnish.HO
2476	0.06877556982221468	0.002304160975855952	500210	HG00126.HO	English.HO
2477	0.03884958386096879	0.024596913896005258	500070	HG00173.HO	Finnish.HO
2478	0.0420431259606935	0.013936085267525235	499957	HG00181.HO	FIN_o.HO
2479	0.03549964013543089	0.028500452408645936	500061	HG00182.HO	Finnish.HO
2480	0.06655117940851779	-0.01010832236207456	499894	HG01747.HO	Spanish.HO
2481	0.0666285669240428	-0.010507046982703851	499962	HG01746.HO	Spanish.HO
2482	0.06567107066434547	-0.007492567696259181	499683	HG01675.HO	Spanish.HO
2483	0.0661304497568302	-0.009801109227071442	500167	HG01680.HO	Spanish.HO
2484	0.06744757148637144	-0.006850403125648767	500348	HG01682.HO	Spanish.HO
2485	0.06547576889334208	-0.0018176860969313538	500249	HG01700.HO	Spanish_North.HO
2486	0.06697580465394551	-0.006551454354842276	500000	HG01679.HO	Spanish.HO
2487	0.06951200367217766	-0.0029609978178293385	500177	HG01702.HO	Spanish_North.HO
2488	0.06927596215029934	-0.008301087002917637	500115	HG01676.HO	Spanish.HO
2489	0.06550170937864971	-0.006866092178853956	500216	HG01684.HO	Spanish.HO
2490	0.06495386121297454	-0.008405715651517667	500163	HG01705.HO	Spanish.HO
2491	0.06374211835362613	-0.012337717221840728	499979	HG01707.HO	Spanish.HO
2492	0.0655200379304645	-0.010931256820264496	500007	HG01685.HO	Spanish.HO
2493	0.06529686109484985	-0.005389848289572054	499993	HG01686.HO	Spanish.HO
2494	0.061840482528219096	-0.013247069146695791	499675	HG01704.HO	Spanish.HO
2495	0.0670351066119104	-0.010204222831852789	500185	HG01673.HO	Spanish.HO
2496	0.05845736260131931	-0.013194297367588996	500119	HG01695.HO	IBS_CanaryIslands.HO
2497	0.06384461748197713	-0.011362578843264541	500164	HG01694.HO	IBS_CanaryIslands.HO
2498	0.07022117987283873	-0.010984087004138303	500348	HG01761.HO	Spanish.HO
2499	0.06448111380573084	-0.008478926553876089	500098	HG01770.HO	Spanish.HO
2500	0.06932380196463556	-0.002456573263402117	499977	HG01762.HO	Spanish.HO
2501	0.06646437831106235	-0.005824468730529994	500099	HG01773.HO	Spanish.HO
2502	-0.22918045761302897	-0.09254248417003705	500285	HG01842.HO	Kinh.HO
2503	-0.2271801807779864	-0.08693912642696033	500272	HG01844.HO	Kinh.HO
2504	-0.22815584468824324	-0.09444199251512321	500132	HG01846.HO	Kinh.HO
2505	-0.23427912356583006	-0.09277585829312827	500105	HG01600.HO	Kinh.HO
2506	-0.22868004977915224	-0.09269550453728957	482909	HG01595.HO	Kinh.HO
2507	-0.2290733371121308	-0.08774368188898321	500170	HG01596.HO	Kinh.HO
2508	-0.23332439361092627	-0.09100571798020451	500123	HG01597.HO	Kinh.HO
2509	-0.23198532667376992	-0.08928836094778823	500108	HG01598.HO	Kinh.HO
2510	0.06456591514534352	-0.008865519129302573	499920	HG02220.HO	Spanish.HO
2511	0.06934543325672426	-0.00804463616167098	500164	HG02238.HO	Spanish.HO
2512	0.06403870617012311	-0.010027936233046863	500241	HG01678.HO	Spanish.HO
2513	0.06434645446046224	-0.013164165051290847	500221	HG01699.HO	Spanish.HO
2514	0.06269612618862268	-0.010651065247704147	500198	HG01697.HO	Spanish.HO
2515	-0.04149465321699595	-0.04490548405706234	500222	HG02687.HO	Punjabi.HO
2516	-0.01920150296337952	-0.0404139449805258	500184	HG02491.HO	Punjabi.HO
2517	-0.04182853469934294	-0.04961882915853805	500289	HG02783.HO	Punjabi.HO
2518	-0.04104384275360738	-0.045744531472378475	499619	HG02688.HO	Punjabi.HO
2519	-0.04337879060077451	-0.040538081639989725	500180	HG02724.HO	Punjabi.HO
2520	-0.030538769941626125	-0.04815000044360797	500055	NA19027.HO	Luhya.HO
2521	-0.03183557700373339	-0.04546825753838753	499886	NA19044.HO	Luhya.HO
2522	-0.0343318350226656	-0.047523747047108655	500120	NA20847.HO	GujaratiD.HO
2523	-0.021380081548035355	-0.038232121071591615	500146	NA20854.HO	GujaratiB.HO
2524	-0.009232911777297067	-0.029918739046303763	500304	NA20881.HO	GIH_o.HO
2525	-0.01735939745574706	-0.034930699832948865	499998	NA20882.HO	GujaratiB.HO
2526	-0.03229081266145606	-0.04522545234371785	500200	NA20899.HO	GujaratiD.HO
2527	-0.008380491355456975	-0.027141179162609226	500179	NA20910.HO	GujaratiA.HO
2528	-0.03515957668541981	-0.042552750098415956	500164	NA21125.HO	GujaratiD.HO
2529	-0.004651032901293127	-0.03050606571846457	500074	NA20858.HO	GujaratiA.HO
2530	-0.024085487042453446	-0.03913322034418896	499959	NA20866.HO	GujaratiC.HO
2531	-0.02071573913545932	-0.0360132933103551	500158	NA20873.HO	GujaratiB.HO
2532	-0.02656886838479834	-0.03746733528533489	500201	NA20883.HO	GujaratiC.HO
2533	-0.019922507129206634	-0.037885394292075665	500178	NA20885.HO	GujaratiB.HO
2534	-0.01415836052250946	-0.035192368085565987	500288	NA20898.HO	GujaratiB.HO
2535	-0.026002698883769982	-0.04052435496923528	500206	NA20903.HO	GujaratiC.HO
2536	-0.006616577080747512	-0.03114261512207977	500102	NA20904.HO	GujaratiA.HO
2537	-0.03634178468700378	-0.045551738028533205	500159	NA20911.HO	GujaratiD.HO
2538	-0.03339636977397608	-0.041784583847768626	500149	NA21116.HO	GujaratiC.HO
2539	-0.03255034118999704	-0.039294908066814405	500279	NA21123.HO	GujaratiD.HO
2540	-0.026342368742526108	-0.04253520895950106	500125	NA21097.HO	GujaratiC.HO
2541	-0.008782112746971266	-0.028466011899846985	500202	NA20862.HO	GujaratiA.HO
2542	-0.027432023818349954	-0.04589416793898347	499573	NA19020.HO	Luhya.HO
2543	0.06593596379531025	0.006019856579084479	500211	HG00160.HO	English.HO
2544	-0.05920040367081119	-0.04178348017164407	500003	HG03007.HO	BEB.HO
2545	-0.05814790371466849	-0.047386115018538476	500319	HG03006.HO	BEB.HO
2546	-0.05810056565024964	-0.04658131991795545	500251	HG03793.HO	BEB.HO
2547	-0.03136769275890992	-0.04581078169576475	499945	HG02571.HO	Gambian.HO
2548	-0.03476516225985669	-0.04679850864729987	499734	HG03085.HO	Mende.HO
2549	-0.03316002200933288	-0.04731743932634192	499649	HG03100.HO	Esan.HO
2550	-0.025460594781067068	-0.044253796732912375	499747	HG02574.HO	Gambian.HO
2551	-0.032478531911250566	-0.04454298758961487	499859	HG02464.HO	Gambian.HO
2552	-0.03318552901987609	-0.04668208609121041	499761	HG02943.HO	Esan.HO
2553	-0.03381892331497534	-0.04400082711380202	498239	HG02922.HO	Esan.HO
2554	-0.032298954360532206	-0.049595436485340545	499219	HG02974.HO	Esan.HO
2555	-0.033993604515645544	-0.04681417504449305	497705	HG03109.HO	Esan.HO
2556	-0.029680347828301354	-0.046826991373358856	498586	HG02573.HO	Gambian.HO
2557	-0.0341735528417878	-0.046400175157056606	499628	HG02923.HO	Esan.HO
2558	-0.03048217576674668	-0.047669474779271075	498786	HG03078.HO	Mende.HO
2559	-0.033245515020549433	-0.04893534398363592	499216	HG03097.HO	Mende.HO
2560	-0.03282853742715894	-0.04643745019261004	499458	HG03057.HO	Mende.HO
2561	-0.032753522883582215	-0.047369242140734194	499472	HG03099.HO	Esan.HO
2562	-0.030361927889236834	-0.044802868744201196	499526	HG03108.HO	Esan.HO
2563	-0.033509205894972305	-0.04662485518531514	499275	HG02570.HO	Gambian.HO
2564	-0.0313283375391661	-0.04743777550048382	498832	HG03052.HO	Mende.HO
2565	-0.03180679460665046	-0.046363163913119156	498068	HG03076.HO	Mende.HO
2566	-0.03424163834142523	-0.04762753701345059	497265	NA19023.HO	Luhya.HO
2567	-0.029139763297356795	-0.04571501636387022	499034	NA19024.HO	Luhya.HO
2568	-0.03269736864622883	-0.046313520528044966	498456	NA19017.HO	Luhya.HO
2569	-0.031736633537671456	-0.04939289523815761	499124	HG02465.HO	Gambian.HO
2570	-0.03184742309663058	-0.04829186792933716	499495	NA19019.HO	Luhya.HO
2571	-0.03035345328441587	-0.044627700638136925	499879	NA19026.HO	Luhya.HO
2572	-0.043356349779149775	-0.04356148185124372	500100	HG02790.HO	Punjabi.HO
2573	-0.027163193635745368	-0.03873173002159228	499717	HG02601.HO	Punjabi.HO
2574	-0.03320480961295862	-0.037201636383807246	499667	HG02600.HO	Punjabi.HO
2575	-0.03313977747950111	-0.047312884248393534	499178	HG03072.HO	Mende.HO
2576	-0.034430961075176576	-0.045689367052850545	499408	HG03069.HO	Mende.HO
2577	-0.06184144666637791	-0.047350099598580574	498681	HG03589.HO	BEB.HO
2578	-0.05802999069305246	-0.04504043837472781	499574	HG03009.HO	BEB.HO
2579	-0.0635149574503495	-0.04413524064870507	500238	HG03585.HO	BEB.HO
2580	-0.06343982238362626	-0.04438375651409682	499900	HG03012.HO	BEB.HO
2581	-0.03320640521063588	-0.049662367602621174	499161	Ayodo_430C.HO	Luo.HO
2582	-0.019372929050776335	-0.04092180440084862	434792	Ayodo_468C.HO	Ignore_Luo.HO
2583	-0.030581769534156093	-0.0473165592441989	497265	Ayodo_460C.HO	Luo.HO
2584	-0.032008280280012825	-0.047628936130741754	499937	Ayodo_412C.HO	Luo.HO
2585	-0.031582302089829886	-0.04909244530569192	498792	Ayodo_502C.HO	Luo.HO
2586	-0.029180758914935725	-0.049514126742956584	499565	Ayodo_438C.HO	Luo.HO
2587	-0.03002493286158238	-0.046340115912834344	498164	Ayodo_604C.HO	Luo.HO
2588	-0.031891624528329734	-0.045049125763889176	499813	Ayodo_423C.HO	Luo.HO
2589	-0.03195824526918262	-0.04749194160539653	498724	Ayodo_458C.HO	Luo.HO
2590	-0.08709234206710988	-0.04641607382979931	459251	Ayodo_36M.HO	Ignore_Masai.HO
2591	0.003207921202076303	-0.045883170817040124	499519	Ayodo_43S.HO	Somali.HO
2592	0.0017581371222762244	-0.04028182249092944	499851	Ayodo_81S.HO	Somali.HO
2593	0.002832212734982682	-0.039920205420160414	499246	Ayodo_52S.HO	Somali.HO
2594	0.0022389786561712215	-0.044958287387748076	499348	Ayodo_61S.HO	Somali.HO
2595	-0.0003823079712831462	-0.04616618041465614	499663	Ayodo_41S.HO	Somali.HO
2596	0.001350710577413911	-0.045550128059908594	499362	Ayodo_40S.HO	Somali.HO
2597	0.0014797736699285484	-0.042002519002773325	498823	Ayodo_34S.HO	Somali.HO
2598	0.0035287899383928964	-0.04236130260830713	499284	Ayodo_35S.HO	Somali.HO
2599	0.0031783988283061383	-0.0408092768112816	499763	Ayodo_5S.HO	Somali.HO
2600	-0.01914101378399106	-0.021493778275451687	499921	IHW9192(NON,L).HO	Ignore_Australian.HO
2601	-0.11787141991875194	-0.04653196215288428	499526	IHW9195(WON,C).HO	Australian.HO
2602	-0.11885195125891683	-0.049427110206795494	499397	IHW9193(WON,M).HO	Australian.HO
2603	-0.08469806777902207	-0.043183062047404526	500016	IHW9194(WON,I).HO	Ignore_Australian.HO
2604	-0.020631277772178932	-0.021734525488679872	500098	IHW9196(HAY,KJ).HO	Ignore_Australian.HO
2605	-0.030179421603850738	-0.025486117975639117	499688	IHW9117(IHL,AD031).HO	Ignore_Australian.HO
2606	-0.19869532718769697	-0.08524156542687272	499823	CHI007.HO	Thai.HO
2607	-0.22449094008578407	-0.09057031581565465	499991	CHI034.HO	Thai.HO
2608	-0.1852491974906838	-0.07273191595933248	499369	DCH002.HO	Thai.HO
2609	-0.18566262568105973	-0.0831987859752106	499973	DCH006.HO	Thai.HO
2610	-0.21645660351962673	-0.08403166086842655	499998	DCH007.HO	Thai.HO
2611	-0.18503473177620683	-0.08572658656719247	499666	DCH008.HO	Thai.HO
2612	-0.20749471116530246	-0.08302933763793022	500145	DCH009.HO	Thai.HO
2613	-0.18721589999400737	-0.07487229322638152	499588	DCH010.HO	Thai.HO
2614	-0.188915609412359	-0.07899039760193709	500121	DCH011.HO	Thai.HO
2615	-0.19297009969910203	-0.08324822306019072	499985	DCH012.HO	Thai.HO
2616	-0.1593751630431769	0.030660695567653357	499413	Zapo0046.HO	Zapotec.HO
2617	-0.15625158572384745	0.02623246693060221	499954	Zapo0097.HO	Zapotec.HO
2618	-0.16148854639458474	0.02664922895381532	498681	Zapo0059.HO	Zapotec.HO
2619	-0.16098683814132903	0.030303284022444144	500127	Zapo0091.HO	Zapotec.HO
2620	-0.15809472072293607	0.02705681367336348	499885	Zapo0082.HO	Zapotec.HO
2621	-0.16177321620327692	0.030010568098937488	499672	Zapo0083.HO	Zapotec.HO
2622	-0.1542721556710973	0.02891766937518386	499958	Zapo0095.HO	Zapotec.HO
2623	-0.1535984498387704	0.028097282372492056	493870	Zapo0076.HO	Zapotec.HO
2624	-0.15528803894063792	0.024664114096471127	500066	Zapo0072.HO	Zapotec.HO
2625	-0.15671474409344988	0.02666233797463009	499911	Zapo0064.HO	Zapotec.HO
2626	-0.16089146006606517	0.026707478326617778	499863	Mixa0016.HO	Mixtec.HO
2627	-0.16026791672945565	0.03285363751480288	500067	Mixa0001.HO	Mixtec.HO
2628	-0.16075192234068977	0.02804206059645673	500048	Mixa0061.HO	Mixtec.HO
2629	-0.16150829149239032	0.029723193315453107	499353	Mixa0049.HO	Mixtec.HO
2630	-0.14411903145351215	0.026285137152714595	499839	Mixa0002.HO	Mixtec.HO
2631	-0.15948153560081132	0.02998407511290014	499972	Mixa0018.HO	Mixtec.HO
2632	-0.15670401231468872	0.025604381175531727	500087	Mixa0024.HO	Mixtec.HO
2633	-0.15600834587744947	0.030460560908580188	500014	Mixa0078.HO	Mixtec.HO
2634	-0.14878015237538955	0.028691383183696514	500132	Mixa0087.HO	Mixtec.HO
2635	-0.15576373643640454	0.02443596182725808	499954	Mixa0093.HO	Mixtec.HO
2636	0.051095576511536234	-0.032047369236174	480911	IranianJew1560.HO	Ignore_Jew_Iranian.HO
2637	0.056690104191071136	-0.029195213153835855	489272	LibyanJew1438.HO	Jew_Libyan.HO
2638	-0.009791453288975535	-0.048494095420206586	491813	GOR063.HO	Datog.HO
2639	0.05995304420158932	-0.019751978333286072	488410	Malta4AM91.HO	Maltese.HO
2640	0.06454801191148316	-0.019582592038679344	490102	Malta8AM91.HO	Maltese.HO
2641	-0.14903807057247442	0.025887601145922545	493016	Bolivian41.HO	Bolivian.HO
2642	-0.23567962692663633	0.01703807287478696	494429	Ul56.HO	Ulchi.HO
2643	-0.16006508626856877	-0.049559460959495476	494876	Kusunda10.HO	Kusunda.HO
2644	0.043172495584684514	-0.039338630994635075	494189	Tunisian200000.HO	Tunisian.HO
2645	0.06354205797756217	0.0002066563394431827	496114	CRO53.HO	Croatian.HO
2646	0.05716890151042528	-0.023321192706862115	496158	AshkenaziJew5779.HO	Jew_Ashkenazi.HO
2647	0.05362141632287808	-0.03158595952907877	496420	SephardiJewTurkey6051.HO	Ignore_Jew_Turkish.HO
2648	0.057236398613992615	-0.021010578972931748	496553	SephardiJewTurkey4955.HO	Jew_Turkish.HO
2649	-0.0351581130659357	-0.046915128822512184	496713	SA047.HO	Khomani.HO
2650	0.05990665237853988	0.006488645773329499	497346	NOR119.HO	Norwegian.HO
2651	0.04001867315503636	-0.02357394001782035	498232	Balikesir16558.HO	Ignore_Turkish.HO
2652	-0.1679110290253056	-0.051695153952356396	497228	Kusunda05.HO	Kusunda.HO
2653	0.06018647180806936	0.004505801600654138	497477	NOR124.HO	Norwegian.HO
2654	0.06669911576923403	-0.00463629109956901	497684	CRO103.HO	Croatian.HO
2655	-0.1519448870913056	-0.051679425773166414	497680	Kusunda11.HO	Kusunda.HO
2656	-0.2412449772851435	0.03819879163957082	497588	Ul55.HO	Ulchi.HO
2657	0.06406459279845882	-0.0016827616320622798	497700	CRO107.HO	Croatian.HO
2658	0.06056022811235046	-0.025025696749968403	497545	TunisianJew1421.HO	Jew_Tunisian.HO
2659	0.05784759986375089	-0.0234802231450434	497868	SephardiJewTurkey5877.HO	Jew_Turkish.HO
2660	-0.13859766929100456	-0.05288074728245182	497916	Kusunda01.HO	Kusunda.HO
2661	-0.19796390215872636	0.06574232192395651	497846	Sir50.HO	Chukchi1.HO
2662	0.05962300762127793	-0.017296776675727953	497888	TP08.HO	Sicilian.HO
2663	-0.21542344882407916	0.06634494902298071	497937	Ckrd13.HO	Yukagir_Tundra.HO
2664	-0.034774338043284274	-0.045299350746046865	497907	SA016.HO	Khomani.HO
2665	0.06597414770805374	-0.013932528221427484	497424	GREEKGRALPOP18.HO	Greek.HO
2666	-0.008947593624415974	-0.04652465501164101	497988	GOR067.HO	Datog.HO
2667	0.01606829450439294	-0.039019092643033784	498233	EthiopianJew1818.HO	Ethiopia_BetaIsrael.HO
2668	0.05781393967410464	-0.02073482462544572	498272	AshkenaziJew5782.HO	Jew_Ashkenazi.HO
2669	-0.18500292875716162	-0.05305705473643759	498279	Kusunda03.HO	Kusunda.HO
2670	-0.030972742853294623	-0.04759254064335261	498095	SA018.HO	Khomani.HO
2671	-0.17460763028603096	-0.0504600404540564	498369	Kusunda04.HO	Kusunda.HO
2672	0.06495395371331658	-0.025340190196199385	498216	BEL57.HO	Italian_South.HO
2673	-0.19345492418498111	0.0544236027758522	498316	Sir43.HO	Eskimo_ChaplinSireniki.HO
2674	0.0354214750714579	-0.033068103464159115	497580	Algerian43A22.HO	Algerian.HO
2675	-0.2431840739497388	0.026455529243138296	498216	Ul16.HO	Ulchi.HO
2676	0.0697389658824317	-0.0038244404099425024	497310	BAS35.HO	Basque.HO
2677	0.03303024491215846	-0.03475073863612165	498694	Egypt8BA65.HO	Ignore_Egyptian.HO
2678	-0.24154207957283252	0.031088066884603062	498437	Ul69.HO	Ulchi.HO
2679	-0.17579728904741299	0.04670912894424081	498454	Kor31.HO	Ignore_Koryak.HO
2680	-0.19622991976858306	0.05904715529437754	498451	Esk22.HO	Eskimo_ChaplinSireniki.HO
2681	0.06073679863672315	-0.021421576124431345	498548	SR23.HO	Sicilian.HO
2682	-0.18618839718900335	0.05921241229789547	498434	Kor33.HO	Ignore_Koryak.HO
2683	-0.24136419098329104	0.014988368661770534	498550	Ul1.HO	Ulchi.HO
2684	-0.20705850519169616	0.06086332716222342	498616	Kor2.HO	Koryak.HO
2685	-0.20529666418621714	0.061182756829858055	498558	Kor22.HO	Koryak.HO
2686	0.0598251602533261	-5.8020953950153446e-05	498586	CRO47.HO	Croatian.HO
2687	0.059575524848440406	0.0077128656089388795	498700	NOR106.HO	Norwegian.HO
2688	0.06456537447240913	0.003827477021919792	498797	CRO41.HO	Croatian.HO
2689	-0.19229543019873085	-0.05559512880789097	498747	Kusunda07.HO	Kusunda.HO
2690	0.06371108225807609	-0.017843863311305275	497884	Malta7AM91.HO	Maltese.HO
2691	0.06210989248610617	-0.025446292712909945	498810	SephardiJewTurkey4953.HO	Jew_Turkish.HO
2692	0.062132112568543015	-0.02590245161566052	498574	SephardiJewTurkey6077.HO	Jew_Turkish.HO
2693	0.057075041324674586	0.004139613117448561	498787	NOR101.HO	Norwegian.HO
2694	0.05784414247810493	-0.023896495441620483	498756	SephardiJewTurkey5832.HO	Jew_Turkish.HO
2695	0.05578890390760781	-0.03491922186187843	498796	YemeniteJew4684.HO	Jew_Yemenite.HO
2696	-0.15580698822858388	-0.05118602909616935	498879	Kusunda02.HO	Kusunda.HO
2697	-0.2064384211303988	0.061110985860925685	498841	Kor60.HO	Itelmen.HO
2698	0.061458127693224035	-0.021667900939126426	498967	TP05.HO	Sicilian.HO
2699	0.03957760502177124	-0.02788585169410992	498734	Kayseri24392.HO	Turkish.HO
2700	0.04330982202851778	-0.037421403520766075	498376	Egypt17AQ176.HO	Egyptian.HO
2701	0.0534130815305731	-0.04216446005849698	498913	YemeniteJew4695.HO	Jew_Yemenite.HO
2702	0.0641396606730612	-0.020932139556994328	498900	SR60.HO	Sicilian.HO
2703	0.04204807143639195	-0.03579242004441413	498561	Egypt19AQ172.HO	Ignore_Egyptian.HO
2704	-0.20108998588189028	0.05786030713249941	498949	Kor62.HO	Itelmen.HO
2705	0.05961974332756158	0.008677806074942746	498970	NOR146.HO	Norwegian.HO
2706	-0.2378616916136819	0.05936493492077537	499017	Ul36.HO	Ulchi.HO
2707	-0.01045715700803543	-0.045239090670430894	498900	GOR049.HO	Datog.HO
2708	-0.16855971698013741	-0.04976014014709201	499018	Kusunda15.HO	Kusunda.HO
2709	-0.19033402653917184	0.05335012433753882	499088	Nesk8.HO	Eskimo_Naukan.HO
2710	0.06560982236939077	-0.02264108704810524	499207	TP06.HO	Sicilian.HO
2711	0.05021036973578109	-0.007223310939533214	499186	AshkenaziJew5780.HO	Ignore_Jew_Ashkenazi.HO
2712	0.06095989882670325	0.00559839321032385	499172	NOR108.HO	Norwegian.HO
2713	-0.19944054109319873	0.06449826398110382	499072	Sir41.HO	Chukchi1.HO
2714	-0.22743990870581132	0.0840181929908025	499117	Ckrd18.HO	Yukagir_Tundra.HO
2715	0.055654249918186904	-0.005580266652360179	499131	CRO66.HO	Croatian.HO
2716	0.051366157768991325	-0.03373252327572366	498989	IranianJew1409.HO	Jew_Iranian.HO
2717	0.06069501081684244	0.0023473646169234084	499105	NOR126.HO	Norwegian.HO
2718	0.05968167856842312	-0.023129809385448168	499141	SephardiJewTurkey5075.HO	Jew_Turkish.HO
2719	-0.2025659423969954	0.06078371983170991	499141	Kor76.HO	Itelmen.HO
2720	-0.16944008743424832	0.03171436617489613	498983	Bolivian39.HO	Bolivian.HO
2721	0.06361303060058486	-0.015636155711324536	498901	GREEKGRALPOP13.HO	Greek.HO
2722	0.0616690519127486	-0.023362422318768988	499249	TP07.HO	Sicilian.HO
2723	0.07245586284250202	0.0016108347754925096	498924	BAS31.HO	Basque.HO
2724	0.06429031071040729	-0.00803096378071535	498407	ALB191.HO	Albanian.HO
2725	0.062436965533208356	-0.015973456336061006	498849	GREEKGRALPOP15.HO	Greek.HO
2726	0.06036892316317566	-0.023877943906904432	499294	SephardiJewTurkey4950.HO	Jew_Turkish.HO
2727	0.058817916432989586	0.007528964679720328	499288	NOR107.HO	Norwegian.HO
2728	0.061922703935987915	-0.026119934533233677	499340	SephardiJewTurkey5033.HO	Jew_Turkish.HO
2729	-0.24185432959653244	0.02569319289250581	499251	Ul25.HO	Ulchi.HO
2730	0.01297155021947406	-0.045791664781309346	499320	EthiopianJew4690.HO	Ethiopia_BetaIsrael.HO
2731	0.06069942804935393	-0.02051219462054957	498922	GREEKGRALPOP5.HO	Greek.HO
2732	-0.18562118875742833	0.013507368950386124	499431	Ul60.HO	Ignore_Ulchi.HO
2733	0.04875774446360868	-0.036735850081968974	499384	YemeniteJew4675.HO	Jew_Yemenite.HO
2734	0.06305710029321986	-0.0008036442231302352	499410	CRO153.HO	Croatian.HO
2735	0.06704522937858812	0.0073479545541690165	499334	NOR109.HO	Norwegian.HO
2736	0.012666943563246168	-0.0468683848164138	499229	EthiopianJew1574.HO	Ethiopia_BetaIsrael.HO
2737	0.06404833227014689	-0.002720386057476457	498988	SouthFrench3326.HO	French.HO
2738	0.062063985030771616	-0.014291767652620095	499037	GREEKGRALPOP9.HO	Greek.HO
2739	-0.08256809726015094	0.06594682404926482	499450	Mansi48.HO	Mansi.HO
2740	0.06428665756307157	-0.01641559474313354	499466	TP04.HO	Sicilian.HO
2741	0.06244272300578743	-0.003779292639787359	499529	CRO31.HO	Croatian.HO
2742	-0.207503009441915	0.061941559540974765	499445	Kor35.HO	Koryak.HO
2743	-0.15491768163700506	0.023173872094672178	499249	Bolivian62.HO	Bolivian.HO
2744	0.05874630968343755	-0.02575144378740942	499450	TP25.HO	Sicilian.HO
2745	0.06549921035693197	-0.016725112965082733	499228	GREEKGRALPOP4.HO	Greek.HO
2746	0.057102085441244614	-0.02586985535887998	499415	LibyanJew1601.HO	Jew_Libyan.HO
2747	0.013139036463543839	-0.04215865601213674	499447	EthiopianJew1804.HO	Ethiopia_BetaIsrael.HO
2748	0.05886451341386964	-0.029067713425085316	499444	MoroccanJew5134.HO	Ignore_Jew_Moroccan.HO
2749	0.045623160122251094	-0.03581518296088223	499261	Egypt20AQ172.HO	Ignore_Egyptian.HO
2750	0.061466746761259794	-0.0009666984060498313	499513	CRO93.HO	Croatian.HO
2751	0.05811206206812992	-0.02105437702107666	498854	Malta17AM91.HO	Maltese.HO
2752	-0.24168025256374234	0.030636726006127726	499530	Ul52.HO	Ulchi.HO
2753	-0.02322517730827238	-0.04315020662220339	499497	KuchinJew30052.HO	Jew_Cochin.HO
2754	0.06807886110359089	-9.351189975495291e-05	499308	SouthFrench3947.HO	French.HO
2755	0.06607943014691574	-0.004775410029312271	499117	SouthFrench1323.HO	French.HO
2756	0.05735316444109319	-0.021666062063669934	499595	SR48R.HO	Sicilian.HO
2757	0.02173949014690757	-0.013342242936532373	499409	Balikesir16675.HO	Turkish_Balikesir.HO
2758	0.05490054787182496	-0.04141632662765745	499611	YemeniteJew4938.HO	Jew_Yemenite.HO
2759	0.063116601451242	-0.02024964452352076	499533	SR44.HO	Sicilian.HO
2760	-0.20337457400722192	0.05838910500142593	499627	Kor78.HO	Itelmen.HO
2761	0.04352254396046819	-0.03333490388121505	499379	Egypt15AQ172.HO	Egyptian.HO
2762	0.06344599270351906	-0.02149329329253579	499568	SR64.HO	Sicilian.HO
2763	0.05848205716885653	0.008785691152742569	499594	NOR148.HO	Norwegian.HO
2764	-0.1900373142231929	-0.05315635273475886	499636	Kusunda12.HO	Kusunda.HO
2765	0.06194355054625723	-0.03310011866006752	499596	IraqiJew4061.HO	Jew_Iraqi.HO
2766	0.062415768708477704	-0.029296819945411313	499056	CYP19.HO	Cypriot.HO
2767	0.06370573348697361	-0.002111502539054123	499748	CRO48.HO	Croatian.HO
2768	0.06379570314861976	-0.01381409403234564	499426	GREEKGRALPOP17.HO	Greek.HO
2769	-0.24217621090186656	0.03575441126845874	499593	Ul70.HO	Ulchi.HO
2770	0.03846485423737497	-0.029146579308052926	499331	Algerian43A21.HO	Algerian.HO
2771	0.046801353824215894	-0.03452731471638133	499327	Egypt3AQ172.HO	Egyptian.HO
2772	0.06215719063167259	-0.016108001360364325	499259	ALB213.HO	Albanian.HO
2773	0.03185300710964777	-0.01726539996465287	499367	Turkish7BA57.HO	Turkish.HO
2774	0.06854652942919445	-0.006360079830546878	499075	BAS22.HO	Basque.HO
2775	0.041967355568294215	-0.03480895468744334	499309	Tunisian20C1.HO	Tunisian.HO
2776	0.06377302176721059	-0.011602506296655324	499442	GREEKGRALPOP16.HO	Greek.HO
2777	-0.1307383044733794	0.02375876875289093	499486	Bolivian72.HO	Bolivian.HO
2778	0.05575458376358717	-0.028945965306348128	499577	LibyanJew1104.HO	Jew_Libyan.HO
2779	0.018912009291493306	-0.019741983156012395	499574	Balikesir16790.HO	Turkish_Balikesir.HO
2780	0.06761063293071432	0.005093491850001685	499805	NOR111.HO	Norwegian.HO
2781	0.06748689396690472	-0.007207006593607947	499367	SouthFrench3951.HO	French.HO
2782	-0.16549291633547972	0.030136557527207685	499464	Bolivian46.HO	Bolivian.HO
2783	0.07058364516419219	-0.005967757620811006	499172	BAS25.HO	Basque.HO
2784	0.07576071984877088	-0.003964419658202332	499415	BAS32.HO	Basque.HO
2785	0.064888602951331	-0.014453698159559263	499281	GREEKGRALPOP11.HO	Greek.HO
2786	0.03766560017832274	-0.035251327664782305	499405	SAH27.HO	Saharawi.HO
2787	0.03909674945365767	-0.03156574587137386	499511	Tunisian20F4.HO	Tunisian.HO
2788	0.058259913342363426	-0.015004458198927073	499375	GREEKGRALPOP10.HO	Greek.HO
2789	-0.1341918847022856	0.02454898963236032	499617	Bolivian71.HO	Bolivian.HO
2790	0.00954737543078971	-0.04459622130903244	499769	EthiopianJew1822.HO	Ethiopia_BetaIsrael.HO
2791	0.05401420141352208	-0.032824723639754194	499668	IraqiJew1524.HO	Ignore_Jew_Iraqi.HO
2792	0.05981711103535116	-0.023340165970159418	499440	Malta2AM91.HO	Maltese.HO
2793	0.06153070155607939	-0.01223231623011794	499620	GREEKGRALPOP3.HO	Greek.HO
2794	0.059016294008176894	-0.022318531265284283	499593	Malta16AM91.HO	Maltese.HO
2795	0.06530314332762609	-0.012113874012632057	499596	GREEKGRALPOP8.HO	Greek.HO
2796	0.054314561807264204	-0.03232355736346231	499801	IranianJew1132.HO	Jew_Iranian.HO
2797	0.0573508914359754	-0.024620658943596854	499791	MoroccanJew5126.HO	Jew_Moroccan.HO
2798	0.030773495194369276	-0.01352538735692578	499645	Turkish8BA62.HO	Turkish.HO
2799	0.057005470341457275	-0.03018084201837035	499800	LibyanJew1462.HO	Jew_Libyan.HO
2800	0.060426950003383356	-0.027530250240558773	499533	CYP5.HO	Cypriot.HO
2801	0.05814848686150484	-0.02394563163416979	499819	IraqiJew4077.HO	Ignore_Jew_Iraqi.HO
2802	0.07063992704761442	-0.004860807059810877	499647	SouthFrench3068.HO	French.HO
2803	0.04322015808757036	-0.03671107229437834	499534	Egypt1AQ172.HO	Egyptian.HO
2804	0.06132501669428293	-0.024616434070949676	499696	Cyprus13AJ19.HO	Cypriot.HO
2805	0.046485927516215685	-0.030517467373373904	499598	Algerian43A34.HO	Algerian.HO
2806	0.042659507849971266	-0.028166673149612537	499721	Algerian43A13.HO	Algerian.HO
2807	0.05830130824961443	-0.03087451594455141	499926	TunisianJew1763.HO	Jew_Tunisian.HO
2808	0.059953732268079096	-0.023538372748886573	499737	Malta15AM91.HO	Maltese.HO
2809	0.04112488111974242	-0.028886623460407223	499697	SAH21.HO	Saharawi.HO
2810	0.05720523343209077	-0.025237907410306185	499934	MoroccanJew4634.HO	Jew_Moroccan.HO
2811	0.05431271477523009	-0.034523646652612885	499855	IraqiJew1424.HO	Ignore_Jew_Iraqi.HO
2812	0.06002254555352603	-0.028147312398427736	499887	LibyanJew1263.HO	Jew_Libyan.HO
2813	0.038137963066597405	-0.025260373341136517	499839	Istanbul20010.HO	Turkish.HO
2814	0.06568530365001125	-0.004158063057076133	499750	BAS30.HO	Basque.HO
2815	0.03642342319784585	-0.033908114413556394	499790	SAH24.HO	Saharawi.HO
2816	0.06259849571590606	-0.030568939862954985	499722	Cyprus24AJ19.HO	Cypriot.HO
2817	0.05079342926664844	-0.03809459010137981	499924	YemeniteJew4667.HO	Jew_Yemenite.HO
2818	0.05641200532782559	-0.03218506772437413	499973	TunisianJew1507.HO	Jew_Tunisian.HO
2819	0.05469332510212662	-0.03581861818871216	499985	IraqiJew4241.HO	Jew_Iraqi.HO
2820	0.03824196716129725	-0.03142424783032264	499786	Tunisian20D4.HO	Tunisian.HO
2821	0.0551250256806115	-0.0280492960608657	500074	TunisianJew1544.HO	Jew_Tunisian.HO
2822	0.05780375254453841	-0.01982181122174193	499904	AshkenaziJew5783.HO	Jew_Ashkenazi.HO
2823	0.03697122860284947	-0.02948125563995458	499813	SAH34.HO	Saharawi.HO
2824	0.023444066784058092	-0.01643239014116479	499847	Turkish4BA57.HO	Turkish.HO
2825	0.058800949025202345	-0.023773772724989248	500044	AshkenaziJew5704.HO	Jew_Ashkenazi.HO
2826	0.039504689221123275	-0.034747476698167	499853	Tunisian20A5.HO	Tunisian.HO
2827	0.05647324154970291	-0.02786598180521661	499977	MoroccanJew4789.HO	Jew_Moroccan.HO
2828	0.05465900189795	-0.03314784352468801	500007	IranianJew1159.HO	Jew_Iranian.HO
2829	0.04456257184935711	-0.03685174537216275	499878	Egypt5AQ172.HO	Egyptian.HO
2830	0.053967022890865926	-0.02434620913753368	500007	MoroccanJew5168.HO	Jew_Moroccan.HO
2831	0.052851246428530556	-0.0338812114946654	499978	IranianJew1513.HO	Jew_Iranian.HO
2832	0.05797198184758688	-0.023074994521090197	500035	AshkenaziJew5728.HO	Jew_Ashkenazi.HO
2833	0.06030552485189742	-0.015114242240960763	499876	ALB202.HO	Albanian.HO
2834	0.06974135083889926	-0.007590080708809929	499856	BAS29.HO	Ignore_Basque.HO
2835	0.04176528876719346	-0.027347805790260322	499863	Algerian43A24.HO	Algerian.HO
2836	0.05423154801372483	-0.03745134960202201	499933	YemeniteJew4960.HO	Jew_Yemenite.HO
2837	0.05874581638069819	-0.01195592604108657	499892	GREEKGRALPOP12.HO	Greek.HO
2838	0.06767128473696546	-0.008675906942540744	499943	SouthFrench1112.HO	French.HO
2839	0.05697092434569429	-0.019881198609067518	500110	AshkenaziJew5790.HO	Jew_Ashkenazi.HO
2840	0.037829186690180185	-0.022360735310922197	499917	Trabzon21529.HO	Ignore_Turkish.HO
2841	0.040286540961091445	-0.03506772278939666	499925	SAH18.HO	Saharawi.HO
2842	0.011232594563913224	-0.044005518974046684	500094	EthiopianJew1570.HO	Ethiopia_BetaIsrael.HO
2843	0.06119694790072552	-0.029399676943184672	499876	CYP2.HO	Cypriot.HO
2844	-0.10192181264166263	0.07786787202093912	499898	Mansi76.HO	Mansi.HO
2845	0.04670600451159425	-0.0337611012101098	500103	GeorgianJew1607.HO	Jew_Georgian.HO
2846	0.05621237511276833	-0.03392370860192366	500111	GeorgianJew1671.HO	Jew_Georgian.HO
2847	0.06056943321660285	-0.039362569369582226	499904	Cyprus2AJ19.HO	Cypriot.HO
2848	0.0469083837559449	-0.031186554033391906	500024	Tunisian20C4.HO	Tunisian.HO
2849	0.042868258407461425	-0.022747217877849488	500024	Adana23114.HO	Turkish.HO
2850	0.06440424684606552	-0.014219605767255294	499927	GREEKGRALPOP14.HO	Greek.HO
2851	0.04670589045024314	-0.03599798135636378	500026	Egypt8AT113.HO	Egyptian.HO
2852	0.054350019786419713	-0.03394639420841554	500136	IranianJew1556.HO	Jew_Iranian.HO
2853	0.06154052614950038	-0.02917165604712739	500215	TunisianJew1170.HO	Jew_Tunisian.HO
2854	0.061591289326913726	-0.027285833376502377	500047	TunisianJew1531.HO	Jew_Tunisian.HO
2855	0.055917205325267914	-0.018612727540120524	499958	Balikesir16563.HO	Ignore_Turkish.HO
2856	0.06465096260504717	-0.007837960760693678	500028	SouthFrench4018.HO	French.HO
2857	0.039862237615805964	-0.03493017795993057	500023	SAH9.HO	Saharawi.HO
2858	0.05853894165644949	-0.03499021949714418	500003	Trabzon21177.HO	Turkish.HO
2859	0.05877241060327477	-0.033121259331007714	499993	GeorgianJew1577.HO	Jew_Georgian.HO
2860	0.035110043481747386	-0.03356947305177633	499960	Algerian43A32.HO	Algerian.HO
2861	0.07132894066217668	-0.004335451686326408	500017	BAS28.HO	Basque.HO
2862	0.02057322835349068	-0.017689038049592275	500063	Aydin18784.HO	Turkish.HO
2863	0.059803668173081914	-0.0343687310541552	500184	IraqiJew1417.HO	Jew_Iraqi.HO
2864	0.03942265513292016	-0.027760566642918073	500067	Istanbul19810.HO	Turkish.HO
2865	0.059343735362918114	-0.031726984707605134	500064	Trabzon21557.HO	Turkish.HO
2866	0.05737252035553401	-0.030339979917928424	500146	LibyanJew1611.HO	Jew_Libyan.HO
2867	0.05396688572577783	-0.02849441728047812	500192	IranianJew1557.HO	Jew_Iranian.HO
2868	0.05493816270031536	-0.029366830301670168	500181	GeorgianJew1971.HO	Jew_Georgian.HO
2869	0.05587149030547539	-0.03492425613306219	500175	GeorgianJew1594.HO	Jew_Georgian.HO
2870	0.031169318563224618	-0.03432564402885332	500044	SAH20.HO	Ignore_Saharawi.HO
2871	0.05826114980213432	-0.029524691759495708	500194	MoroccanJew4692.HO	Jew_Moroccan.HO
2872	0.06528878112669545	-0.017371314114623056	499983	ALB212.HO	Albanian.HO
2873	0.0200980565294613	-0.035676215638408504	500165	KuchinJew20551.HO	Jew_Cochin.HO
2874	0.044228494190653285	-0.03527365817869421	499983	Egypt12AQ172.HO	Egyptian.HO
2875	0.04315472903147275	-0.03747659272506023	500142	Egypt9AQ177.HO	Egyptian.HO
2876	0.053847962182534716	0.013730245282357082	500161	GeorgianJew1961.HO	Ignore_Jew_Georgian.HO
2877	0.05574051154261906	-0.0351515185603398	500144	IraqiJew1771.HO	Jew_Iraqi.HO
2878	0.054236464259997445	-0.04089796749164065	500164	YemeniteJew5433.HO	Jew_Yemenite.HO
2879	-0.09738446694907717	0.07629413977543398	500061	Mansi94.HO	Mansi.HO
2880	0.04156969018806622	-0.03049104971857195	500026	Algerian43A23.HO	Algerian.HO
2881	0.06394062428928184	-0.016376484329338588	499988	ALB220.HO	Albanian.HO
2882	0.06258473932055493	-0.03275511582074852	499999	Cyprus22AJ19.HO	Cypriot.HO
2883	0.05150139467026762	-0.038235880083255874	500161	YemeniteJew4937.HO	Jew_Yemenite.HO
2884	-0.1394366241346677	0.0034006697701866183	500076	Bishkek28452.HO	Kyrgyz_Kyrgyzstan.HO
2885	0.044362051625782724	-0.03206178543414103	500082	Egypt9AQ172.HO	Egyptian.HO
2886	0.06490003365827225	-0.02299264342767818	500073	Malta12AM91.HO	Maltese.HO
2887	0.054228461559886386	-0.031504931174752684	500146	Trabzon21534.HO	Turkish.HO
2888	0.058473970248202896	-0.026681251976637118	500185	LibyanJew1605.HO	Jew_Libyan.HO
2889	0.07099917246789886	-0.0032194501621958136	500109	BAS27.HO	Basque.HO
2890	0.05875363993836907	-0.030377636926392164	500030	Cyprus21AJ19.HO	Cypriot.HO
2891	0.016846730501532275	-0.0415187653693916	500204	EthiopianJew1831.HO	Ethiopia_BetaIsrael.HO
2892	0.05496693833430226	-0.028813158787254007	500225	TunisianJew1511.HO	Jew_Tunisian.HO
2893	0.026211964127360803	-0.02123384825259849	500113	Turkish9BA57.HO	Turkish.HO
2894	0.03834346451929516	-0.03476403988950824	500082	Tunisian20D1.HO	Tunisian.HO
2895	0.04019419783289063	-0.030209933502017092	500112	Tunisian20B4.HO	Tunisian.HO
2896	0.046099676108975786	-0.028147940489664604	500139	Kayseri24075.HO	Turkish.HO
2897	0.045182414302129	-0.033365957017279554	500063	Egypt7AQ172.HO	Egyptian.HO
2898	-0.14178088053604768	0.028769243272824607	500188	Bolivian81.HO	Bolivian.HO
2899	0.05614198748371662	-0.042358171637724616	500237	IraqiJew4291.HO	Jew_Iraqi.HO
2900	0.06278056152947058	-0.012868525894696465	500144	ALB230.HO	Albanian.HO
2901	0.058830712642986206	-0.017699681342552325	500212	AshkenaziJew5775.HO	Ignore_Jew_Ashkenazi.HO
2902	0.05647002687624206	-0.03385582670115109	500162	Adana23108.HO	Turkish.HO
2903	0.05561991946665508	-0.03295407114739657	500236	IranianJew1143.HO	Jew_Iranian.HO
2904	0.0595725499415043	-0.02585498501125588	500306	MoroccanJew4683.HO	Jew_Moroccan.HO
2905	0.0052084316140324155	-0.04224731681473512	500322	KuchinJew20622.HO	Jew_Cochin.HO
2906	-0.004868108264502274	0.027025631351367648	500150	Ale33.HO	Aleut.HO
2907	0.01664243882155852	-0.016667771710070403	500203	Balikesir16887.HO	Turkish_Balikesir.HO
2908	0.0515597030866406	-0.03087666690795517	500263	IranianJew1832.HO	Jew_Iranian.HO
2909	0.053888724099486494	-0.034464118839660225	500333	GeorgianJew1654.HO	Jew_Georgian.HO
2910	-0.14474677218329152	0.007160263024747643	500197	Bishkek28442.HO	Kyrgyz_Kyrgyzstan.HO
2911	0.06933576055505421	-0.006080872386117933	500201	BAS33.HO	Basque.HO
2912	-0.023664862007685167	-0.04275360653499325	500220	KuchinJew20851.HO	Jew_Cochin.HO
2913	0.062083074878987204	-0.0211215948380658	500255	GeorgianJew1972.HO	Ignore_Jew_Georgian.HO
2914	-0.07000204153902669	0.061721549878147965	500197	Mansi43.HO	Mansi.HO
2915	-0.02529008348750458	-0.04364928081599327	500300	KuchinJew20320.HO	Jew_Cochin.HO
2916	0.05386591744670088	-0.029935844299367395	500335	GeorgianJew1883.HO	Jew_Georgian.HO
2917	0.05848833635187319	-0.026976456277467874	500288	LibyanJew1639.HO	Jew_Libyan.HO
2918	0.05877936938763848	-0.026170062658369898	500358	LibyanJew1659.HO	Jew_Libyan.HO
2919	0.03755262468998469	-0.02209187389996524	500245	Kayseri24266.HO	Turkish.HO
2920	0.020091140925694535	-0.015811104508251735	500250	Balikesir16653.HO	Turkish_Balikesir.HO
2921	0.03840952410762542	-0.008287081783554034	500280	Istanbul25095.HO	Turkish.HO
2922	0.021324739340230048	-0.01869875011835085	500257	Aydin18112.HO	Turkish.HO
2923	0.05866212059964621	-0.00421940267540397	500212	Aydin18414.HO	Ignore_Turkish.HO
2924	0.038131851774189915	-0.023350128142327464	500290	Kayseri24402.HO	Turkish.HO
2925	0.05724992849984653	-0.021496026260388542	500264	Balikesir16577.HO	Ignore_Turkish.HO
2926	0.036623376746436224	-0.019730735048199746	500299	Istanbul25081.HO	Turkish.HO
2927	0.01044212371953034	-0.016811590061813517	500294	Aydin18596.HO	Turkish.HO
2928	-0.09848520716783749	0.03298523200634717	500239	Ale20.HO	Aleut.HO
2929	-0.026125666582264333	0.029534342439262857	500323	Ale35.HO	Aleut.HO
2930	0.026602913295777113	-0.02278271628253988	500232	Istanbul17778.HO	Turkish.HO
2931	0.05576418143778266	-0.034581453072126074	500384	IraqiJew1430.HO	Jew_Iraqi.HO
2932	-0.1435133814617451	0.0005365002091411323	500327	Bishkek28443.HO	Kyrgyz_Kyrgyzstan.HO
2933	0.04886880633232792	-0.013646501320908644	500322	Istanbul15781.HO	Turkish.HO
2934	-0.14444077368468886	0.008270870682008328	500335	Bishkek28445.HO	Kyrgyz_Kyrgyzstan.HO
2935	0.06175439432690588	-0.03166967889076433	500326	Adana23136.HO	Turkish.HO
2936	-0.23903674535764213	0.031042451909785867	500316	Ul51.HO	Ulchi.HO
2937	-0.010016293105699278	0.023090685873890775	500297	Ale37.HO	Aleut.HO
2938	-0.10448912537539988	0.0714025414286455	500298	Mansi79.HO	Mansi.HO
2939	0.06042980636594401	-0.02393303258081418	500424	AshkenaziJew5788.HO	Jew_Ashkenazi.HO
2940	-0.09358130515491839	0.0738825159327039	500325	Mansi91.HO	Mansi.HO
2941	0.047394442183038656	-0.029077169187675556	500370	Adana23113.HO	Turkish.HO
2942	-0.14428111779486158	0.012991048471813711	500389	Bishkek28451.HO	Kyrgyz_Kyrgyzstan.HO
2943	0.052667551764503454	-0.03220656469627826	500346	Trabzon21575.HO	Turkish.HO
2944	0.026736827265257123	-0.014892430054207763	500387	Aydin18636.HO	Turkish.HO
2945	0.04291515731970912	-0.030046075119496796	500382	Istanbul20040.HO	Turkish.HO
2946	0.02026721528602662	-0.01766287196915052	500371	Aydin18587.HO	Ignore_Turkish.HO
2947	0.0144816463282221	-0.022635094929242632	500358	Adana23144.HO	Turkish.HO
2948	-0.07178236272627687	0.03423305820220975	500380	Ale34.HO	Aleut.HO
2949	0.034955253949338266	-0.022968757602259596	500360	Kayseri23967.HO	Turkish.HO
2950	0.05003031286469678	-0.034679939214480586	500466	IranianJew1845.HO	Jew_Iranian.HO
2951	0.06041133809771874	-0.030595203509189196	500387	Trabzon21174.HO	Turkish.HO
2952	0.027712160697027793	-0.014614728076456536	500386	Aydin18873.HO	Turkish.HO
2953	-0.1467234647806051	0.0030452321663753407	500378	Bishkek28449.HO	Kyrgyz_Kyrgyzstan.HO
2954	0.03499719423256684	-0.026531083301039635	500407	Kayseri23892.HO	Turkish.HO
2955	0.03434334211757292	-0.02035146813103292	500438	Istanbul19185.HO	Turkish.HO
2956	0.05787315788819556	-0.008810153121631394	500417	Istanbul25098.HO	Turkish.HO
2957	0.03882225174216498	-0.025215252815175858	500411	Adana23133.HO	Turkish.HO
2958	0.04475141506460662	-0.02351438357644284	500411	Aydin18948.HO	Ignore_Turkish.HO
2959	0.06480992678401587	-0.03187720909812676	500413	Trabzon21515.HO	Turkish.HO
2960	0.0345117234440279	-0.020781240894586196	500420	Kayseri24032.HO	Turkish.HO
2961	-0.1050679529838452	0.07897095743943933	500398	Mansi84.HO	Mansi.HO
2962	0.031056624937769433	-0.024318968731423325	500412	Kayseri23549.HO	Turkish.HO
2963	-0.10593431222479872	0.0007939692196319044	500403	Bishkek28444.HO	Ignore_Kyrgyz_Kyrgyzstan.HO
2964	0.06249104456253701	-0.030617383857468924	500440	Trabzon21544.HO	Turkish.HO
2965	0.03834096487106339	-0.015573320148107975	500439	Adana23150.HO	Turkish.HO
2966	0.04880334546107273	-0.02780011673567232	500451	Kayseri23271.HO	Turkish.HO
2967	0.057111821227490624	-0.0306468931091684	500454	Trabzon21645.HO	Turkish.HO
2968	0.04348454213886314	-0.024423086402965224	500456	Adana23147.HO	Turkish.HO
2969	0.031738380449649405	-0.026095987615041845	500427	Balikesir16514.HO	Ignore_Turkish.HO
2970	-0.1380594793983879	0.0035842300269886555	500445	Bishkek28456.HO	Kyrgyz_Kyrgyzstan.HO
2971	0.04237881527965027	-0.03405999673646997	500447	Egypt22TD21.HO	Egyptian.HO
2972	-0.2402863900274031	0.030018384509956256	500434	Ul39.HO	Ulchi.HO
2973	0.012414730660733253	-0.01860481983250049	500515	Aydin18483.HO	Turkish.HO
2974	-0.10644641370246988	0.03538542077654415	500462	Ale22.HO	Aleut.HO
2975	0.019648515473197133	-0.016286370349649578	500468	Balikesir17006.HO	Turkish_Balikesir.HO
2976	0.022311314923868075	-0.015814193119930462	500502	Aydin18419.HO	Turkish.HO
2977	0.04420140343330188	-0.028897043345732988	500485	Kayseri24276.HO	Turkish.HO
2978	-0.13439888672000586	0.003928704172287881	500478	Bishkek28446.HO	Kyrgyz_Kyrgyzstan.HO
2979	0.019913633146719418	-0.023428869478097192	500496	Istanbul19708.HO	Turkish.HO
2980	-0.08376735279580128	0.07063632553635697	500463	Mansi56.HO	Mansi.HO
2981	0.061388205044678464	-0.03518672612613977	500494	Trabzon21173.HO	Turkish.HO
2982	0.039739322453192095	0.014291625879702376	500486	Ale36.HO	Aleut.HO
2983	0.022485276129216976	-0.023997392493639372	500512	Adana23112.HO	Turkish.HO
2984	-0.15166369636843804	0.009236364271507022	500506	Bishkek28454.HO	Kyrgyz_Kyrgyzstan.HO
2985	0.032812209198588724	-0.022976405687703674	500553	Adana23117.HO	Turkish.HO
2986	-0.02304914145136705	-0.03705866644767564	295075	MBE3.HO	Ignore_Moroccan.HO
2987	-0.018174203451177897	-0.03488516702359418	297878	MBE11.HO	Ignore_Moroccan.HO
2988	-0.0302902694844589	-0.03807608425089981	282768	MBE13.HO	Ignore_Moroccan.HO
2989	-0.020759708381551122	-0.0361729776350101	303580	MBE16.HO	Ignore_Moroccan.HO
2990	-0.016857637515614355	-0.03446531599033837	301050	MBE19.HO	Ignore_Moroccan.HO
2991	-0.0137986542892482	-0.03605425653537001	303456	MBE22.HO	Ignore_Moroccan.HO
2992	-0.022185852599938476	-0.03665746413784226	298020	MBE23.HO	Ignore_Moroccan.HO
2993	-0.21153415350744367	-0.046810666350175334	498785	GN01.HO	Tibetan.HO
2994	-0.23533173038845492	-0.08856577551682833	499491	W14.HO	Maonan.HO
2995	-0.24108876016327763	-0.08406564107488812	499316	Han1994.HO	Han.HO
2996	-0.23484639427991	-0.08477549591774867	499498	Zhuang01.HO	Zhuang.HO
2997	-0.21304550059087418	-0.05132082997792516	498916	GN03.HO	Tibetan.HO
2998	-0.2333797330046521	-0.08814487944710814	499512	W10.HO	Maonan.HO
2999	-0.2401130019812788	-0.08056000189247549	499523	Han1207.HO	Han.HO
3000	-0.23416199120617714	-0.08834778537947681	499600	Zhuang012.HO	Zhuang.HO
3001	-0.21370456890227596	-0.051828533125584914	497955	GN10.HO	Tibetan.HO
3002	-0.23532807993730345	-0.09342848350725048	499428	J6.HO	Maonan.HO
3003	-0.24179180727074198	-0.088878669838908	498988	Han1235.HO	Han.HO
3004	-0.23046680557889523	-0.08994927889570635	499375	Zhuang019.HO	Zhuang.HO
3005	-0.21077559697517323	-0.05105623913046166	499092	GN17.HO	Tibetan.HO
3006	-0.23750711133278193	-0.0862149560853052	499535	J58.HO	Maonan.HO
3007	-0.23737465506634917	-0.08809758210978794	499546	Han1415.HO	Han.HO
3008	-0.23377852707358804	-0.0859883217776521	499567	Zhuang02.HO	Zhuang.HO
3009	-0.2132680061548436	-0.04827670709819826	497657	GN19.HO	Tibetan.HO
3010	-0.2338816483448653	-0.08956306205339884	499446	J17.HO	Maonan.HO
3011	-0.2388172709062741	-0.085844523724012	493726	Han1432.HO	Han.HO
3012	-0.239793875881838	-0.08985412114038736	499555	Zhuang04.HO	Zhuang.HO
3013	-0.1621411762237921	0.010892040893623032	499095	HK03.HO	Kazakh_China.HO
3014	-0.23749923084223956	-0.08851655396981525	499559	J9.HO	Maonan.HO
3015	-0.23773833337644995	-0.08661571695662618	499562	Han1434.HO	Han.HO
3016	-0.234163154616454	-0.08737273963404858	499592	Zhuang013.HO	Zhuang.HO
3017	-0.17735171958712848	-0.002379217767460257	499151	HK4.HO	Kazakh_China.HO
3018	-0.23632999308685215	-0.0933937393287227	499531	J29.HO	Maonan.HO
3019	-0.24362226194479625	-0.08794309512933036	499540	Han2087.HO	Han.HO
3020	-0.23598089095029318	-0.08462405195626206	499532	GL01.HO	Gelao.HO
3021	-0.13235937763325048	0.006144742885380941	498697	HK14.HO	Kazakh_China.HO
3022	-0.07795633778849302	-0.03845435781256248	499463	Ba37.HO	Bahun.HO
3023	-0.23969410021154997	-0.09202959566536156	499498	Han2088.HO	Han.HO
3024	-0.2325041249652203	-0.09155368965117619	499519	GL02.HO	Gelao.HO
3025	-0.17618612831223676	-0.020556120053026747	497789	HK15.HO	Kazakh_China.HO
3026	-0.20400683459001462	-0.05084619768208819	499469	Ba02.HO	Ignore_Bahun.HO
3027	-0.2374277807303133	-0.06403262533009915	498751	Han894.HO	Han.HO
3028	-0.23231666091710246	-0.08557122665053933	499362	GL09.HO	Gelao.HO
3029	-0.21854568705321772	-0.0496698986683671	499142	BAO60.HO	Bonan.HO
3030	-0.02308796449777972	-0.033820585907099424	499500	Ba48.HO	Bahun.HO
3031	-0.23648964918880316	-0.06173421859532068	499552	Han1226.HO	Han.HO
3032	-0.2283321140572426	-0.08916862594023184	499577	GL07.HO	Gelao.HO
3033	-0.20729174044969662	-0.05009221012875448	498452	BAO53.HO	Bonan.HO
3034	-0.16128498851871784	-0.05392085798070961	499476	Te18.HO	Tharu.HO
3035	-0.23689153502707458	-0.0591313522813264	499493	Han1243.HO	Han.HO
3036	-0.22817656197604375	-0.08671355311630857	499224	GL10.HO	Gelao.HO
3037	-0.19607803214413472	-0.046970027711413495	498946	BAO15.HO	Bonan.HO
3038	-0.11951669213230269	-0.04147018825073965	499499	Te16.HO	Tharu.HO
3039	-0.24272948332973115	-0.06051809029737152	499545	Han1713.HO	Han.HO
3040	-0.24058789245575832	-0.07505886510976524	499455	GL23.HO	Gelao.HO
3041	-0.22261716102980508	-0.050333260819083916	498943	BAO12.HO	Bonan.HO
3042	-0.17754792200513422	-0.04711129099427104	499545	Ma41.HO	Magar.HO
3043	-0.24122528284993486	-0.06545519262122998	499538	Han1714.HO	Han.HO
3044	-0.23820601959705173	-0.07918576846954122	499569	GL13.HO	Gelao.HO
3045	-0.1948698367526272	-0.04731955163380522	498381	BAO26.HO	Bonan.HO
3046	-0.20019622849737617	-0.049496284347624764	499469	Ma11.HO	Magar.HO
3047	-0.245290697380625	-0.0761368228192961	499466	Han788.HO	Han.HO
3048	-0.2349380703462242	-0.08741040577382174	499450	GL16.HO	Gelao.HO
3049	-0.20311782014849006	-0.042795713137800936	498471	BAO47.HO	Bonan.HO
3050	-0.18771990104122388	-0.04501801134767034	499422	Ma30.HO	Magar.HO
3051	-0.2451349592126593	-0.07801854618090452	499114	Han789.HO	Han.HO
3052	-0.23309188515726653	-0.0892577328627237	499472	GL20.HO	Gelao.HO
3053	-0.2131059272896995	-0.04990144676841213	498901	BAO54.HO	Bonan.HO
3054	-0.22391261678279642	-0.050305947973291944	499335	Ma23.HO	Magar.HO
3055	-0.2411211316700373	-0.0760735696747481	499474	Han874.HO	Han.HO
3056	-0.1314405765461336	-0.042884103909839655	499520	Ne41.HO	Newar.HO
3057	-0.22426925921922636	-0.048437344303087854	498357	EYG48.HO	Yugur.HO
3058	-0.20467572045864402	-0.05381076364549114	499456	Ma07.HO	Magar.HO
3059	-0.24426659064514647	-0.07320786750529609	499324	Han2161.HO	Han.HO
3060	-0.12153267946399311	-0.04509272791594763	499524	Ne72.HO	Newar.HO
3061	-0.19830693792637002	-0.030950301748279615	497839	EYG28.HO	Yugur.HO
3062	-0.17710946742077108	-0.046553921163470006	499407	Ma28.HO	Magar.HO
3063	-0.24112063866561687	-0.07205139345844648	499355	Han2162.HO	Han.HO
3064	-0.23275495321068349	-0.06320932179254843	499107	EYG13.HO	Yugur.HO
3065	-0.22241660804204572	-0.048920106726079625	499573	Gu18.HO	Gurung.HO
3066	-0.2433107944729536	-0.07053393648388076	499482	Han1452.HO	Han.HO
3067	-0.13812924425985945	-0.04409811122338239	499542	Ne08.HO	Newar.HO
3068	-0.22794193527614454	-0.0540215780505718	497456	EYG18.HO	Yugur.HO
3069	-0.20295494794220464	-0.0519353703049277	499431	Gu22.HO	Gurung.HO
3070	-0.24472154178634112	-0.07091017408008542	499485	Han1962.HO	Han.HO
3071	-0.18169330744643467	-0.04263128393059623	499580	Ta39.HO	Tamang.HO
3072	-0.2063179155493018	-0.04675162830079658	499487	Gu24.HO	Gurung.HO
3073	-0.24334950006614323	-0.07121806568075938	499467	Han2054.HO	Han.HO
3074	-0.19794004076377456	-0.051206302015433164	499133	Ta43.HO	Tamang.HO
3075	-0.23272299229861576	-0.05795376642275688	499154	EYG31.HO	Yugur.HO
3076	-0.21859586915358295	-0.049084467208787744	499570	Gu26.HO	Gurung.HO
3077	-0.244031408190163	-0.07331261277075368	499530	Han2057.HO	Han.HO
3078	-0.19648494334906325	-0.04936351974100043	499550	Ta24.HO	Tamang.HO
3079	-0.2317238036725993	-0.05765836024023101	498847	XYG19.HO	Yugur.HO
3080	-0.1942984284653081	-0.04773832218742694	499536	Gu27.HO	Gurung.HO
3081	-0.24288502411103247	-0.0674157420453241	499520	Han2058.HO	Han.HO
3082	-0.19838035124293393	-0.04520095885268595	499559	Ta64.HO	Tamang.HO
3083	-0.1295027100681512	0.0006894822311934304	497680	KZ78.HO	Kyrgyz_China.HO
3084	-0.23002124385972006	-0.053569398183644416	499206	Rai16.HO	Rai.HO
3085	-0.24316391152441943	-0.07346264998690652	499377	Han2076.HO	Han.HO
3086	-0.16903278409305691	-0.05510966942620286	499463	Ta03.HO	Ignore_Tamang.HO
3087	-0.1507602491551713	-0.000440162482215291	498481	KZ35.HO	Kyrgyz_China.HO
3088	-0.214459245859159	-0.049240448516227296	499321	Rai12.HO	Rai.HO
3089	-0.24491545083044866	-0.07263866125756266	499376	Han2090.HO	Han.HO
3090	-0.18587794403654684	-0.04601646550363743	499400	Ta80.HO	Tamang.HO
3091	-0.14803985940737147	-0.0020291961061773304	498467	KZ15.HO	Kyrgyz_China.HO
3092	-0.2087045456115894	-0.04736463128862231	498908	Rai09.HO	Rai.HO
3093	-0.24226779685065203	-0.06618751827022823	499387	Han4.HO	Han.HO
3094	-0.18941515580193	-0.052887550778569735	497723	Ta52.HO	Tamang.HO
3095	-0.11684543600380978	-0.003961261543274796	498242	KZ77.HO	Kyrgyz_China.HO
3096	-0.22168263890279766	-0.044842600221016896	499525	Rai14.HO	Rai.HO
3097	-0.2365779321680457	-0.06436829757735633	499508	Han25.HO	Han.HO
3098	-0.19129088382451576	-0.047579275058425796	499516	Ta05.HO	Tamang.HO
3099	-0.14355213273850037	0.003959279023653352	496701	KZ52.HO	Kyrgyz_China.HO
3100	-0.22326384073920816	-0.05342297136522349	499434	Rai04.HO	Rai.HO
3101	-0.24165824083237009	-0.06068386447051524	499521	Han853.HO	Han.HO
3102	-0.06135686672405179	-0.03584382450509797	499193	Ba15.HO	Bahun.HO
3103	-0.15836697682801817	0.0027051150935189713	497690	KZ12.HO	Kyrgyz_China.HO
3104	-0.1370053840308091	-0.04574285908552957	499550	Ne66.HO	Newar.HO
3105	-0.2384912968958312	-0.062397025301167204	499490	Han1329.HO	Han.HO
3106	-0.07452223775187444	-0.03774763736433987	499560	Ba25.HO	Bahun.HO
3107	-0.15279417026956954	0.008858056307848892	498558	KZ83.HO	Kyrgyz_China.HO
3108	-0.24058636412624593	-0.06572356431683042	499456	Han1616.HO	Han.HO
3109	-0.08951941218282138	-0.0394447924444809	499544	Te09.HO	Tharu.HO
3110	-0.23364102139756102	-0.0933161046328948	496342	CS411.HO	Li.HO
3111	-0.2401315558704514	-0.0625898916835633	499461	Han1840.HO	Han.HO
3112	-0.1544886824963076	-0.05101120915275746	499458	Te15.HO	Tharu.HO
3113	-0.23378610791056983	-0.09144461560885964	498888	LS001.HO	Li.HO
3114	-0.0838046142232524	-0.03701402125342246	499458	Ne01.HO	Ignore_Newar.HO
3115	-0.2392237079174863	-0.06276992207390157	499402	Han1896.HO	Han.HO
3116	-0.1617744398091913	-0.048850339115601334	499501	Te06.HO	Tharu.HO
3117	-0.23468723351943604	-0.09283532643934132	495804	SY071.HO	Li.HO
3118	-0.2216079192137298	-0.04888293443499936	499199	Sherpa08.HO	Sherpa.HO
3119	-0.24387734693964225	-0.06211550643075376	499211	Han1916.HO	Han.HO
3120	-0.2367270145019671	-0.0854718322543029	499495	Zhuang09.HO	Zhuang.HO
3121	-0.23333326364942603	-0.08903048747112077	494406	WZS058.HO	Li.HO
3122	-0.22569646829830464	-0.04637013806584602	499267	Sherpa04.HO	Sherpa.HO
3123	-0.24011477528249692	-0.07082375317469278	499387	Han1978.HO	Han.HO
3124	-0.23372889115987927	-0.07912953537994036	499453	Zhuang08.HO	Zhuang.HO
3125	-0.23395515342054582	-0.08436032742728176	498063	Dong02.HO	Dong.HO
3126	-0.22321427296495067	-0.05084096740295457	499417	Sherpa13.HO	Sherpa.HO
3127	-0.24432565580606186	-0.07321995933250733	499468	Han24.HO	Han.HO
3128	-0.2361079583607919	-0.08901250328686536	499056	W29.HO	Maonan.HO
3129	-0.23589609524204255	-0.08663936372486343	498551	Dong03.HO	Dong.HO
3130	-0.2223707635389434	-0.04966668444033835	499524	Sherpa09.HO	Sherpa.HO
3131	-0.23961742463366442	-0.07143932341146338	499555	Han496.HO	Han.HO
3132	-0.23733601851495176	-0.09298453061555956	499525	W3.HO	Maonan.HO
3133	-0.2390482046891106	-0.0832870647743779	498481	Dong05.HO	Dong.HO
3134	-0.22896893581348587	-0.04174850637740677	499485	T141.HO	Tibetan.HO
3135	-0.2405281253183533	-0.05977421736936402	499492	Han115.HO	Han.HO
3136	-0.23723050229326548	-0.09586681017647006	499552	W11.HO	Maonan.HO
3137	-0.2379111206702141	-0.08586973914509216	495505	Dong08.HO	Dong.HO
3138	-0.22953697741076892	-0.04307281965202539	499478	T173.HO	Tibetan.HO
3139	-0.23554355486313638	-0.06315978983990495	499510	Han790.HO	Han.HO
3140	-0.23480510998707002	-0.0908423095629804	499495	B87.HO	Mulam.HO
3141	-0.24253419371278823	-0.08156749506478074	498517	Dong09.HO	Dong.HO
3142	-0.22475463066721998	-0.043681367656601945	499488	T274.HO	Tibetan.HO
3143	-0.23737471573253482	-0.062006879082396146	499508	Han855.HO	Han.HO
3144	-0.2386728855939402	-0.08855944874726795	499560	B26.HO	Mulam.HO
3145	-0.23944799817384735	-0.07912322584799948	496842	Dong10.HO	Dong.HO
3146	-0.2273131108948233	-0.04231227466503627	499524	T363.HO	Tibetan.HO
3147	-0.23525507938378923	-0.05311790853247967	499420	Han1603.HO	Han.HO
3148	-0.23853142184746673	-0.08817977666652846	499566	J32.HO	Maonan.HO
3149	-0.23454214737729837	-0.08869189946669521	497296	Dong11.HO	Dong.HO
3150	-0.22673587514256122	-0.047634150764027654	499105	T247.HO	Tibetan.HO
3151	-0.23871458134780352	-0.06120134687699851	499357	Han1843.HO	Han.HO
3152	-0.2363107366125219	-0.09109196873677722	499422	J33.HO	Maonan.HO
3153	-0.23941729383721505	-0.08801689549685925	498297	Dong14.HO	Dong.HO
3154	-0.230596079273253	-0.0427972555108301	499378	T74.HO	Tibetan.HO
3155	-0.231787861536576	-0.05625274058743795	499321	Han1897.HO	Han.HO
3156	-0.23787078269357795	-0.09024948333765612	499074	J36.HO	Maonan.HO
3157	-0.23635927445453178	-0.0861285536029649	494489	Zhuang03.HO	Zhuang.HO
3158	-0.22690190222959214	-0.04475990043527348	499362	T144.HO	Tibetan.HO
3159	-0.23871229629897314	-0.05504217517352862	499502	Han1899.HO	Han.HO
3160	-0.23691477670322927	-0.08973566698790435	499270	A114.HO	Mulam.HO
3161	-0.23537759853683077	-0.08932953663335012	496366	Z01.HO	Zhuang_outlier.HO
3162	-0.22899757308742277	-0.04779603738849605	499502	T194.HO	Tibetan.HO
3163	-0.24131348925405544	-0.06451439535341266	499472	Han1970.HO	Han.HO
3164	-0.23686303425765082	-0.08705359636256417	499529	B3.HO	Mulam.HO
3165	-0.23449968873191768	-0.08589865008979185	496005	Z02.HO	Zhuang_outlier.HO
3166	-0.23197940218621269	-0.04431207483732942	499389	T196.HO	Tibetan.HO
3167	-0.23952307804488726	-0.0722727383903061	499507	Han1709.HO	Han.HO
3168	-0.23616977899796557	-0.09005208734672716	499153	W13.HO	Maonan.HO
3169	-0.23270476151483735	-0.08696113296401405	497372	Z05.HO	Zhuang_outlier.HO
3170	-0.22632362227118566	-0.047907390156510965	499511	T273.HO	Tibetan.HO
3171	-0.23867976479644282	-0.07596489219767513	499471	Han1917.HO	Han.HO
3172	-0.23228005528672466	-0.04743829388406683	499543	BM32.HO	Qiang.HO
3173	-0.21246500904732507	-0.04526359266544405	498218	XHTB7.HO	Tibetan.HO
3174	-0.22175448090601246	-0.04225260520941777	499496	T282.HO	Tibetan.HO
3175	-0.23949843742428667	-0.06972108923064259	499280	Han2044.HO	Han.HO
3176	-0.21272976135055205	-0.04256013892344963	499502	QH1.HO	Tibetan.HO
3177	-0.21522724931464582	-0.05139549757611665	492586	XHTB17.HO	Tibetan.HO
3178	-0.22781049741243364	-0.04138081784384284	499403	T283.HO	Tibetan.HO
3179	-0.24214834085575085	-0.0724074201628646	499474	Han2145.HO	Han.HO
3180	-0.2160215780589298	-0.03858835373964361	499553	QH5.HO	Tibetan.HO
3181	-0.2150188832399445	-0.045912436068985076	490708	XHTB20.HO	Tibetan.HO
3182	-0.22045639639828474	-0.04317567127741107	499093	T21.HO	Tibetan.HO
3183	-0.24106165649463385	-0.08216051919902749	498691	Han2147.HO	Han.HO
3184	-0.213930846846319	-0.03467118429270656	499098	QH7.HO	Tibetan.HO
3185	-0.19928126911189006	-0.052930997037955854	496829	SL1.HO	Salar.HO
3186	-0.22415119395419925	-0.04455323469824718	499416	T165.HO	Tibetan.HO
3187	-0.24148812426658042	-0.08020499205781034	499509	Han2151.HO	Han.HO
3188	-0.21144253870509147	-0.03452736927131998	499475	QH18.HO	Tibetan.HO
3189	-0.19493756794520437	-0.047012780460545675	497410	SL2.HO	Salar.HO
3190	-0.22207015363509286	-0.0433869628996742	499539	T170.HO	Tibetan.HO
3191	-0.24079075571876624	-0.07591912884801663	499498	Han2155.HO	Han.HO
3192	-0.21068743494801798	-0.035679163037914345	499581	QH10.HO	Tibetan.HO
3193	-0.1897654453278435	-0.04274648536729378	496508	SL3.HO	Salar.HO
3194	-0.21713741692337354	-0.043255896534679365	499285	T181.HO	Tibetan.HO
3195	-0.22721008050643413	-0.046339207158727434	499483	Tibetan870.HO	Tibetan_Yunnan.HO
3196	-0.14455393304056988	0.020475344667522745	499023	HKC90.HO	Kazakh_China.HO
3197	-0.18286772113558494	-0.04983937094713879	498236	SL6.HO	Salar.HO
3198	-0.21981094302753185	-0.044491276696664105	499577	T183.HO	Tibetan.HO
3199	-0.23287493140676427	-0.04926935892161264	499468	Tibetan871.HO	Tibetan_Yunnan.HO
3200	-0.13515135693430866	0.008598685751148692	499574	HKC29.HO	Kazakh_China.HO
3201	-0.19513319642675772	-0.04482246401490248	496505	SL7.HO	Salar.HO
3202	-0.22534914052904828	-0.043820543829337665	499533	T76.HO	Tibetan.HO
3203	-0.23224261103458577	-0.05209398487071042	499508	Tibetan872.HO	Tibetan_Yunnan.HO
3204	-0.21215034185856874	-0.03748747948637312	499574	QH9.HO	Tibetan.HO
3205	-0.1955596121936536	-0.045397109175293014	497353	SL9.HO	Salar.HO
3206	-0.21968797118117075	-0.044624075021757775	499266	T125.HO	Tibetan.HO
3207	-0.23106459552180242	-0.05177452799264664	499498	Tibetan937.HO	Tibetan_Yunnan.HO
3208	-0.21636345158811326	-0.03736884880566898	499469	QH14.HO	Tibetan.HO
3209	-0.18621020019128315	-0.04398003135086971	497804	SL10.HO	Salar.HO
3210	-0.22315385424677814	-0.04299331255717867	499433	T185.HO	Tibetan.HO
3211	-0.24663654169364288	-0.07384058546416523	498951	Han53.HO	Han.HO
3212	-0.21553548120935115	-0.03605853526793956	499559	QH17.HO	Tibetan.HO
3213	-0.18655367459139896	-0.041112714496675654	497470	SL15.HO	Salar.HO
3214	-0.2294013983191129	-0.043922035098755155	499053	T67.HO	Tibetan.HO
3215	-0.24336281015160377	-0.07634518034880788	499483	Han192.HO	Han.HO
3216	-0.23660959866471465	-0.08253161944878432	499027	Zhuang015.HO	Zhuang.HO
3217	-0.200700453680174	-0.04983549501175474	498698	YJ86.HO	Tibetan.HO
3218	-0.2254020630152442	-0.039963937534329946	499407	T91.HO	Tibetan.HO
3219	-0.24447097347137167	-0.07490712046365812	499514	Han278.HO	Han.HO
3220	-0.23773904887138814	-0.07398751238036609	499562	Zhuang018.HO	Zhuang.HO
3221	-0.23241038056380964	-0.05315692196033426	495527	YJ14.HO	Tibetan.HO
3222	-0.22403388911877387	-0.045127468363838935	499537	T121.HO	Tibetan.HO
3223	-0.24440441212280048	-0.07336470350146305	499519	Han605.HO	Han.HO
3224	-0.23789340769430845	-0.08699247745988832	499520	Zhuang11.HO	Zhuang.HO
3225	-0.22898967058640474	-0.054220644933332174	496063	YJ39.HO	Tibetan.HO
3226	-0.22254101388071554	-0.045222040927344484	499449	T187.HO	Tibetan.HO
3227	-0.2387223297196248	-0.07915089196691553	499234	Han993.HO	Han.HO
3228	-0.23859423193464646	-0.08820263391041404	499464	Zhuang017.HO	Zhuang.HO
3229	-0.2282250822957471	-0.050948690417020374	494000	YJ01.HO	Tibetan.HO
3230	-0.22465027182327865	-0.0436657275932706	499547	T238.HO	Tibetan.HO
3231	-0.24034660476283243	-0.06349502275245412	499425	Han220.HO	Han.HO
3232	-0.2347106201769975	-0.09265716430687358	499453	Zhuang020.HO	Zhuang.HO
3233	-0.230639812467583	-0.05015511157409634	495232	YJ140.HO	Tibetan.HO
3234	-0.22376990891374307	-0.044433778596777475	486650	T278.HO	Tibetan.HO
3235	-0.23012943166612934	-0.048499396944615074	498048	DBB006.HO	Qiang.HO
3236	-0.23763390569451703	-0.08544027627325042	499543	B81.HO	Mulam.HO
3237	-0.22692758350450548	-0.0439866120372611	498973	YJ37.HO	Tibetan.HO
3238	-0.22163465922701553	-0.042616353640510786	499507	T312.HO	Tibetan.HO
3239	-0.2372412082523724	-0.06047810936437746	499474	DBA19.HO	Qiang.HO
3240	-0.2348934537181003	-0.08804995660748634	499565	B48.HO	Mulam.HO
3241	-0.22949353108011897	-0.05063170591346392	498165	YJ12.HO	Tibetan.HO
3242	-0.22383099068094428	-0.042890082467529345	499304	T320.HO	Tibetan.HO
3243	-0.24015263322614866	-0.07367681364047096	499482	DBA021.HO	Qiang.HO
3244	-0.23994534796311212	-0.0904117639643942	499483	B49.HO	Mulam.HO
3245	-0.23227829863609797	-0.046675536110878775	498643	YJ111.HO	Tibetan.HO
3246	-0.22123079419223984	-0.03984417819764868	499459	T22.HO	Tibetan.HO
3247	-0.23256161944086745	-0.04649165904975484	499483	DBB007.HO	Qiang.HO
3248	-0.13874373824331274	-0.00040226633265294726	499497	KZ46.HO	Kyrgyz_China.HO
3249	-0.2255793937332326	-0.04159465149449525	490779	YJ25.HO	Tibetan.HO
3250	-0.21867367070058455	-0.041828540285264997	499398	T41.HO	Tibetan.HO
3251	-0.2383557975496221	-0.048108601304245095	498987	DBA017.HO	Qiang.HO
3252	-0.1577386710875392	0.0013220676574829267	499167	KZ81.HO	Kyrgyz_China.HO
3253	-0.23210408183880057	-0.047005750106944535	497750	YJ104.HO	Tibetan.HO
3254	-0.22095165083388907	-0.04256081448465882	499450	T77.HO	Tibetan.HO
3255	-0.2302010521653754	-0.048446830539704624	499517	BM10.HO	Qiang.HO
3256	-0.13856969124450716	0.005529391746879207	499421	KZ87.HO	Kyrgyz_China.HO
3257	-0.22166446340778134	-0.04412150511892056	497296	XL120.HO	Tibetan.HO
3258	-0.22201865074101942	-0.0430414337064293	499502	T78.HO	Tibetan.HO
3259	-0.2417285827669808	-0.06307746511738403	499413	BM43.HO	Qiang.HO
3260	-0.14455242318250008	0.005075198294545614	499529	KZ65.HO	Kyrgyz_China.HO
3261	-0.23381316172315972	-0.05606237333333196	498820	XL61.HO	Tibetan.HO
3262	-0.22137739954262922	-0.04948537604453646	499488	T80.HO	Tibetan.HO
3263	-0.2292488211846243	-0.043822263366512536	499494	BM24.HO	Qiang.HO
3264	-0.12403666097190771	0.003755937269767707	499565	KZ22.HO	Kyrgyz_China.HO
3265	-0.23554265667565388	-0.07436883815778214	497620	XL20.HO	Tibetan.HO
3266	-0.22426719156848832	-0.04325422771559254	499434	T189.HO	Tibetan.HO
3267	-0.22696016950721076	-0.0461523700507835	499503	BM26.HO	Qiang.HO
3268	-0.24003310824629387	-0.05878504006771471	499521	EYG8.HO	Yugur.HO
3269	-0.23777256603026092	-0.06376425825139238	498447	XL92.HO	Tibetan.HO
3270	-0.2199594227614998	-0.04141518307665628	499020	T192.HO	Tibetan.HO
3271	-0.23589459946997976	-0.0649201177665986	499441	BM21.HO	Qiang.HO
3272	-0.21071921418025777	-0.04547601252503054	499323	EYG04.HO	Yugur.HO
3273	-0.23231870621090187	-0.04733909262500562	495045	XL60.HO	Tibetan.HO
3274	-0.21954682535880335	-0.044519895177506756	499420	T291.HO	Tibetan.HO
3275	-0.2118841939802774	-0.02863411200219046	499012	QH2.HO	Tibetan.HO
3276	-0.23401915064185264	-0.05886643177878701	499528	EYG45.HO	Yugur.HO
3277	-0.22914339466788855	-0.05487236254732013	496894	XL47.HO	Tibetan.HO
3278	-0.2242004497743735	-0.042986849223951774	499228	T297.HO	Tibetan.HO
3279	-0.21142068301598252	-0.031459867431981425	499078	QH3.HO	Tibetan.HO
3280	-0.21450287439265942	-0.043748708172773314	499299	EYG44.HO	Yugur.HO
3281	-0.23462604752192856	-0.06750990718971536	498255	XL76.HO	Tibetan.HO
3282	-0.2167385647025723	-0.043285051792737894	499224	T188.HO	Tibetan.HO
3283	-0.21775438356588495	-0.039202514121963815	499411	QH4.HO	Tibetan.HO
3284	-0.21710160958325578	-0.04327662225006265	499333	EYG40.HO	Yugur.HO
3285	-0.22758239847216957	-0.04186409821978534	498242	BM28.HO	Qiang.HO
3286	-0.22353827533233045	-0.044401570370616414	499501	T190.HO	Tibetan.HO
3287	-0.21595801770895773	-0.04014899314607636	499515	QH8.HO	Tibetan.HO
3288	-0.1521115065313445	0.00017272158821483898	499550	HKC109.HO	Kazakh_China.HO
3289	-0.22903955158808137	-0.0498923248096008	498398	BM37.HO	Qiang.HO
3290	-0.21889633933269773	-0.04346362373620893	499475	T242.HO	Tibetan.HO
3291	-0.22149324761017555	-0.045518292287388934	499400	QH11.HO	Tibetan.HO
3292	-0.1561892652454412	0.006767210812678683	499525	HKC140.HO	Kazakh_China.HO
3293	-0.23904396804550146	-0.06326339048549319	498229	BM27.HO	Qiang.HO
3294	-0.2204236560174764	-0.043587459612610256	499491	T248.HO	Tibetan.HO
3295	-0.21575334656256717	-0.051199928785081325	499402	QH13.HO	Tibetan.HO
3296	-0.14341098997748863	0.006909104933566236	499222	KZ73.HO	Kyrgyz_China.HO
3297	-0.22956572363022346	-0.039624334967440084	496589	BM02.HO	Qiang.HO
3298	-0.21809351220662015	-0.04384268888568813	499372	T126.HO	Tibetan.HO
3299	-0.21952822155006874	-0.0415800845430838	499285	QH15.HO	Tibetan.HO
3300	-0.2141943115433613	-0.05603036341529708	499513	DX1157.HO	Dongxiang.HO
3301	-0.2338969055574393	-0.04510282582507235	498722	BM18.HO	Qiang.HO
3302	-0.21757337252347728	-0.0436770370962656	499474	T127.HO	Tibetan.HO
3303	-0.21079226220654185	-0.039389730190157	499434	QH16.HO	Tibetan.HO
3304	-0.1956322699555555	-0.04886320083967871	499538	DX1175.HO	Dongxiang.HO
3305	-0.23654452030663092	-0.05726208223568082	498722	DBA018.HO	Qiang.HO
3306	-0.2149007319021384	-0.04605318047900507	499495	T199.HO	Tibetan.HO
3307	-0.2162693121965551	-0.04035905975783541	499456	QH19.HO	Tibetan.HO
3308	-0.20141866030658087	-0.049693240903150755	499398	DX1170.HO	Dongxiang.HO
3309	-0.23696543915013923	-0.056270387686763415	498922	DBB001.HO	Qiang.HO
3310	-0.21957165299858777	-0.04658021858373535	499450	T200.HO	Tibetan.HO
3311	-0.22014214126862122	-0.03891265780808663	499481	QH20.HO	Tibetan.HO
3312	-0.1923853773338796	-0.0435926016298796	499464	DX1047.HO	Dongxiang.HO
3313	-0.23678844368375457	-0.04785540129379019	498872	DBA01.HO	Qiang.HO
3314	-0.2232157014049614	-0.0468135478901741	499423	T289.HO	Tibetan.HO
3315	-0.221981702052279	-0.04616586083594167	499502	T18.HO	Tibetan.HO
3316	-0.19068157331071842	-0.04212654883047848	499592	DX1146.HO	Dongxiang.HO
3317	-0.23646226077824584	-0.05218495160154572	497746	DBB002.HO	Qiang.HO
3318	-0.23766550641660014	-0.08532805929186575	499107	HN1-243.HO	Dong.HO
3319	-0.22084170606544842	-0.04458700213840514	498946	T215.HO	Tibetan.HO
3320	-0.2010397294335668	-0.04813928576974946	499014	DX1058.HO	Dongxiang.HO
3321	-0.2342874675385205	-0.08556576900787463	498246	GL24.HO	Gelao.HO
3322	-0.2382799774194516	-0.08535684784759509	499260	HN1-273.HO	Dong.HO
3323	-0.23729633588848015	-0.06864562937571492	499305	XL22.HO	Tibetan.HO
3324	-0.1896173829189319	-0.04470582596446777	499036	DX1131.HO	Dongxiang.HO
3325	-0.23438171168909874	-0.0918059352214154	497877	B8.HO	Mulam.HO
3326	-0.23453677611452356	-0.08734094622717034	499501	HN1-232.HO	Dong.HO
3327	-0.2388521718432913	-0.07135157319601776	499375	XL37.HO	Tibetan.HO
3328	-0.21550985557872246	-0.03829577150335002	499494	QH6.HO	Tibetan.HO
3329	-0.2359852585226349	-0.08811942370970227	498539	B14.HO	Mulam.HO
3330	-0.23670231182013188	-0.08511043247550062	499454	HN1-218.HO	Dong.HO
3331	-0.23185924246450065	-0.042292310194347885	499471	XL05.HO	Tibetan.HO
3332	-0.22258041862543182	-0.03392083122054815	499051	QH12.HO	Tibetan.HO
3333	-0.2354759423755773	-0.09034284209118275	499004	B43.HO	Mulam.HO
3334	-0.2369523783990793	-0.08391613957565684	499548	HN1-206.HO	Dong.HO
3335	-0.21740569346047314	-0.044077846986248656	499404	XHTB5.HO	Tibetan.HO
3336	-0.2382117521597869	-0.08332368709344838	499521	Dong04.HO	Dong.HO
3337	-0.23561959129046497	-0.08837117308950562	499097	B18.HO	Mulam.HO
3338	-0.2366688793445739	-0.08480807531920513	499509	HN1-260.HO	Dong.HO
3339	-0.23858692563617886	-0.0864327955540496	498855	Dong12.HO	Dong.HO
3340	-0.23482689277703514	-0.06128990174928308	499113	EYG06.HO	Yugur.HO
3341	-0.23728830473242676	-0.08777362384492868	498658	B32.HO	Mulam.HO
3342	-0.2389635235427359	-0.07931551919281937	499336	HN1-106.HO	Dong.HO
3343	-0.23902547110090885	-0.08261859814972329	499370	Dong13.HO	Dong.HO
3344	-0.19775926762723173	-0.029922372195779517	499106	EYG25.HO	Yugur.HO
3345	-0.24100784230593042	-0.08540960449055976	498928	A019.HO	Mulam.HO
3346	-0.24090342275507587	-0.08093881585699209	499378	Han516.HO	Han.HO
3347	-0.23755745264316447	-0.0882862291424709	499479	Dong01.HO	Dong.HO
3348	-0.21747352714080084	-0.05143396426455227	499547	EYG42.HO	Yugur.HO
3349	-0.23540100190631286	-0.08692595177410749	499179	A015.HO	Mulam.HO
3350	-0.24107313112978496	-0.07840101825755816	499536	Han1968.HO	Han.HO
3351	-0.23681596974320474	-0.08530363645453938	499504	A005.HO	Mulam.HO
3352	-0.23259754208250266	-0.06026811468723272	499447	EYG46.HO	Yugur.HO
3353	-0.23396223515311085	-0.08759483875480324	498308	A016.HO	Mulam.HO
3354	-0.2456207401131829	-0.08067191390887637	499527	Han2150.HO	Han.HO
3355	-0.23322388887858164	-0.09098979846508423	499307	Zhuang16.HO	Zhuang.HO
3356	-0.23315277783165628	-0.05667035602978457	499389	EYG24.HO	Yugur.HO
3357	-0.23484473866333505	-0.08661714736317551	499068	A123.HO	Mulam.HO
3358	-0.24301417252029112	-0.08519527037549211	499546	Han1467.HO	Han.HO
3359	-0.23295759549202966	-0.09239975828933589	499493	Zhuang10.HO	Zhuang.HO
3360	-0.22109944305886337	-0.05293190907112975	499540	BAO22.HO	Bonan.HO
3361	-0.2363091169782959	-0.08981700269835352	499243	W26.HO	Maonan.HO
3362	-0.24028849471932262	-0.08013741440330563	499558	Han1619.HO	Han.HO
3363	-0.2356147338777713	-0.09041355623330882	499441	Zhuang06.HO	Zhuang.HO
3364	-0.22266341968564932	-0.0546974598881593	499497	BAO11.HO	Bonan.HO
3365	-0.23365450940506857	-0.08523936561415316	498477	W15.HO	Maonan.HO
3366	-0.24234939786844178	-0.07958683046708734	499486	Han1900.HO	Han.HO
3367	-0.23730462983668385	-0.08895305277516373	499149	Zhuang05.HO	Zhuang.HO
3368	-0.21992860299048286	-0.053354244934357815	499444	BAO03.HO	Bonan.HO
3369	-0.23510670242273646	-0.0897628718423241	498579	W41.HO	Maonan.HO
3370	-0.24368160173734513	-0.08167910900004921	499487	Han1934.HO	Han.HO
3371	-0.23434179703583488	-0.09299660516551563	499257	Zhuang07.HO	Zhuang.HO
3372	-0.233706519521926	-0.08734548572251676	499049	Dong007.HO	Dong.HO
3373	0.055330355250958294	-0.033137135183395276	495656	Lebanese1AQ127.HO	Lebanese_Christian.HO
3374	0.05767837400580424	-0.029324588693492144	495351	Lebanese1AQ170.HO	Lebanese_Christian.HO
3375	0.05211984580580609	-0.03112764633065122	496520	Lebanese2AQ121.HO	Lebanese_Muslim.HO
3376	0.049944457137994856	-0.03140869036129209	486409	Lebanese2AQ127.HO	Lebanese_Muslim.HO
3377	0.06018102539189747	-0.03115363958441032	495925	Lebanese4AQ115.HO	Lebanese_Christian.HO
3378	0.060721071761210915	-0.031493575476082225	493395	Lebanese6AQ115.HO	Lebanese_Christian.HO
3379	0.06000264473661762	-0.032455982982333265	491755	Lebanese6AQ170.HO	Lebanese_Christian.HO
3380	0.054562368898177435	-0.030295468546005566	496510	Lebanese6AS15.HO	Lebanese_Muslim.HO
3381	0.04576799268655031	-0.027970537209043515	493564	Lebanese7AQ150.HO	Lebanese_Muslim.HO
3382	0.05566631245904768	-0.03156135718073645	496563	Lebanese7AR20.HO	Lebanese_Muslim.HO
3383	0.056361438965457575	-0.03032206167931572	496513	Lebanese7AR23.HO	Lebanese_Muslim.HO
3384	0.06130519699163399	-0.0313761927535589	495893	Lebanese8AS15.HO	Lebanese_Christian.HO
3385	0.054757479452849346	-0.028695527141617813	496621	Lebanese10AQ127.HO	Lebanese_Muslim.HO
3386	0.05764716732422252	-0.032119400424923124	496521	Lebanese10AR37.HO	Lebanese_Christian.HO
3387	0.059601295080841325	-0.034578245989282004	496605	Lebanese11AS14.HO	Lebanese_Muslim.HO
3388	0.05466920987520904	-0.028570169351014744	479520	Lebanese15AR37.HO	Lebanese_Christian.HO
3389	0.053789525974497925	-0.03454665445984769	496128	Lebanese20AR21.HO	Lebanese_Muslim.HO
3390	0.0587581806919885	-0.03475475114535514	496180	Lebanese22BA23.HO	Lebanese_Christian.HO
3391	0.052927148217489305	-0.02978270498306271	495923	Lebanese24AR27.HO	Lebanese_Muslim.HO
3392	0.048678849306255344	-0.03380721329677922	490548	Lebanese30AR21.HO	Lebanese_Muslim.HO
3393	0.06481168841436152	0.0015064966736013639	492803	French23812.HO	French.HO
3394	0.0672876542537517	-0.00574050143366216	496570	French23814.HO	French.HO
3395	0.05987692762284833	-0.008450310230933863	496131	French23821.HO	French.HO
3396	0.06409449730161797	-0.0003036597088800696	495900	French23830.HO	French.HO
3397	0.06439106255040082	0.004957020848216962	495875	French23833.HO	French.HO
3398	0.06280727375040342	0.0020084107045291897	494728	French23862.HO	French.HO
3399	0.062293133662083756	-0.0010761123802875087	494676	French23915.HO	French.HO
3400	0.06485466468057728	-0.005307255354910816	493615	French23919.HO	French.HO
3401	0.056200917251681706	-0.004012111622463013	494083	French23952.HO	Ignore_French.HO
3402	0.0613927783392513	0.0061995625779004025	492146	French23989.HO	French.HO
3403	0.06534558255173481	-0.0022712750551500105	496229	French24061.HO	French.HO
3404	0.0628279058437625	-0.0020272483686006124	494624	French24075.HO	French.HO
3405	0.06243685312210279	-0.0021758290770629704	495604	French24076.HO	French.HO
3406	0.0629220752696888	0.004609043592155743	496686	French24090.HO	French.HO
3407	0.06424785295024003	-0.0012838043309254977	495514	French24118.HO	French.HO
3408	0.06130203235707795	0.00450758926147771	494860	French24120.HO	French.HO
3409	0.06756604586661696	-0.0031659008748155227	493834	French24124.HO	French.HO
3410	0.057472319065123886	-0.0071626936453922565	487021	French24144.HO	French.HO
3411	0.06560449314439283	-0.008857081216355369	496286	French24148.HO	French.HO
3412	0.061548592302645276	-0.0023753948091302297	492686	French24178.HO	French.HO
3413	0.06470840071157691	0.004226443940063663	495583	French24247.HO	French.HO
3414	0.06291895258726933	0.002414727103579031	495900	French24381.HO	French.HO
3415	0.0663518137847339	0.00457517829222586	495716	French24400.HO	French.HO
3416	0.0654336998645489	-0.00644367464154635	495395	French24408.HO	French.HO
3417	0.06207257401380461	-0.004326039530846603	491928	French24433.HO	French.HO
3418	0.06296214088010407	-0.0014689865987350145	496496	French24434.HO	French.HO
3419	0.060907537419958635	-0.001681788865101744	496420	French24437.HO	French.HO
3420	0.06335612784631528	-0.00949932102563578	495531	French24690.HO	French.HO
3421	0.05952222080827167	-0.0038366100597033194	487964	French24817.HO	French.HO
3422	0.06350926464026607	-0.00424453117058699	496421	French25068.HO	French.HO
3423	0.0265402934824786	-0.033005351911266606	496588	PV001.HO	Iranian_Bandari.HO
3424	0.019969963810420092	-0.03496190407942364	495011	PV002.HO	Iranian_Bandari.HO
3425	0.03677615500201878	-0.029304214611329565	496225	PV003.HO	Iranian_Bandari.HO
3426	0.02708949200623961	-0.03250310113930671	496765	PV004.HO	Iranian_Bandari.HO
3427	0.028425739318911285	-0.032582984753454516	496836	PV005.HO	Iranian_Bandari.HO
3428	0.02496423865556565	-0.03617865947541644	496822	PV006.HO	Iranian_Bandari.HO
3429	0.023626474967477832	-0.031239412791634568	496873	PV007.HO	Iranian_Bandari.HO
3430	0.022783430898891555	-0.03626644896257454	496144	PV008.HO	Iranian_Bandari.HO
3431	-0.19641938901581812	-0.06440088652813308	495959	Burm4.HO	Burmese.HO
3432	-0.1949772937066068	-0.05659206536522763	496914	Burm7.HO	Burmese.HO
3433	-0.18762465278045437	-0.06583382636850724	496855	Burm8.HO	Burmese.HO
3434	-0.16700725207812717	-0.06022391197609675	495366	Burm9.HO	Burmese.HO
3435	-0.19519061385649056	-0.06414910878809814	496925	Burm10.HO	Burmese.HO
3436	-0.19869596859197555	-0.06418777263858146	496761	Burm12.HO	Burmese.HO
3437	-0.21659025563070305	-0.06479498086882964	491020	Burm13.HO	Burmese.HO
3438	-0.17201350467084547	-0.06132960428185637	496896	Burm14.HO	Burmese.HO
3439	-0.1851443984554799	-0.06220446347962891	496703	Burm15.HO	Burmese.HO
3440	-0.2192168047282454	-0.06872474967154217	496803	Burm16.HO	Burmese.HO
3441	-0.22617577361287244	-0.09061114786953678	496887	Dusun4.HO	Dusun.HO
3442	-0.22203938463976122	-0.08973575455608654	496788	Dusun7.HO	Dusun.HO
3443	-0.22166909699227316	-0.09227301133371069	496791	Dusun8.HO	Dusun.HO
3444	-0.22560974100019904	-0.08976564473238816	496920	Dusun10.HO	Dusun.HO
3445	-0.22330157714035834	-0.09112600464683687	496756	Dusun11.HO	Dusun.HO
3446	-0.2172477219707259	-0.09066367637255832	496650	Dusun12.HO	Dusun.HO
3447	-0.22258942629515638	-0.0968037029317863	496848	Dusun14.HO	Dusun.HO
3448	-0.21435759984308034	-0.08716673408232614	496785	Dusun21.HO	Dusun.HO
3449	-0.22623132476375288	-0.09361773568829103	496940	Dusun22.HO	Dusun.HO
3450	-0.22206810343699612	-0.08574770318825206	496961	Dusun23.HO	Dusun.HO
3451	0.038750334678755216	-0.03410869322314612	496395	PV019.HO	Iranian.HO
3452	0.0428675370599359	-0.028363608921095282	494834	PV020.HO	Iranian.HO
3453	0.04153776599262389	-0.028809912731421083	495101	PV021.HO	Iranian.HO
3454	0.03846759149275943	-0.0325530819751155	496755	PV022.HO	Iranian.HO
3455	0.04361084614566956	-0.031859115048727266	496456	PV023.HO	Iranian.HO
3456	0.03987949704738907	-0.0284929005206955	496824	PV024.HO	Iranian.HO
3457	0.04146506928631268	-0.03351848952228776	496056	PV025.HO	Iranian.HO
3458	0.03569608560324598	-0.03165428962852369	494975	PV026.HO	Iranian.HO
3459	0.036217741181668935	-0.034966589853236696	494843	PV027.HO	Iranian.HO
3460	0.04610974774037235	-0.03324627519098655	496577	PV028.HO	Iranian.HO
3461	-0.2321044094348333	-0.0909327158758716	496435	Igorot3.HO	Kankanaey.HO
3462	-0.23270118124455835	-0.09019169611735924	496772	Igorot4.HO	Kankanaey.HO
3463	-0.23514478381763373	-0.09388452637453704	496530	Igorot5.HO	Kankanaey.HO
3464	-0.23153042274607463	-0.08958160156050313	496846	Igorot6.HO	Kankanaey.HO
3465	-0.23454069216390852	-0.09125435818177138	496552	Igorot10.HO	Kankanaey.HO
3466	-0.22641067198799675	-0.08710329863597714	496911	Igorot11.HO	Kankanaey.HO
3467	-0.2375714461702541	-0.0918991882858369	496808	Igorot13.HO	Kankanaey.HO
3468	-0.2343863845873866	-0.09331126011872486	496495	Igorot17.HO	Kankanaey.HO
3469	-0.2355056033935665	-0.09009436746297936	496912	Igorot21.HO	Kankanaey.HO
3470	-0.23312049475781685	-0.09058064870151551	496810	Igorot23.HO	Kankanaey.HO
3471	0.06349204799791895	-0.02538120148399805	496665	ITS4.HO	Italian_South.HO
3472	0.06426993809897051	-0.02002790562876485	496376	ITS5.HO	Italian_South.HO
3473	0.06305820880141966	-0.02093029425958238	493697	ITS7.HO	Italian_South.HO
3474	0.045526042480271756	-0.03133209394446602	496677	LIB7.HO	Libyan.HO
3475	0.037948286639796276	-0.03259335432220949	486602	LIB13.HO	Libyan.HO
3476	0.04376321974389347	-0.03411973392071854	496781	LIB18.HO	Libyan.HO
3477	0.045943453651925134	-0.032904810873584565	496462	LIB27.HO	Libyan.HO
3478	0.04257134583773762	-0.03567991512975611	496048	LIB30.HO	Libyan.HO
3479	0.036296671720670345	-0.02733884245755263	495447	PV009.HO	Iranian.HO
3480	0.038838238943255055	-0.02588712023339268	478579	PV010.HO	Iranian.HO
3481	0.04193100495633547	-0.025543024986496774	496333	PV011.HO	Iranian.HO
3482	0.04692438961627033	-0.03239552437046877	496787	PV012.HO	Iranian.HO
3483	0.03836847224702494	-0.029236256265489074	496371	PV013.HO	Iranian.HO
3484	0.04747316787135195	-0.02534095322747667	496180	PV014.HO	Iranian.HO
3485	0.03704364466008862	-0.03115078001810237	495898	PV015.HO	Iranian.HO
3486	0.042518368847942536	-0.0309212764511151	496472	PV016.HO	Iranian.HO
3487	0.045552718679343	-0.027856211407133936	496466	PV017.HO	Iranian.HO
3488	0.039068787227285406	-0.02992394278681702	495663	PV018.HO	Iranian.HO
3489	-0.22744354500290706	-0.08753307673065078	496837	Luz2.HO	Ilocano.HO
3490	-0.19302054787334486	-0.08017578810799217	496914	Luz5.HO	Tagalog.HO
3491	-0.22663487535101426	-0.09293608102860768	496814	Luz6.HO	Ilocano.HO
3492	-0.208305054595451	-0.07945341231349294	496815	Luz8.HO	Tagalog.HO
3493	-0.2211575499066799	-0.08312042413281516	496743	Luz9.HO	Tagalog.HO
3494	-0.21256695741554732	-0.08197665703490206	496786	Luz10.HO	Tagalog.HO
3495	-0.21892903383911058	-0.08534953418725909	496863	Luz11.HO	Tagalog.HO
3496	-0.20891989094344277	-0.08722144206008237	496937	Malay2.HO	Malay.HO
3497	-0.16767872807004874	-0.07190890013582588	496800	Malay5.HO	Malay.HO
3498	-0.20349502338967695	-0.08462685133811013	496840	Malay6.HO	Malay.HO
3499	-0.19689355110262832	-0.08253980766251116	496717	Malay10.HO	Malay.HO
3500	-0.1997238903701213	-0.08554541263541075	496831	Malay11.HO	Malay.HO
3501	-0.19053417134598608	-0.0809388619195883	496867	Malay13.HO	Malay.HO
3502	-0.21061748774227054	-0.08757331613201208	496711	Malay14.HO	Malay.HO
3503	-0.1817138065966378	-0.07899569437105546	496827	Malay20.HO	Malay.HO
3504	-0.19559564542072277	-0.08311084010741915	496764	Malay21.HO	Malay.HO
3505	0.04073482762333553	-0.033486090749529455	496768	MCA7.HO	Moroccan.HO
3506	0.036265777855447906	-0.03375149683018263	496565	MCA8.HO	Moroccan.HO
3507	0.04357060479025195	-0.027801877438687075	494675	MCA9.HO	Moroccan.HO
3508	0.03951849089016277	-0.03272572788690261	496308	MCA14.HO	Moroccan.HO
3509	0.0381511664394929	-0.03107409951817004	496392	MCA16.HO	Moroccan.HO
3510	0.027588532702485968	-0.035053904437589746	494229	MCA19.HO	Moroccan.HO
3511	0.03768637188896881	-0.03181345039190386	489899	MCA24.HO	Moroccan.HO
3512	0.04127969458100134	-0.03114850454557503	496119	MCA37.HO	Moroccan.HO
3513	0.03337488282112331	-0.03327279074180915	496246	MCA38.HO	Moroccan.HO
3514	0.03551435210925069	-0.03312446444595395	496690	MCA39.HO	Moroccan.HO
3515	-0.22465621230167968	-0.09584208100796421	496735	Murut2.HO	Murut.HO
3516	-0.2229547695222205	-0.0931519770171818	496793	Murut3.HO	Murut.HO
3517	-0.2249999967990138	-0.0988615143936476	496155	Murut4.HO	Murut.HO
3518	-0.22385280067662403	-0.09091343325416763	496907	Murut5.HO	Murut.HO
3519	-0.22904689401443454	-0.09071964802549866	496912	Murut6.HO	Murut.HO
3520	-0.22556321478287017	-0.09010778008413292	496585	Murut9.HO	Murut.HO
3521	-0.22512827428533627	-0.08737014159145927	496800	Murut11.HO	Murut.HO
3522	-0.22518552553206486	-0.08983903445481858	496825	Murut13.HO	Murut.HO
3523	-0.22274453223787327	-0.08891891243441821	496940	Murut15.HO	Murut.HO
3524	-0.2263175613448151	-0.09280006381860796	496811	Murut17.HO	Murut.HO
3525	0.04324826962075677	-0.030553680848741396	496050	PV029.HO	Iranian.HO
3526	0.037405695060138765	-0.03248760197084721	495988	PV030.HO	Iranian.HO
3527	0.029206034926363658	-0.03047303382656361	494776	PV031.HO	Iranian.HO
3528	0.03645137378273623	-0.027211931214567938	494760	PV032.HO	Iranian.HO
3529	0.03005244215514976	-0.025300069330577834	495947	PV033.HO	Iranian.HO
3530	0.04067907075965932	-0.030905021974999634	495943	PV034.HO	Iranian.HO
3531	0.0345026427918866	-0.028913913550609502	493792	PV035.HO	Iranian.HO
3532	0.037596823311735125	-0.03413212447496547	494291	PV036.HO	Iranian.HO
3533	0.039342796629417066	-0.030282842363059406	496294	PV037.HO	Iranian.HO
3534	0.028012735353165612	-0.02974548708780963	492580	PV038.HO	Iranian.HO
3535	-0.1791851321371289	0.10737075224617992	493976	Tuebingen02.HO	Enets.HO
3536	-0.21492737388112676	0.12957493172578854	494075	Tuebingen06.HO	Nganasan.HO
3537	-0.21997382533104126	0.13363551125884737	496943	Tuebingen07.HO	Nganasan.HO
3538	-0.218527716397494	0.13204352428664845	496619	Tuebingen12.HO	Nganasan.HO
3539	-0.21807273232554347	0.1289036377049715	496527	Tuebingen14.HO	Nganasan.HO
3540	-0.21911005485188262	0.13410732716409138	496432	Tuebingen17.HO	Nganasan.HO
3541	-0.22723086737883796	0.1377957310899413	496579	Tuebingen19.HO	Nganasan.HO
3542	-0.22171104056749813	0.1348226713292503	496203	Tuebingen21.HO	Nganasan.HO
3543	-0.223898180471254	0.12811345298467516	489205	Tuebingen23.HO	Nganasan.HO
3544	-0.2249321918789496	0.13991584853490194	494003	Tuebingen25.HO	Nganasan.HO
3545	-0.2236086998645165	0.13653086547603455	493015	Tuebingen27.HO	Nganasan.HO
3546	-0.22985327939326494	0.13802610514977298	495681	Tuebingen28.HO	Nganasan.HO
3547	-0.1425008570874128	0.09104532480893059	496793	Tuebingen35.HO	Enets.HO
3548	-0.17115663908442152	0.10167457471469182	496034	Tuebingen44.HO	Enets.HO
3549	-0.13992474292610446	0.09192577155725201	496360	Tuebingen50.HO	Selkup.HO
3550	-0.13490008984368432	0.10008727939918549	496301	Tuebingen51.HO	Selkup.HO
3551	-0.13130593212033445	0.0943406769822788	496145	Tuebingen52.HO	Selkup.HO
3552	-0.12453092269595314	0.09062310135495702	496783	Tuebingen53.HO	Selkup.HO
3553	-0.1281261914477547	0.09762408366453092	495823	Tuebingen54.HO	Selkup.HO
3554	-0.12802506938795827	0.0947403889184576	494872	Tuebingen58.HO	Selkup.HO
3555	-0.1346641266204029	0.09534774563927642	496976	Tuebingen59.HO	Selkup.HO
3556	-0.13576785637332664	0.09335159178573779	495145	Tuebingen60.HO	Selkup.HO
3557	-0.13284271496512742	0.10077013824160758	496115	Tuebingen62.HO	Selkup.HO
3558	-0.12797766395738114	0.08647176532528388	489196	Tuebingen64.HO	Selkup.HO
3559	-0.1296445273201647	0.08648263731241022	490679	Tuebingen72.HO	Selkup.HO
3560	-0.11253369557296573	0.08316917959020045	495563	Tuebingen74.HO	Selkup.HO
3561	-0.14301897719688939	0.09167571154302474	496861	Tuebingen76.HO	Ket.HO
3562	-0.11793411597902347	0.08462754612723249	491375	Tuebingen77.HO	Selkup.HO
3563	-0.13017995529440837	0.09309439677251388	494955	Tuebingen79.HO	Selkup.HO
3564	-0.14050669942639757	0.098264477969821	495182	Tuebingen80.HO	Ket.HO
3565	-0.1467051368432405	0.09860441001278976	495606	Tuebingen81.HO	Ket.HO
3566	-0.14399403934041372	0.09591483359217638	496101	Tuebingen83.HO	Ket.HO
3567	-0.14632499423952	0.09705554096285252	496387	Tuebingen82.HO	Ket.HO
3568	-0.14750336083894397	0.09459629710371036	495961	Tuebingen87.HO	Ket.HO
3569	-0.1432520963250524	0.09146795747891827	495797	Tuebingen90.HO	Ket.HO
3570	-0.1411172648301585	0.09559772339411308	496631	Tuebingen94.HO	Ket.HO
3571	-0.14327971130007985	0.09318983669828088	492954	Tuebingen95.HO	Ket.HO
3572	-0.14259663365322764	0.09535964779304454	496031	Tuebingen97.HO	Ket.HO
3573	-0.14191228332084427	0.09834195563855021	495136	Tuebingen101.HO	Ket.HO
3574	-0.13714202520140442	0.09366001438687392	496770	Tuebingen103.HO	Ket.HO
3575	-0.14284569040101527	0.09078237137751491	493836	Tuebingen104.HO	Ket.HO
3576	-0.22145455652575732	0.13386007869453506	495737	Tuebingen106.HO	Nganasan.HO
3577	-0.22480249207844089	0.13474972707692862	496407	Tuebingen111.HO	Nganasan.HO
3578	-0.2260853918937616	0.14460110938540302	496451	Tuebingen112.HO	Nganasan.HO
3579	-0.20931272232112832	0.13005576514857164	496194	Tuebingen114.HO	Nganasan.HO
3580	-0.2236562036231465	0.13077636922313973	496628	Tuebingen116.HO	Nganasan.HO
3581	-0.2260598553868153	0.13645957795155605	494650	Tuebingen119.HO	Nganasan.HO
3582	-0.23002634000718775	0.1376849831966511	496365	Tuebingen121.HO	Nganasan.HO
3583	-0.23017400180020559	0.1359112192236045	496644	Tuebingen123.HO	Nganasan.HO
3584	-0.2271217413843501	0.1306233734703886	495925	Tuebingen124.HO	Nganasan.HO
3585	-0.21869173469245004	0.1363942256772949	496329	Tuebingen126.HO	Nganasan.HO
3586	-0.2288919452654125	0.13369618529713403	492844	Tuebingen127.HO	Nganasan.HO
3587	-0.1363310880870358	0.09409501234443451	496514	TuebingenK7.HO	Ket.HO
3588	-0.124692054282784	0.09049600508266406	491867	TuebingenK15.HO	Ket.HO
3589	-0.1418741107248595	0.09382161620874481	495257	TuebingenK16.HO	Ket.HO
3590	-0.1399207047225953	0.08916733714352845	493235	TuebingenK17.HO	Ket.HO
3591	-0.12563557506150236	0.08918810961525776	493042	TuebingenK22.HO	Ket.HO
3592	-0.14350083266152672	0.09905792995392756	495932	TuebingenK29.HO	Ket.HO
3593	-0.20143640471456414	0.08293705371766888	496605	Vgut1.HO	Tofalar.HO
3594	-0.20010026460177543	0.07896144467568092	496609	Vgut2.HO	Tofalar.HO
3595	-0.20315027247344078	0.07995191845244372	496401	Vgut4.HO	Tofalar.HO
3596	-0.20457855682485143	0.08046276366403231	496730	Vgut6.HO	Tofalar.HO
3597	-0.20749128232905567	0.08266105651027314	496736	Vgut7.HO	Tofalar.HO
3598	-0.1823239289675397	0.07711311190435632	496723	Vgut8.HO	Tofalar.HO
3599	-0.2076656859941592	0.08230260793749375	496235	Vgut11.HO	Tofalar.HO
3600	-0.19915456114293226	0.0856758220699907	495934	Vgut12.HO	Tofalar.HO
3601	-0.20064571032885953	0.08284371528329953	496259	Vgut13.HO	Tofalar.HO
3602	-0.046186364436752975	0.036632297804477056	496333	Vgut14.HO	Tofalar_oEuropean.HO
3603	-0.20659267773667933	0.08784953701172277	496855	Vgut15.HO	Tofalar.HO
3604	-0.20409798925357286	0.08404248301653608	496261	Vgut18.HO	Tofalar.HO
3605	-0.19832142290983162	0.07505825548920889	496704	Vgut19.HO	Tofalar.HO
3606	-0.23396565023731297	-0.08924761067645011	496863	Viet5.HO	Vietnamese.HO
3607	-0.22788293974521606	-0.08550525329136069	496378	Viet6.HO	Vietnamese.HO
3608	-0.23129215604328335	-0.08405673291426342	496696	Viet8.HO	Vietnamese.HO
3609	-0.23163602467709019	-0.08419256524894242	496600	Viet10.HO	Vietnamese.HO
3610	-0.23446953497731357	-0.08400034499704893	496899	Viet12.HO	Vietnamese.HO
3611	-0.22964682280606422	-0.0853402039796369	496859	Viet24.HO	Vietnamese.HO
3612	-0.22943947692112826	-0.08594201962744578	496844	Viet27.HO	Vietnamese.HO
3613	-0.22749044645028452	-0.08524400397186131	496924	Viet29.HO	Vietnamese.HO
3614	-0.23124811055289185	-0.08946914209160337	496865	Viet33.HO	Vietnamese.HO
3615	-0.22585780884187842	-0.08593431227220664	496895	Viet36.HO	Vietnamese.HO
3616	-0.22176094528107082	-0.08472957990413749	496603	Vizaya1.HO	Visayan.HO
3617	-0.21628751972714966	-0.08727933363480783	489075	Vizaya2.HO	Visayan.HO
3618	-0.21114925770781476	-0.08108185148880992	496885	Vizaya3.HO	Visayan.HO
3619	-0.2148717244201526	-0.08439481989313842	496895	Vizaya4.HO	Visayan.HO
3620	0.057610300911766305	0.0008143284561232186	496964	A306.HO	Romanian.HO
3621	0.05891258814533185	-0.0068703451379815384	495080	A325.HO	Romanian.HO
3622	0.06385841872054468	-0.007391698201507077	496814	A343.HO	Romanian.HO
3623	0.05916158153065327	-0.0043601029738743165	496899	A362.HO	Romanian.HO
3624	0.05850390839476673	-0.00655257876992251	496626	A374.HO	Romanian.HO
3625	0.05689227650509409	-0.03379426139113404	494749	Assyrian151.HO	Assyrian.HO
3626	0.05303504389275284	-0.031228314671201705	496876	Assyrian152.HO	Assyrian.HO
3627	0.0553277283843288	-0.030966197591713943	496917	Assyrian153.HO	Assyrian.HO
3628	0.055833349738760925	-0.03332437048412648	496698	Assyrian155.HO	Assyrian.HO
3629	0.05483659930081095	-0.035142673522309174	496972	Assyrian159.HO	Assyrian.HO
3630	0.050115961240586974	-0.02920291058218009	496994	Assyrian160.HO	Assyrian.HO
3631	0.05366944303122092	-0.0281890096363072	496962	Assyrian161.HO	Assyrian.HO
3632	0.05508461702251547	-0.03249504222670961	496900	Assyrian162.HO	Assyrian.HO
3633	0.053569248578898804	-0.030357061791956675	496605	Assyrian163.HO	Assyrian.HO
3634	0.05583851478685271	-0.03213610051825039	496925	Assyrian164.HO	Assyrian.HO
3635	0.052081334238959366	-0.032891892600194976	496988	Assyrian165.HO	Assyrian.HO
3636	0.05951865498106636	-0.007143289133090787	496675	G408.HO	Romanian.HO
3637	0.05953707153587989	-0.004267258533722808	496863	G421.HO	Romanian.HO
3638	0.06167767475895559	-0.008063976615259634	496343	G428.HO	Romanian.HO
3639	0.06179593367266278	-0.0059274118611599685	495892	G429.HO	Romanian.HO
3640	0.058348343783009404	-0.0062444218244283095	496685	G434.HO	Romanian.HO
3641	0.010530407968430867	-0.02498676087224526	500692	Href.HO	hg19ref.HO
3642	0.010485140489110404	-0.025251588620589387	499307	Href_HO.HO	hg19ref.HO
3643	-0.03798846152953326	-0.04018946394045241	447773	Gorilla.HO	Gorilla.HO
3644	-0.03862335116299228	-0.03915077009943617	429943	Orang.HO	Orangutan.HO
3645	0.040788235293983115	-0.028491970455903574	489876	BBR034.HO	Berber.WGA.HO
3646	-0.19601389067269892	-0.0852894547595853	486196	BO110.HO	Nyah_Kur.HO
3647	-0.2133900781505361	-0.08592172366334523	486713	MA122.HO	Mlabri.HO
3648	-0.21024179887668962	-0.07973455028489203	482984	MO616.HO	Mon.HO
3649	-0.2125056327069368	-0.08890629707006356	470583	TN110.HO	Htin_Mal.HO
3650	-0.19722429005457162	-0.07973707357263093	487883	BO114.HO	Nyah_Kur.HO
3651	-0.20344895874752075	-0.08680977863778011	487313	KHM138.HO	Khmer.HO
3652	-0.23017440788573984	-0.08742981906054285	487999	TL351.HO	Tai_Lue.HO
3653	-0.22155795144541476	-0.0761597074774751	488924	EBK129.HO	Karen_Sgaw.HO
3654	-0.20129514339699844	-0.08470635534295917	488095	KHM214.HO	Khmer.HO
3655	-0.20013988075019593	-0.07174856133582636	489040	MO605.HO	Mon.HO
3656	-0.2210159120676265	-0.07483577054319378	488608	LW108.HO	Lawa.HO
3657	-0.232548908409748	-0.08407771061206695	482518	HM112.HO	Hmong.HO
3658	-0.20020617171040325	-0.08716699053733701	489320	KHM226.HO	Khmer.HO
3659	-0.2375899751362755	-0.08003328693563357	486947	HM149.HO	Hmong.HO
3660	-0.2359956878064824	-0.08084053896106838	488972	HM136.HO	Hmong.HO
3661	-0.20207399032201	-0.08330009947847526	489222	KHM234.HO	Khmer.HO
3662	-0.2088105493471911	-0.0834102122750663	486413	Jk2812.HO	Micronesian.HO
3663	-0.20387074781144449	-0.07271295049060962	489098	MO615.HO	Mon.HO
3664	-0.19234613906770942	-0.06869536276651043	489413	MO606.HO	Mon.HO
3665	-0.2200893004290937	-0.07411558836309932	489556	LW123.HO	Lawa.HO
3666	-0.21581040274035052	-0.07195386696281703	489600	EBK123.HO	Karen_Sgaw.HO
3667	-0.21212402003924308	-0.08768306706629331	489218	MA119.HO	Mlabri.HO
3668	-0.20936711312425121	-0.0822531158325818	490290	BO128.HO	Nyah_Kur.HO
3669	-0.20884092543712857	-0.08004247042286883	489877	MO619.HO	Mon.HO
3670	-0.2177549233507087	-0.08962929935805565	489951	TN102.HO	Htin_Mal.HO
3671	-0.19586532775823787	-0.07884979236016504	490085	BO118.HO	Nyah_Kur.HO
3672	-0.23998494108320448	-0.08280123616986966	489407	HM123.HO	Hmong.HO
3673	-0.2186815997618966	-0.07613747166637762	489796	LW116.HO	Lawa.HO
3674	-0.2197640957721275	-0.07416152311414294	489973	EBK124.HO	Karen_Sgaw.HO
3675	-0.21846061134570074	-0.07409029335347016	490066	LW120.HO	Lawa.HO
3676	-0.2188383732722774	-0.07541153413011281	489638	LW135.HO	Lawa.HO
3677	-0.23551213412331462	-0.09199787813942009	489806	TL348.HO	Tai_Lue.HO
3678	-0.19584750540090937	-0.07487604379742932	490319	MO612.HO	Mon.HO
3679	-0.1959611423911431	-0.07894664384727954	489698	KHM210.HO	Khmer.HO
3680	-0.19697060300819713	-0.08586927710117594	490280	BO104.HO	Nyah_Kur.HO
3681	-0.21215700477108265	-0.085858215070593	489559	MA112.HO	Mlabri.HO
3682	-0.19439773260594106	-0.08764870079655045	489715	BO106.HO	Nyah_Kur.HO
3683	-0.2024525667485218	-0.09039735779148686	490190	SU122.HO	Kuy_Suay.HO
3684	-0.1987636234578304	-0.0831582062773893	490465	KHM236.HO	Khmer.HO
3685	-0.2035525456060052	-0.08697111039390071	489810	SU114.HO	Kuy_Suay.HO
3686	-0.2078122777083694	-0.08733629643835435	490271	SU110.HO	Kuy_Suay.HO
3687	-0.19649197349297323	-0.07951853452479095	489836	KHM230.HO	Khmer.HO
3688	-0.22820227218409256	-0.08923618274726373	490279	TL316.HO	Tai_Lue.HO
3689	-0.22071391193361578	-0.07322185730871825	490108	LW149.HO	Lawa.HO
3690	-0.1997588203953126	-0.0858070264485518	490520	BO116.HO	Nyah_Kur.HO
3691	-0.19919815693962414	-0.08479046494870048	490535	KHM204.HO	Khmer.HO
3692	-0.2061210374459646	-0.08884138854922943	490524	KHM126.HO	Khmer.HO
3693	-0.1809907019366537	-0.07323684470640827	488640	Jk2817.HO	Micronesian.HO
3694	-0.22226384727963913	-0.07935862034895734	489590	EBK115.HO	Karen_Sgaw.HO
3695	-0.22408917880315204	-0.07148892427783707	490155	EBK114.HO	Karen_Sgaw.HO
3696	-0.20467999838180892	-0.08844389647486875	490167	SU128.HO	Kuy_Suay.HO
3697	-0.2200451332401782	-0.07957131617339705	490364	EBK113.HO	Karen_Sgaw.HO
3698	-0.21142849602888422	-0.08594880898590472	490443	TN106.HO	Htin_Mal.HO
3699	-0.2117477926555033	-0.08788427088207171	490285	LW107.HO	Lawa.HO
3700	-0.23336610377298975	-0.09256570021753771	489312	TL326.HO	Tai_Lue.HO
3701	-0.23765293802166465	-0.08188021359002644	490134	HM103.HO	Hmong.HO
3702	-0.1974033525827464	-0.07341814335014765	490246	MO620.HO	Mon.HO
3703	-0.2176112451578933	-0.08676018015394707	490506	TN105.HO	Htin_Mal.HO
3704	-0.19542515136053207	-0.08570092115192168	490025	BO124.HO	Nyah_Kur.HO
3705	-0.21250876408646546	-0.08533069949156488	489949	MA107.HO	Mlabri.HO
3706	-0.23223462482494542	-0.08112107987909017	490475	HM131.HO	Hmong.HO
3707	-0.21765261792336263	-0.06914760294510305	490493	EBK131.HO	Karen_Sgaw.HO
3708	-0.2144472084206557	-0.08620456738621489	489902	MA124.HO	Mlabri.HO
3709	-0.21559656363975604	-0.07821559026340068	490351	LW124.HO	Lawa.HO
3710	-0.20534353347617545	-0.08426066138246346	490607	SU132.HO	Kuy_Suay.HO
3711	-0.2123360210476838	-0.0865444982609783	489718	MA113.HO	Mlabri.HO
3712	-0.21420344171526717	-0.08710983824813769	490406	TN122.HO	Htin_Mal.HO
3713	-0.2117660990409462	-0.08795647404765404	490684	TN123.HO	Htin_Mal.HO
3714	-0.2127916922247175	-0.08664691413156093	490498	MA117.HO	Mlabri.HO
3715	-0.2000637570594939	-0.08441616952095997	490592	SU124.HO	Kuy_Suay.HO
3716	-0.21075422597179133	-0.07752433772505452	487716	Jk2820.HO	Micronesian.HO
3717	-0.18453578169156568	-0.0692518939848849	490455	MO604.HO	Mon.HO
3718	-0.21715377026554683	-0.07710520648116363	490550	TL319.HO	Tai_Lue.HO
3719	-0.23053711590002904	-0.08839555359397305	490490	TL362.HO	Tai_Lue.HO
3720	-0.19679189964145133	-0.08023192383413442	488647	Jk2818.HO	Micronesian.HO
3721	-0.19412542546262793	-0.0727582388373825	489846	MO602.HO	Mon.HO
3722	-0.20044422651364494	-0.07369631293735986	490479	MO609.HO	Mon.HO
3723	-0.1975451823046335	-0.08286240522454145	490610	BO132.HO	Nyah_Kur.HO
3724	-0.17263133332518435	-0.06972543024439769	488502	Jk2814.HO	Micronesian.HO
3725	-0.21980510669235986	-0.07045476473503214	489733	LW131.HO	Lawa.HO
3726	-0.23335688671624533	-0.09257212794104562	490456	TL343.HO	Tai_Lue.HO
3727	-0.2040673739858342	-0.09441642878016297	490474	SU102.HO	Kuy_Suay.HO
3728	-0.2219509211515273	-0.07392425319690153	490582	EBK102.HO	Karen_Sgaw.HO
3729	-0.20109315797621025	-0.08420605717306907	490684	KHM220.HO	Khmer.HO
3730	-0.20560911325430178	-0.08886400320850298	490376	SU106.HO	Kuy_Suay.HO
3731	-0.23770923615951786	-0.08418785206062308	490536	HM148.HO	Hmong.HO
3732	-0.21212136513367216	-0.08397137657947687	490518	MA115.HO	Mlabri.HO
3733	-0.20293536424124253	-0.08619176484529678	490665	SU138.HO	Kuy_Suay.HO
3734	-0.21158235473573733	-0.08904001966859673	490528	MA126.HO	Mlabri.HO
3735	-0.21518482667640482	-0.08813468157030971	490692	TN115.HO	Htin_Mal.HO
3736	-0.2212277336065077	-0.07405790085013592	490642	EBK108.HO	Karen_Sgaw.HO
3737	-0.236229837371643	-0.07941816689229969	490800	HM114.HO	Hmong.HO
3738	-0.2362074786396293	-0.0801251547585399	490689	HM152.HO	Hmong.HO
3739	-0.21576056273794625	-0.08709907647143807	490750	TN147.HO	Htin_Mal.HO
3740	-0.21769448403153596	-0.06599508993807483	490705	EBK104.HO	Karen_Sgaw.HO
3741	-0.19828837810834474	-0.0798598711810612	490849	BO108.HO	Nyah_Kur.HO
3742	-0.22737601277150749	-0.0868304232477717	490545	TL323.HO	Tai_Lue.HO
3743	-0.23185070167751676	-0.08972285933675442	490695	TL338.HO	Tai_Lue.HO
3744	-0.2132598122251591	-0.0889935925072094	490779	TN112.HO	Htin_Mal.HO
3745	-0.214640415919089	-0.08727639801736307	490404	MA128.HO	Mlabri.HO
3746	-0.2255226553385919	-0.08755257078743338	490489	TL329.HO	Tai_Lue.HO
3747	-0.23897490933796928	-0.08364076083082012	490677	HM115.HO	Hmong.HO
3748	-0.2024948939562869	-0.0847880860017941	490805	SU118.HO	Kuy_Suay.HO
3749	-0.18506943211646373	-0.07453531525340154	488997	Jk2813.HO	Micronesian.HO
3750	-0.16612275001830684	-0.06844653273388576	489435	Jk2810.HO	Micronesian.HO
3751	-0.21853113071185346	-0.07425814295784167	490767	LW113.HO	Lawa.HO
3752	-0.19766723991543284	-0.07919694912198344	484462	Jk2824.HO	Micronesian.HO
3753	-0.18617474527982866	-0.07462406978895764	489672	Jk2815.HO	Micronesian.HO
3754	-0.21361057807021172	-0.09097478561350153	490902	TN125.HO	Htin_Mal.HO
3755	-0.1932091354929059	-0.06999596240809099	489759	Jk2822.HO	Micronesian.HO
3756	-0.15842918399939412	-0.06591772730345073	492960	MANIQ1.HO	Maniq.HO
3757	-0.15773466445882298	-0.07024320893354624	491463	MANIQ3.HO	Maniq.HO
3758	-0.15775406409300038	-0.06685826236161638	490915	MANIQ5.HO	Maniq.HO
3759	-0.1544047662071938	-0.06746234210771296	494897	MANIQ8.HO	Maniq.HO
3760	-0.15828406515548604	-0.06619264093918054	495110	MANIQ9.HO	Maniq.HO
3761	-0.15734508845827663	-0.07244210005236884	494608	MANIQ10.HO	Maniq.HO
3762	-0.15918447440059882	-0.0701467805727094	494455	MANIQ11.HO	Maniq.HO
3763	-0.15667085677610162	-0.06966756262714026	494893	MANIQ13.HO	Maniq.HO
3764	-0.15964502937389505	-0.06629252946960087	491918	MANIQ14.HO	Maniq.HO
3765	-0.22499903129218837	-0.06806030209334105	495084	AKHA1.HO	Akha.HO
3766	-0.22866996451165156	-0.06793864696955094	493248	AKHA5.HO	Akha.HO
3767	-0.230963776395634	-0.07018901371572579	495261	AKHA12.HO	Akha.HO
3768	-0.22894262393503648	-0.07022148274720785	491803	AKHA14.HO	Akha.HO
3769	-0.2270717523667261	-0.06679619424440576	489791	AKHA17.HO	Akha.HO
3770	-0.22732908875693625	-0.0654676305481998	494508	AKHA18.HO	Akha.HO
3771	-0.22743306833885749	-0.06670455137624166	494734	AKHA20.HO	Akha.HO
3772	-0.22819280832342573	-0.06781957856042702	493976	AKHA21.HO	Akha.HO
3773	-0.23445856488054992	-0.07148408661226081	495459	AKHA23.HO	Akha.HO
3774	-0.22777146142351462	-0.06897487764299547	493634	AKHA27.HO	Akha.HO
3775	-0.2288735656933573	-0.06819073799011291	495191	AKHA29.HO	Akha.HO
3776	-0.22539788377122472	-0.06962784226377275	493681	AKHA30.HO	Akha.HO
3777	-0.22860257327081795	-0.07226180773560102	495341	AKHA31.HO	Akha.HO
3778	-0.22962957519557395	-0.06949422548406868	495420	AKHA33.HO	Akha.HO
3779	-0.23090427592200338	-0.0675657366196596	495250	AKHA34.HO	Akha.HO
3780	-0.2284057911694248	-0.07062529238274583	495087	AKHA37.HO	Akha.HO
3781	-0.22825271406478234	-0.07077887609850267	494325	AKHA39.HO	Akha.HO
3782	-0.23397186842112488	-0.07243647433986243	494024	AKHA40.HO	Akha.HO
3783	-0.2289453468515099	-0.07179324131152512	491794	AKHA41.HO	Akha.HO
3784	-0.22588831948028337	-0.06935332159171817	491706	AKHA44.HO	Akha.HO
3785	-0.23126526628373145	-0.06959718926648213	494642	AKHA46.HO	Akha.HO
3786	-0.22663247880879042	-0.07164800907861636	493164	AKHA47.HO	Akha.HO
3787	-0.22801733749000402	-0.07385829288117751	491830	AKHA52.HO	Akha.HO
3788	-0.22658245737127491	-0.06964296141829598	495603	AKHA53.HO	Akha.HO
3789	-0.2288993534393123	-0.07087458858607712	485985	AKHA54.HO	Akha.HO
3790	-0.2319591886195331	-0.0735607013555598	495502	AKHA56.HO	Akha.HO
3791	-0.22923923698120063	-0.07066706800689138	495597	AKHA57.HO	Akha.HO
3792	-0.2273642913056311	-0.06753658956601437	489357	AKHA58.HO	Akha.HO
3793	-0.2231193292467353	-0.06659745747449429	495393	AKHA59.HO	Akha.HO
3794	-0.23106533559201517	-0.06994706863247242	495581	AKHA60.HO	Akha.HO
3795	0.012560435245743996	-0.04430149452991306	486526	Eritrean_1.HO	Eritrea.HO
3796	0.021192949826548357	-0.040124502142483545	486778	Eritrean_2.HO	Eritrea.HO
3797	0.01565612175838753	-0.04120548381348022	486650	Eritrean_3.HO	Eritrea.HO
3798	0.04845257145770571	-0.03689018713989805	486665	Y006.HO	Yemeni_Highlands.HO
3799	0.048759172336806766	-0.039434580815622136	486397	Y018.HO	Yemeni_Highlands.HO
3800	0.0471631459909526	-0.036856287883513646	486790	Y025.HO	Yemeni_Highlands.HO
3801	0.05036011798150041	-0.03742792714620918	486988	Y031.HO	Yemeni_Highlands.HO
3802	0.0534869114573803	-0.035242381503735404	486952	Y036.HO	Yemeni_Highlands.HO
3803	0.0493366750024656	-0.03341801119622274	486675	Y037.HO	Yemeni_Highlands.HO
3804	0.05442966994829531	-0.03831332195056537	484891	Y038.HO	Yemeni_Highlands.HO
3805	0.048809826382491914	-0.03880834150726737	486946	Y047.HO	Yemeni_Highlands.HO
3806	0.04170559001118564	-0.037335520314182746	486051	Y064.HO	Yemeni_Highlands.HO
3807	0.05037021662864265	-0.03751658927650541	483666	Y070.HO	Yemeni_Highlands.HO
3808	0.05122383443144154	-0.03358195810094306	484331	Y083.HO	Yemeni_Highlands.HO
3809	0.04407717240107345	-0.03540103689768414	486380	Y086.HO	Yemeni_Highlands.HO
3810	0.051227996787987826	-0.03575950953455374	486717	Y089.HO	Yemeni_Highlands.HO
3811	0.04849321375192045	-0.036045927801332416	486754	Y092.HO	Yemeni_Highlands.HO
3812	0.05033968090613799	-0.04004304950367697	485718	Y097.HO	Yemeni_Highlands.HO
3813	0.04862418647503598	-0.03634330045941777	485587	Y100.HO	Yemeni_Highlands.HO
3814	0.040441705564479284	-0.04174242509023873	486170	Y190.HO	Yemeni_Highlands_Raymah.HO
3815	0.04143036887671134	-0.039835207751259996	486383	Y205.HO	Yemeni_Northwest.HO
3816	0.042902432970903535	-0.038284683624460164	486163	Y208.HO	Yemeni_Desert.HO
3817	0.04801585655023736	-0.03693492843854903	486671	Y210.HO	Yemeni_Highlands.HO
3818	0.03916676270645692	-0.040508053442648406	486694	Y211.HO	Yemeni_Desert.HO
3819	0.03450905326423535	-0.04021645558542652	486337	Y216.HO	Yemeni_Highlands.HO
3820	0.050707496081600606	-0.03802461154512069	486982	Y217.HO	Yemeni_Northwest.HO
3821	0.05292907792318993	-0.03503589149138005	486614	Y219.HO	Yemeni_Northwest.HO
3822	0.05081612003894755	-0.03873896430141718	486717	Y221.HO	Yemeni_Northwest.HO
3823	0.049800629394666236	-0.03816455851295511	486147	Y223.HO	Yemeni_Northwest.HO
3824	0.048898128312237346	-0.03959663714595789	486969	Y224.HO	Yemeni_Highlands.HO
3825	0.05380375312344804	-0.033831633961049795	486844	Y225.HO	Yemeni_Northwest.HO
3826	0.04818448338995113	-0.03512700067470638	486638	Y226.HO	Yemeni_Northwest.HO
3827	0.04222534535406103	-0.03614046164206017	479539	Y227.HO	Yemeni_Highlands.HO
3828	0.0521333636433576	-0.03911721605378919	486964	Y232.HO	Yemeni_Highlands.HO
3829	0.046525388224976594	-0.03818599252335147	486817	Y234.HO	Yemeni_Highlands.HO
3830	0.04873168048306417	-0.037946652127636205	486786	Y235.HO	Yemeni_Highlands.HO
3831	0.0500024952926981	-0.036404849013250286	485232	Y236.HO	Yemeni_Northwest.HO
3832	0.04886377911673862	-0.0365993553789939	485954	Y237.HO	Yemeni_Northwest.HO
3833	0.04937344073203539	-0.03641748944144043	485800	Y239.HO	Yemeni_Northwest.HO
3834	0.05315260056058799	-0.03783888210257378	486859	Y241.HO	Yemeni_Northwest.HO
3835	0.023824226199024794	-0.0355549009967243	486907	Y246.HO	Yemeni_Desert2.HO
3836	0.02550076503021746	-0.03726729388616336	486370	Y250.HO	Yemeni_Desert2.HO
3837	0.01923756695253636	-0.04171683716395979	486119	Y252.HO	Yemeni_Desert2.HO
3838	0.05028843740946496	-0.03539278400248358	486877	Y254.HO	Yemeni_Desert.HO
3839	0.031276227493714476	-0.03732937878877667	486802	Y258.HO	Yemeni_Desert2.HO
3840	0.028925264171710836	-0.04166864755597072	486395	Y264.HO	Yemeni_Desert2.HO
3841	0.019998615054070124	-0.04357998704663315	486462	Y276.HO	Yemeni_Desert2.HO
3842	0.018248791004415437	-0.034503612154055716	486655	Y279.HO	Yemeni_Desert2.HO
3843	0.012987839618975877	-0.0403715639219337	486943	Y281.HO	Yemeni_Desert2.HO
3844	0.03110562633498619	-0.04175475376317441	486809	Y283.HO	Yemeni_Desert2.HO
3845	0.0233348473249301	-0.04189690921712033	466080	Y288.HO	Yemeni_Desert2.HO
3846	0.029690211142329753	-0.04174229386891754	485464	Y292.HO	Yemeni_Desert2.HO
3847	0.043418897998008125	-0.03421986863494277	486951	Y299.HO	Yemeni_Desert.HO
3848	0.04783036274058547	-0.03842622336838021	486783	Y301.HO	Yemeni_Desert.HO
3849	0.027672415151962993	-0.03978470765748231	486668	Y303.HO	Yemeni_Desert2.HO
3850	0.0521624332892153	-0.03861023825783181	486539	Y311.HO	Yemeni_Desert.HO
3851	0.04955971765323554	-0.038856660396627406	486795	Y312.HO	Yemeni_Desert.HO
3852	0.05015572854160973	-0.038940077062211774	482965	Y313.HO	Yemeni_Desert.HO
3853	0.04786623993256682	-0.041022136170365	486942	Y325.HO	Yemeni_Desert.HO
3854	0.049635841890416865	-0.04056058459815985	486751	Y326.HO	Yemeni_Desert.HO
3855	0.0504547290031294	-0.04345615423350913	486235	Y330.HO	Yemeni_Desert.HO
3856	0.02426843590171654	-0.04564988997856087	482435	Y333.HO	Yemeni_Desert2.HO
3857	0.04151008309801128	-0.03646234558050663	486882	Y334.HO	Yemeni_Desert.HO
3858	0.016127731583728436	-0.04078817330005208	486816	Y338.HO	Yemeni_Desert2.HO
3859	0.05011410961263491	-0.035756935238989374	486280	Y341.HO	Yemeni_Desert.HO
3860	0.048970656240012025	-0.0393346782925173	486783	Y345.HO	Yemeni_Desert.HO
3861	0.04792017552603259	-0.04316805502571101	486266	Y349.HO	Yemeni_Desert.HO
3862	0.04252279333286643	-0.03991030477367957	486674	Y354.HO	Yemeni_Desert.HO
3863	0.011217685388689311	-0.039350362450388573	486860	Y361.HO	Yemeni_Desert2.HO
3864	0.051823203064742814	-0.03664427056613814	486938	Y382.HO	Yemeni_Highlands.HO
3865	0.04916195147094355	-0.03783775376271342	486651	Y388.HO	Yemeni_Highlands.HO
3866	0.052202313356630343	-0.0338445034281527	486917	Y391.HO	Yemeni_Highlands.HO
3867	0.05002122095226718	-0.036627743259285764	485873	Y392.HO	Yemeni_Highlands.HO
3868	0.046739612626722694	-0.03863446629695515	486575	Y504.HO	Yemeni_Northwest.HO
3869	0.0499782996385194	-0.03685217610063367	486320	Y506.HO	Yemeni_Northwest.HO
3870	0.0522563004961669	-0.03452154642309966	486860	Y517.HO	Yemeni_Northwest.HO
3871	0.047692194860889985	-0.038958788771258065	486811	Y518.HO	Yemeni_Northwest.HO
3872	0.04967824143639758	-0.0345921976181471	486030	Y519.HO	Yemeni_Northwest.HO
3873	0.04504232359566251	-0.036778590169731576	481929	Y520.HO	Yemeni_Northwest.HO
3874	0.05040363911282552	-0.038239341693746376	486743	Y522.HO	Yemeni_Northwest.HO
3875	0.05171803121815569	-0.03766502615976055	486540	Y524.HO	Yemeni_Northwest.HO
3876	0.0472709919698361	-0.036013874026390794	486248	Y528.HO	Yemeni_Northwest.HO
3877	0.04926545728780828	-0.031740928461421083	486951	Y529.HO	Yemeni_Northwest.HO
3878	0.04268628092402657	-0.03861482788899122	484950	Y531.HO	Yemeni_Highlands.HO
3879	0.05468112595212713	-0.03793151023332159	484699	Y532.HO	Yemeni_Northwest.HO
3880	0.048879742465506776	-0.03412487895463633	484242	Y536.HO	Yemeni_Northwest.HO
3881	0.041605240039694735	-0.035070838955695786	486984	Y537.HO	Yemeni_Highlands.HO
3882	0.047997985618517876	-0.03675795484384802	485958	Y540.HO	Yemeni_Northwest.HO
3883	0.04556913079916155	-0.03417301564926664	486888	Y541.HO	Yemeni_Northwest.HO
3884	0.04964763148528923	-0.03783030032421791	487029	Y542.HO	Yemeni_Northwest.HO
3885	0.04922197010585276	-0.03324853834884209	487026	Y544.HO	Yemeni_Northwest.HO
3886	0.04763976558804293	-0.03670917625198634	486452	Y546.HO	Yemeni_Northwest.HO
3887	0.06272997987205242	-0.007407610020104899	482383	ALB126.HO	Spanish.HO
3888	0.06643045276337445	-0.00947638663028738	480191	ALB231.HO	Spanish.HO
3889	0.06343517554042943	-0.007590753451858487	481137	ALB389.HO	Spanish.HO
3890	0.06379417577162046	-0.008120876288057636	476649	ALE005.HO	Spanish.HO
3891	0.06526596286386767	-0.00867338287892614	481509	ALE009.HO	Spanish.HO
3892	0.06449091497409175	-0.008862850206973416	483057	ALE088.HO	Spanish.HO
3893	0.06624450910322806	-0.010324968657259978	482533	ALE339.HO	Spanish.HO
3894	0.06814325983697937	-0.009366706442115673	481892	ARM005.HO	Spanish.HO
3895	0.06495358660519174	-0.007344217386228013	477934	BON076.HO	Spanish.HO
3896	0.0651083177493968	-0.010995827996640074	480610	BOS010.HO	Spanish.HO
3897	0.06530000555446339	-0.003486555264418385	482548	BOS011.HO	Spanish.HO
3898	0.06399074063355684	-0.005581805927512016	482929	BOS015.HO	Spanish.HO
3899	0.06502169422746784	-0.0085035149546967	478449	BOS027.HO	Spanish.HO
3900	0.06666725536383321	-0.007837955333616873	481922	BOS029.HO	Spanish.HO
3901	0.06594015626880567	-0.004025757915339911	483152	CAL026.HO	Spanish.HO
3902	0.06867659724838504	-0.008116653481240847	481538	CAL053.HO	Spanish.HO
3903	0.0708327294996343	-0.006659711309266925	483298	CAL107.HO	Spanish.HO
3904	0.06550354537122023	-0.008633691524316566	483269	CAR007.HO	Spanish.HO
3905	0.06612970797699776	-0.00927145129594922	483321	CAR016.HO	Spanish.HO
3906	0.06376037359082422	-0.008829061063782201	483348	CAR023.HO	Spanish.HO
3907	0.06586561364487642	-0.006736670658534993	483350	CAR048.HO	Spanish.HO
3908	0.06531789882254353	-0.008199075856655571	483291	CAR200.HO	Spanish.HO
3909	0.06593626512423909	-0.009519338755757807	483122	CAR212.HO	Spanish.HO
3910	0.06437805982338593	-0.008066700127364402	483212	CAR256.HO	Spanish.HO
3911	0.06227294671988571	-0.010093854286062976	483241	CAR257.HO	Spanish.HO
3912	0.06481486623176473	-0.008961184375475214	482148	COD068.HO	Spanish.HO
3913	0.069004110598062	-0.005216701173684861	482640	COD147.HO	Spanish.HO
3914	0.06592401544914604	-0.010587841970559678	483225	COM032.HO	Spanish.HO
3915	0.06536531318421217	-0.005979981435581718	483124	DAN072.HO	Spanish.HO
3916	0.06463671879936399	-0.010650359621268174	482796	EST038.HO	Spanish.HO
3917	0.06317757310657818	-0.008791055610039235	483090	EST093.HO	Spanish.HO
3918	0.06623624219450844	-0.009985436009403423	483105	FER007.HO	Spanish.HO
3919	0.06686072202567764	-0.011069290127768963	479692	FER015.HO	Spanish.HO
3920	0.0651505667298612	-0.011609990092284717	472734	FER023.HO	Spanish.HO
3921	0.07177555392811535	-0.0048851185538122035	483114	FER033.HO	Spanish.HO
3922	0.0695119297843077	-0.008819457808475878	473110	FER039.HO	Spanish.HO
3923	0.06629067207440881	-0.008203029840909969	483205	FER052.HO	Spanish.HO
3924	0.062167674192301126	-0.013939431333121814	481880	FER054.HO	Spanish.HO
3925	0.06512549032676848	-0.0120354988302436	482566	FER097.HO	Spanish.HO
3926	0.06422397377515668	-0.005581038878719739	478882	FER101.HO	Spanish.HO
3927	0.0737963136067912	-0.0023683506892240042	481898	FOR066.HO	Spanish.HO
3928	0.06214275110626548	-0.007128279159038368	483094	FOR067.HO	Spanish.HO
3929	0.06708350236543754	-0.00858589971847459	477952	FOR094.HO	Spanish.HO
3930	0.06441607343334405	-0.0060119842878962665	478167	GRA011.HO	Spanish.HO
3931	0.06729017501519106	-0.009390224047520792	482973	GRA016.HO	Spanish.HO
3932	0.06766882737576442	-0.0016724720940162162	481836	GRA020.HO	Spanish.HO
3933	0.06491015213554464	-0.01099678032173495	483146	GRA029.HO	Spanish.HO
3934	0.06566248432247351	-0.005802040226414499	481731	GRA035.HO	Spanish.HO
3935	0.06293659967589778	-0.0068872853705082985	483308	GRA135.HO	Spanish.HO
3936	0.06550369269296258	-0.0037933142189348116	483314	GUL190.HO	Spanish.HO
3937	0.06569130161396748	-0.011253484844376382	483237	GUS007.HO	Spanish.HO
3938	0.06776264846256082	-0.01231210831595503	483411	GUS008.HO	Spanish.HO
3939	0.06153533598905885	-0.008847806057621449	482468	GUS014.HO	Spanish.HO
3940	0.0696665257843981	-0.012258856307391167	483222	GUS029.HO	Spanish.HO
3941	0.06588405068990875	-0.008977683117872186	483265	GUS036.HO	Spanish.HO
3942	0.06554035421771935	-0.0060314318355214344	483313	GUS040.HO	Spanish.HO
3943	0.06421231810531963	-0.009713618427663736	483264	GUS119.HO	Spanish.HO
3944	0.06442644659690962	-0.006238813385149547	480794	GUS199.HO	Spanish.HO
3945	0.06531888505006929	-0.007214538775159932	481580	GUS202.HO	Spanish.HO
3946	0.06490443958246771	-0.007101994413279987	480593	GUS203.HO	Spanish.HO
3947	0.06520488207007274	-0.004613592768421298	472592	MAS003.HO	Spanish.HO
3948	0.06595650703005754	-0.010946070969798334	481167	MAS016.HO	Spanish.HO
3949	0.06638334748227194	-0.012022859795089927	481563	MAS064.HO	Spanish.HO
3950	0.06611495231225137	-0.009740983313874095	482964	MAY035.HO	Spanish.HO
3951	0.06682189196844243	-0.009074518709294469	478423	MEL022.HO	Spanish.HO
3952	0.061966861287430515	-0.0010561479639645958	483331	MIQ133.HO	Spanish.HO
3953	0.06399306825043977	-0.009035683290619555	481334	MOR061.HO	Spanish.HO
3954	0.06599798134410928	-0.007392656452309675	483279	MOR068.HO	Spanish.HO
3955	0.06758915239774138	-0.00457325909054234	483253	MST073.HO	Spanish.HO
3956	0.0641127994866767	-0.004603037370794742	483158	MST075.HO	Spanish.HO
3957	0.06528089352485344	-0.010269254132177597	478538	NAC135.HO	Spanish.HO
3958	0.06468204131217727	-0.006788807194602808	483448	PIT001.HO	Spanish.HO
3959	0.06835386755576581	-0.006833989834697006	482640	PON058.HO	Spanish.HO
3960	0.06791413347894058	-0.009194203647852167	483105	RAG111.HO	Spanish.HO
3961	0.06729112343283804	-0.00722153432982589	481779	REI087.HO	Spanish.HO
3962	0.06748554432143869	-0.011768967211190048	483141	RIC076.HO	Spanish.HO
3963	0.06425140245493197	-0.007581525370282383	482877	RIC106.HO	Spanish.HO
3964	0.0668219649241573	-0.00852145087632654	482033	ROB016.HO	Spanish.HO
3965	0.06648761124672947	-0.00731232911528899	477192	ROB116.HO	Spanish.HO
3966	0.0652210292077921	-0.009085698771970277	482753	ROB127.HO	Spanish.HO
3967	0.06594322947537717	-0.009107147230947292	482069	ROI027.HO	Spanish.HO
3968	0.06605551859963323	-0.005305428768264276	482706	ROI042.HO	Spanish.HO
3969	0.06410527456237777	-0.010005563465521903	480362	ROI096.HO	Spanish.HO
3970	0.06687186578601406	-0.007334593517080073	483244	ROS005.HO	Spanish_Lleida.HO
3971	0.06768363091809097	-0.010002292671272688	482480	ROS008.HO	Spanish.HO
3972	0.06535837537726173	-0.005846135046544026	482525	ROS025.HO	Spanish.HO
3973	0.06632764439233287	-0.010164990579033603	478418	SAB009.HO	Spanish.HO
3974	0.06315731597577544	-0.007962396475478695	482554	SAB014.HO	Spanish.HO
3975	0.06360487165367196	-0.00898094432658352	483257	SAB019.HO	Spanish.HO
3976	0.06487829229498877	-0.006009840000888353	482875	SAB131.HO	Spanish.HO
3977	0.06252591666436068	-0.005440944954692965	481423	SAB137.HO	Spanish.HO
3978	0.06568362265270888	-0.005716954952922506	478383	SER011.HO	Spanish.HO
3979	0.07029419172082733	-0.0070019338035962105	480929	SER015.HO	Spanish.HO
3980	0.063655923791656	-0.00233586675997318	479023	SER018.HO	Spanish.HO
3981	0.06187395178785916	-0.006954104149507377	480422	SER022.HO	Spanish.HO
3982	0.06627337003919426	-0.0030705991562924944	483327	SER027.HO	Spanish.HO
3983	0.06477552635837222	-0.007546295224986327	481165	SER064.HO	Spanish.HO
3984	0.06966941168509225	-0.009633374244160671	483333	SLA017.HO	Spanish.HO
3985	0.06722064121676652	-0.008587767928042039	479125	SLM078.HO	Spanish.HO
3986	0.06977216411836853	-0.009509238148070724	482041	SOL051.HO	Spanish.HO
3987	0.0662276663988136	-0.0058573915118388	483243	SOL053.HO	Spanish.HO
3988	0.06669959292933543	-0.004695170446868366	482758	SOL083.HO	Spanish.HO
3989	0.06546267508734317	-0.009806428383373299	477320	SOL084.HO	Spanish.HO
3990	0.0701965252802867	-0.006452726061312742	483113	STC091.HO	Spanish.HO
3991	0.06321061458772026	-0.0057002439014297406	482306	VID003.HO	Spanish.HO
3992	0.06667697674796566	-0.006073968872917105	479954	VID014.HO	Spanish.HO
3993	0.06510342854033427	-0.005028163922163415	483317	VID016.HO	Spanish.HO
3994	0.06904353550709558	-0.00874665622108113	483158	VID037.HO	Spanish.HO
3995	0.06737934875261997	-0.006221739900558526	482587	VID044.HO	Spanish.HO
3996	0.06466499833543302	-0.005736982420994237	480046	VID048.HO	Spanish.HO
3997	0.06795607867142406	-0.007978105469269137	483170	VID057.HO	Spanish.HO
3998	0.06642148133754189	-0.008901978394770119	477339	EIV009_2.HO	Spanish.HO
3999	0.06485921099672835	-0.006801991415963995	481001	EIV010_2.HO	Spanish.HO
4000	0.06495660349280324	-0.003995781713194458	481522	EIV011_2.HO	Spanish.HO
4001	0.06912733151377379	-0.01327709150400761	483249	EIV001_2.HO	Spanish.HO
4002	0.06635167888592046	-0.00994605359691225	483162	EIV004_2.HO	Spanish.HO
4003	0.0663744877393908	-0.012015768442172099	482551	EIV012_2.HO	Spanish.HO
4004	0.06527568849412219	-0.00790208074490235	482177	EIV013_2.HO	Spanish.HO
4005	0.06859371014912082	-0.0095884536985268	482833	EIV014_2.HO	Spanish.HO
4006	0.06740314220339969	-0.009107690960305217	482607	EIV015_2.HO	Spanish.HO
